Using argv boot path
INFO: Initializing raylib 5.5
INFO: Platform backend: DESKTOP (GLFW)
INFO: Supported raylib modules:
INFO:     > rcore:..... loaded (mandatory)
INFO:     > rlgl:...... loaded (mandatory)
INFO:     > rshapes:... loaded (optional)
INFO:     > rtextures:. loaded (optional)
INFO:     > rtext:..... loaded (optional)
INFO:     > rmodels:... loaded (optional)
INFO:     > raudio:.... loaded (optional)
INFO: DISPLAY: Device initialized successfully
INFO:     > Display size: 1024 x 768
INFO:     > Screen size:  640 x 448
INFO:     > Render size:  640 x 448
INFO:     > Viewport offsets: 0, 0
INFO: GLAD: OpenGL extensions loaded successfully
INFO: GL: Supported extensions count: 229
INFO: GL: OpenGL device information:
INFO:     > Vendor:   Mesa
INFO:     > Renderer: llvmpipe (LLVM 20.1.2, 256 bits)
INFO:     > Version:  4.5 (Core Profile) Mesa 25.2.8-0ubuntu0.24.04.2
INFO:     > GLSL:     4.50
INFO: GL: VAO extension detected, VAO functions loaded successfully
INFO: GL: NPOT textures extension detected, full NPOT textures supported
INFO: GL: DXT compressed textures supported
INFO: GL: ETC2/EAC compressed textures supported
INFO: PLATFORM: DESKTOP (GLFW - X11): Initialized successfully
INFO: TEXTURE: [ID 1] Texture loaded successfully (1x1 | R8G8B8A8 | 1 mipmaps)
INFO: TEXTURE: [ID 1] Default texture loaded successfully
INFO: SHADER: [ID 1] Vertex shader compiled successfully
INFO: SHADER: [ID 2] Fragment shader compiled successfully
INFO: SHADER: [ID 3] Program shader loaded successfully
INFO: SHADER: [ID 3] Default shader loaded successfully
INFO: RLGL: Render batch vertex buffers loaded successfully in RAM (CPU)
INFO: RLGL: Render batch vertex buffers loaded successfully in VRAM (GPU)
INFO: RLGL: Default OpenGL state initialized successfully
INFO: TEXTURE: [ID 2] Texture loaded successfully (128x128 | GRAY_ALPHA | 1 mipmaps)
INFO: FONT: Default font loaded successfully (224 glyphs)
INFO: SYSTEM: Working Directory: /workspace/scratch/650802733e96/Recomp-Domination/analysis/local/vu-history-native-probe/run-001
socket(): Operation not permitted
socket(): Operation not permitted
ALSA lib confmisc.c:855:(parse_card) cannot find card '0'
ALSA lib conf.c:5208:(_snd_config_evaluate) function snd_func_card_inum returned error: No such file or directory
ALSA lib confmisc.c:422:(snd_func_concat) error evaluating strings
ALSA lib conf.c:5208:(_snd_config_evaluate) function snd_func_concat returned error: No such file or directory
ALSA lib confmisc.c:1342:(snd_func_refer) error evaluating name
ALSA lib conf.c:5208:(_snd_config_evaluate) function snd_func_refer returned error: No such file or directory
ALSA lib conf.c:5731:(snd_config_expand) Evaluate error: No such file or directory
ALSA lib pcm.c:2721:(snd_pcm_open_noupdate) Unknown PCM default
ALSA lib confmisc.c:855:(parse_card) cannot find card '0'
ALSA lib conf.c:5208:(_snd_config_evaluate) function snd_func_card_id returned error: No such file or directory
ALSA lib confmisc.c:422:(snd_func_concat) error evaluating strings
ALSA lib conf.c:5208:(_snd_config_evaluate) function snd_func_concat returned error: No such file or directory
ALSA lib confmisc.c:1342:(snd_func_refer) error evaluating name
ALSA lib conf.c:5208:(_snd_config_evaluate) function snd_func_refer returned error: No such file or directory
ALSA lib conf.c:5731:(snd_config_expand) Evaluate error: No such file or directory
ALSA lib pcm.c:2721:(snd_pcm_open_noupdate) Unknown PCM dmix
ALSA lib confmisc.c:855:(parse_card) cannot find card '0'
ALSA lib conf.c:5208:(_snd_config_evaluate) function snd_func_card_id returned error: No such file or directory
ALSA lib confmisc.c:422:(snd_func_concat) error evaluating strings
ALSA lib conf.c:5208:(_snd_config_evaluate) function snd_func_concat returned error: No such file or directory
ALSA lib confmisc.c:1342:(snd_func_refer) error evaluating name
ALSA lib conf.c:5208:(_snd_config_evaluate) function snd_func_refer returned error: No such file or directory
ALSA lib conf.c:5731:(snd_config_expand) Evaluate error: No such file or directory
ALSA lib pcm.c:2721:(snd_pcm_open_noupdate) Unknown PCM dmix:0
ALSA lib confmisc.c:855:(parse_card) cannot find card '0'
ALSA lib conf.c:5208:(_snd_config_evaluate) function snd_func_card_id returned error: No such file or directory
ALSA lib confmisc.c:422:(snd_func_concat) error evaluating strings
ALSA lib conf.c:5208:(_snd_config_evaluate) function snd_func_concat returned error: No such file or directory
ALSA lib confmisc.c:1342:(snd_func_refer) error evaluating name
ALSA lib conf.c:5208:(_snd_config_evaluate) function snd_func_refer returned error: No such file or directory
ALSA lib conf.c:5731:(snd_config_expand) Evaluate error: No such file or directory
ALSA lib pcm.c:2721:(snd_pcm_open_noupdate) Unknown PCM dmix:0,0
ALSA lib confmisc.c:165:(snd_config_get_card) Cannot get card index for 0
ALSA lib confmisc.c:165:(snd_config_get_card) Cannot get card index for 0
ALSA lib confmisc.c:165:(snd_config_get_card) Cannot get card index for 0
WARNING: AUDIO: Failed to initialize playback device
INFO: TIMER: Target time per frame: 16.667 milliseconds
Loading segment: 0x10a000 - 0x8a0400 (filesz: 0x193cf0, memsz: 0x796400)
Registered code region: 10a000 - 29dcf0[game_overrides] applying 'downhill-domination-ntscu-final'[downhill] configured CD root: /workspace/scratch/650802733e96/disc
[downhill] configured CD image: /workspace/scratch/650802733e96/probe.iso
[downhill] experimental idle VSync waits enabled
[downhill] experimental resource CD read yield enabled
[game_overrides] applied 1 matching override(s).ELF file loaded successfully. Entry point: 0x10a008Starting execution at address 0x10a008INFO: TEXTURE: [ID 3] Texture loaded successfully (640x512 | R8G8B8A8 | 1 mipmaps)
[guest-branch:missing-target] kind=Return op=JR $ra source=0x25ef70 target=0x0 pc=0x0 ra=0x0 sp=0x1fffff0 gp=0x2a40f0 a0=0x8001218c a1=0x80080000 a2=0x25ef38 a3=0x29e580 s0=0x282218 s1=0x0 v0=0x8001218c v1=0x83 a0Readable=no a0[0]=0x0 a0[4]=0x0 a0[8]=0x0 a0[c]=0x0 s0Readable=yes s0[0]=0x83 s0[4]=0x25ef38 s0[8]=0x5a s0[c]=0x25ef00 recordReadable=yes record[0]=0x8c820000 record[4]=0x1046000b record[8]=0x85102b record[c]=0x5040000a vtableReadable=no vtbl[0]=0x0 vtbl[4]=0x0 vtbl[8]=0x0 vtbl[c]=0x0 codeRegion=no policy=1 trace=0x10a008 -> 0x10a12c -> 0x10a12c -> 0x10a12c -> 0x10a12c -> 0x25f0a0 -> 0x25eeb8 -> 0x25a6e0 -> 0x25a6e0 -> 0x25ef90 -> 0x25f090 -> 0x25f090 -> 0x25ef78 -> 0x25ef38
[SifInitRpc] Initialized[ps2xIOP] [IOP] loaded IRX id=1 entry=0x10634 base=0x10000 start=0
[SIF module] load-emulated id=1 ref=1 path="cdrom0:\MOD\SIO2MAN.IRX;1"
[ps2xIOP] [IOP] loaded IRX id=2 entry=0x11918 base=0x11000 start=0
[SIF module] load-emulated id=2 ref=1 path="cdrom0:\MOD\MTAPMAN.IRX;1"
[ps2xIOP] [IOP] loaded IRX id=3 entry=0x13178 base=0x13000 start=2
[SIF module] load-emulated id=3 ref=1 path="cdrom0:\MOD\MCMAN.IRX;1"
[ps2xIOP] [IOP] loaded IRX id=4 entry=0x3a358 base=0x3a300 start=2
[SIF module] load-emulated id=4 ref=1 path="cdrom0:\MOD\MCSERV.IRX;1"
[ps2xIOP] [IOP] loaded IRX id=5 entry=0x40c78 base=0x3db00 start=0
[SIF module] load-emulated id=5 ref=1 path="cdrom0:\MOD\PADMAN.IRX;1"
[ps2xIOP] [IOP] loaded IRX id=6 entry=0x475b0 base=0x47500 start=0
[SIF module] load-emulated id=6 ref=1 path="cdrom0:\MOD\LIBSD.IRX;1"
[ps2xIOP] [IOP] loaded IRX id=7 entry=0x4e5b8 base=0x4cf00 start=2
[SIF module] load-emulated id=7 ref=1 path="cdrom0:\MOD\CDVDSTM.IRX;1"
[ps2xIOP] [IOP printf] 

[ps2xIOP] [IOP printf] ==========================================================

[ps2xIOP] [IOP printf]  989snd (c)2000, 2001 Sony Computer Entertainment America

[ps2xIOP] [IOP printf]  by Buzz Burrowes                               v%d.%d.%d

[ps2xIOP] [IOP printf]                         (built %s at %s)

[ps2xIOP] [IOP printf]  (build with sce library rev %d.%d.%d)

[ps2xIOP] [IOP printf] ==========================================================

[ps2xIOP] [IOP printf]     Thread Priorities:

[ps2xIOP] [IOP printf]                          Sound Tick = %d

[ps2xIOP] [IOP printf]                            Main RPC = %d

[ps2xIOP] [IOP printf]                         Loading RPC = %d

[ps2xIOP] [IOP printf]                           Streaming = %d, %d, %d, %d

[ps2xIOP] [IOP printf]    Memory Locations...

[ps2xIOP] [IOP printf]        Voice Allocator Owner  : 0x%8.8x

[ps2xIOP] [IOP printf]        Master Tick Owner List : 0x%8.8x

[ps2xIOP] [IOP printf] ==========================================================

[ps2xIOP] [IOP printf] 

[ps2xIOP] [IOP] loaded IRX id=8 entry=0x522f0 base=0x50900 start=0
[SIF module] load-emulated id=8 ref=1 path="cdrom0:\MOD\989SND.IRX;1"
[ps2xIOP] [IOP] loaded IRX id=9 entry=0x78800 base=0x78800 start=0
[SIF module] load-emulated id=9 ref=1 path="cdrom0:\MOD\989ERR.IRX;1"
[sceCdSearchFile] pc=0x2472c8 ra=0x2472c8 file=0x93c8f0 pathAddr=0x93c920 path="\SKAT\DHSKAT.SKX;1"
[sceCdSearchFile:ok] path="\SKAT\DHSKAT.SKX;1" lsn=0xe66d1 size=0x60988d0 sectors=0xc132
[MC] GetInfo port=0 type=2 free=8192 format=1 result=0[MC] Sync cmd=1 result=0[MC] GetInfo port=0 type=2 free=8192 format=1 result=0[MC] Sync cmd=1 result=0[MC] GetInfo port=0 type=2 free=8192 format=1 result=0[MC] Sync cmd=1 result=0[MC] GetDir port=0 '*' maxent=100 -> result=2[MC] Sync cmd=13 result=2[MC] GetInfo port=0 type=2 free=8192 format=1 result=0[MC] Sync cmd=1 result=0[MC] GetDir port=0 '*' maxent=100 -> result=2[MC] Sync cmd=13 result=2[MC] GetInfo port=0 type=2 free=8192 format=1 result=0[MC] Sync cmd=1 result=0[MC] GetInfo port=0 type=2 free=8192 format=1 result=0[MC] Sync cmd=1 result=0[MC] GetDir port=0 '*' maxent=100 -> result=2[MC] Sync cmd=13 result=2[MC] GetInfo port=0 type=2 free=8192 format=1 result=0[MC] Sync cmd=1 result=0[sceCdStStart] lbn=0xc3db8 endLbn=0xffffffff rate=2700 sectors/s buffer=80 sectors bank=16 sectors
[sceCdStRead] requested=32 accumulated=32 chunk=32 buffered=0 lbn=0xc3db8 end=0xffffffff
[sceCdStRead] requested=32 accumulated=32 chunk=32 buffered=16 lbn=0xc3dd8 end=0xffffffff
[sceCdStRead] requested=32 accumulated=32 chunk=32 buffered=32 lbn=0xc3df8 end=0xffffffff
[sceCdStRead] requested=32 accumulated=32 chunk=32 buffered=48 lbn=0xc3e18 end=0xffffffff
[sceCdStRead] requested=32 accumulated=32 chunk=32 buffered=48 lbn=0xc3e38 end=0xffffffff
[sceCdStRead] requested=32 accumulated=32 chunk=32 buffered=48 lbn=0xc3e58 end=0xffffffff
[sceCdStRead] requested=32 accumulated=32 chunk=32 buffered=48 lbn=0xc3e78 end=0xffffffff
[sceCdStRead] requested=32 accumulated=32 chunk=32 buffered=48 lbn=0xc3e98 end=0xffffffff
[sceCdStRead] requested=32 accumulated=32 chunk=32 buffered=48 lbn=0xc3eb8 end=0xffffffff
[sceCdStRead] requested=32 accumulated=32 chunk=32 buffered=48 lbn=0xc3ed8 end=0xffffffff
[sceCdStRead] requested=32 accumulated=32 chunk=32 buffered=48 lbn=0xc3ef8 end=0xffffffff
[sceCdStRead] requested=32 accumulated=32 chunk=32 buffered=48 lbn=0xc3f18 end=0xffffffff
[sceCdStRead] requested=32 accumulated=32 chunk=32 buffered=48 lbn=0xc3f38 end=0xffffffff
[sceCdStRead] requested=32 accumulated=32 chunk=32 buffered=48 lbn=0xc3f58 end=0xffffffff
[sceCdStRead] requested=32 accumulated=32 chunk=32 buffered=48 lbn=0xc3f78 end=0xffffffff
[sceCdStRead] requested=32 accumulated=32 chunk=32 buffered=48 lbn=0xc3f98 end=0xffffffff
[intro-skip] guest Start injected during decoded movie
[intro-skip] guest Start injected during decoded movie
[intro-skip] guest Start injected during decoded movie
[intro-skip] guest Start injected during decoded movie
[performance] host_tick=120 host_hz=57.8081 ee_clock_ratio=0.995845 ee_cycle=609644532
[boot-snapshot] host_tick=120 running=0 thread=1:pc=0x238c50:ra=0x238c50:priority=0:status=2:wait=4:wait_id=0 thread=2:pc=0x2243c0:ra=0x0:priority=1:status=2:wait=4:wait_id=0 thread=3:pc=0x224058:ra=0x23c4e0:priority=1:status=2:wait=4:wait_id=0
[intro-skip] guest Start injected during decoded movie
[intro-skip] guest Start injected during decoded movie
[intro-skip] guest Start injected during decoded movie
[intro-skip] guest Start injected during decoded movie
[intro-skip] guest Start injected during decoded movie
[intro-skip] guest Start injected during decoded movie
[intro-skip] guest Start injected during decoded movie
[intro-skip] guest Start injected during decoded movie
[gs:pipeline] host_tick=132 dma=423 gif=312 vif=6 display_fbp=280 source_fbp=280 width=640 height=368 preferred=0 ctx0_fbp=70 ctx1_fbp=70 transfer_total=0 transfer_copied=256
[gs:draw] sequence=141370 prim=6 texture=0 fbp=70 fbw=10 psm=1 tbp=0 vertices=2 x_min=1728 x_max=2368 y_min=1936 y_max=2160 alpha_min=0 alpha_max=0 scissor=0,639,0,223
[gs:draw] sequence=141352 prim=6 texture=0 fbp=70 fbw=10 psm=1 tbp=0 vertices=2 x_min=1728 x_max=2368 y_min=1936 y_max=2160 alpha_min=0 alpha_max=0 scissor=0,639,0,223
[sceCdStRead] requested=32 accumulated=32 chunk=32 buffered=48 lbn=0xc3fb8 end=0xffffffff
[sceCdStRead] requested=32 accumulated=32 chunk=32 buffered=48 lbn=0xc3fd8 end=0xffffffff
[sceCdStRead] requested=32 accumulated=32 chunk=32 buffered=48 lbn=0xc3ff8 end=0xffffffff
[sceCdStRead] requested=32 accumulated=32 chunk=32 buffered=48 lbn=0xc4018 end=0xffffffff
[sceCdStRead] requested=32 accumulated=32 chunk=32 buffered=48 lbn=0xc4038 end=0xffffffff
[sceCdStRead] requested=32 accumulated=32 chunk=32 buffered=48 lbn=0xc4058 end=0xffffffff
[sceCdStRead] requested=32 accumulated=32 chunk=32 buffered=48 lbn=0xc4078 end=0xffffffff
[sceCdStRead] requested=32 accumulated=32 chunk=32 buffered=48 lbn=0xc4098 end=0xffffffff
[sceCdStRead] requested=32 accumulated=32 chunk=32 buffered=48 lbn=0xc40b8 end=0xffffffff
[sceCdStRead] requested=32 accumulated=32 chunk=32 buffered=48 lbn=0xc40d8 end=0xffffffff
[sceCdStRead] requested=32 accumulated=32 chunk=32 buffered=48 lbn=0xc40f8 end=0xffffffff
[sceCdStRead] requested=32 accumulated=32 chunk=32 buffered=48 lbn=0xc4118 end=0xffffffff
[sceCdStRead] requested=32 accumulated=32 chunk=32 buffered=48 lbn=0xc4138 end=0xffffffff
[sceCdStRead] requested=32 accumulated=32 chunk=32 buffered=48 lbn=0xc4158 end=0xffffffff
[sceCdStRead] requested=32 accumulated=32 chunk=32 buffered=48 lbn=0xc4178 end=0xffffffff
[sceCdStRead] requested=32 accumulated=32 chunk=32 buffered=48 lbn=0xc4198 end=0xffffffff
[performance] host_tick=240 host_hz=59.9068 ee_clock_ratio=0.998466 ee_cycle=1199480412
[boot-snapshot] host_tick=240 running=0 thread=1:pc=0x238c50:ra=0x238c50:priority=0:status=2:wait=4:wait_id=0 thread=2:pc=0x2243c0:ra=0x0:priority=1:status=2:wait=4:wait_id=0 thread=3:pc=0x224058:ra=0x23c4e0:priority=1:status=2:wait=4:wait_id=0
[gs:pipeline] host_tick=252 dma=783 gif=672 vif=6 display_fbp=280 source_fbp=280 width=640 height=368 preferred=0 ctx0_fbp=70 ctx1_fbp=70 transfer_total=0 transfer_copied=256
[gs:draw] sequence=419710 prim=6 texture=0 fbp=70 fbw=10 psm=1 tbp=0 vertices=2 x_min=1728 x_max=2368 y_min=1936 y_max=2160 alpha_min=0 alpha_max=0 scissor=0,639,0,223
[gs:draw] sequence=419692 prim=6 texture=0 fbp=70 fbw=10 psm=1 tbp=0 vertices=2 x_min=1728 x_max=2368 y_min=1936 y_max=2160 alpha_min=0 alpha_max=0 scissor=0,639,0,223
[sceCdStStart] lbn=0xc2b3e endLbn=0xffffffff rate=2700 sectors/s buffer=80 sectors bank=16 sectors
[sceCdStRead] requested=32 accumulated=32 chunk=32 buffered=0 lbn=0xc2b3e end=0xffffffff
[sceCdStRead] requested=32 accumulated=32 chunk=32 buffered=16 lbn=0xc2b5e end=0xffffffff
[sceCdStRead] requested=32 accumulated=32 chunk=32 buffered=32 lbn=0xc2b7e end=0xffffffff
[sceCdStRead] requested=32 accumulated=32 chunk=32 buffered=48 lbn=0xc2b9e end=0xffffffff
[sceCdStRead] requested=32 accumulated=32 chunk=32 buffered=48 lbn=0xc2bbe end=0xffffffff
[sceCdStRead] requested=32 accumulated=32 chunk=32 buffered=48 lbn=0xc2bde end=0xffffffff
[sceCdStRead] requested=32 accumulated=32 chunk=32 buffered=48 lbn=0xc2bfe end=0xffffffff
[sceCdStRead] requested=32 accumulated=32 chunk=32 buffered=48 lbn=0xc2c1e end=0xffffffff
[sceCdStRead] requested=32 accumulated=32 chunk=32 buffered=48 lbn=0xc2c3e end=0xffffffff
[sceCdStRead] requested=32 accumulated=32 chunk=32 buffered=48 lbn=0xc2c5e end=0xffffffff
[sceCdStRead] requested=32 accumulated=32 chunk=32 buffered=48 lbn=0xc2c7e end=0xffffffff
[sceCdStRead] requested=32 accumulated=32 chunk=32 buffered=48 lbn=0xc2c9e end=0xffffffff
[sceCdStRead] requested=32 accumulated=32 chunk=32 buffered=48 lbn=0xc2cbe end=0xffffffff
[sceCdStRead] requested=32 accumulated=32 chunk=32 buffered=48 lbn=0xc2cde end=0xffffffff
[sceCdStRead] requested=32 accumulated=32 chunk=32 buffered=48 lbn=0xc2cfe end=0xffffffff
[sceCdStRead] requested=32 accumulated=32 chunk=32 buffered=48 lbn=0xc2d1e end=0xffffffff
[performance] host_tick=360 host_hz=59.4781 ee_clock_ratio=0.999583 ee_cycle=1794231591
[boot-snapshot] host_tick=360 running=0 thread=1:pc=0x238c50:ra=0x238c50:priority=0:status=2:wait=4:wait_id=0 thread=4:pc=0x2243c0:ra=0x0:priority=1:status=2:wait=4:wait_id=0 thread=5:pc=0x224058:ra=0x23c4e0:priority=1:status=2:wait=4:wait_id=0
[sceCdStRead] requested=32 accumulated=32 chunk=32 buffered=48 lbn=0xc2d3e end=0xffffffff
[sceCdStRead] requested=32 accumulated=32 chunk=32 buffered=48 lbn=0xc2d5e end=0xffffffff
[gs:pipeline] host_tick=375 dma=1130 gif=1019 vif=6 display_fbp=280 source_fbp=280 width=640 height=368 preferred=0 ctx0_fbp=70 ctx1_fbp=70 transfer_total=0 transfer_copied=256
[gs:draw] sequence=675008 prim=6 texture=0 fbp=70 fbw=10 psm=1 tbp=0 vertices=2 x_min=1728 x_max=2368 y_min=1936 y_max=2160 alpha_min=0 alpha_max=0 scissor=0,639,0,223
[sceCdStRead] requested=32 accumulated=32 chunk=32 buffered=48 lbn=0xc2d7e end=0xffffffff
[sceCdStRead] requested=32 accumulated=32 chunk=32 buffered=48 lbn=0xc2d9e end=0xffffffff
[sceCdStRead] requested=32 accumulated=32 chunk=32 buffered=48 lbn=0xc2dbe end=0xffffffff
[sceCdStRead] requested=32 accumulated=32 chunk=32 buffered=48 lbn=0xc2dde end=0xffffffff
[sceCdStRead] requested=32 accumulated=32 chunk=32 buffered=48 lbn=0xc2dfe end=0xffffffff
[sceCdStRead] requested=32 accumulated=32 chunk=32 buffered=48 lbn=0xc2e1e end=0xffffffff
[sceCdStRead] requested=32 accumulated=32 chunk=32 buffered=48 lbn=0xc2e3e end=0xffffffff
[sceCdStRead] requested=32 accumulated=32 chunk=32 buffered=48 lbn=0xc2e5e end=0xffffffff
[sceCdStRead] requested=32 accumulated=32 chunk=32 buffered=48 lbn=0xc2e7e end=0xffffffff
[sceCdStRead] requested=32 accumulated=32 chunk=32 buffered=48 lbn=0xc2e9e end=0xffffffff
[sceCdStRead] requested=32 accumulated=32 chunk=32 buffered=48 lbn=0xc2ebe end=0xffffffff
[sceCdStRead] requested=32 accumulated=32 chunk=32 buffered=48 lbn=0xc2ede end=0xffffffff
[sceCdStRead] requested=32 accumulated=32 chunk=32 buffered=48 lbn=0xc2efe end=0xffffffff
[sceCdStRead] requested=32 accumulated=32 chunk=32 buffered=48 lbn=0xc2f1e end=0xffffffff
[performance] host_tick=480 host_hz=59.4149 ee_clock_ratio=0.99852 ee_cycle=2388982770
[boot-snapshot] host_tick=480 running=0 thread=1:pc=0x238c50:ra=0x238c50:priority=0:status=2:wait=4:wait_id=0 thread=4:pc=0x2243c0:ra=0x0:priority=1:status=2:wait=4:wait_id=0 thread=5:pc=0x224058:ra=0x23c4e0:priority=1:status=2:wait=4:wait_id=0
[gs:pipeline] host_tick=496 dma=1496 gif=1385 vif=6 display_fbp=280 source_fbp=280 width=640 height=368 preferred=0 ctx0_fbp=70 ctx1_fbp=70 transfer_total=0 transfer_copied=256
[gs:draw] sequence=957986 prim=6 texture=0 fbp=70 fbw=10 psm=1 tbp=0 vertices=2 x_min=1728 x_max=2368 y_min=1936 y_max=2160 alpha_min=0 alpha_max=0 scissor=0,639,0,223
[performance] host_tick=600 host_hz=59.8526 ee_clock_ratio=1.00563 ee_cycle=2983586493
[boot-snapshot] host_tick=600 running=0 thread=1:pc=0x238c50:ra=0x238c50:priority=0:status=1:wait=0:wait_id=0 thread=4:pc=0x2243c0:ra=0x0:priority=1:status=1:wait=0:wait_id=0 thread=5:pc=0x224058:ra=0x23c4e0:priority=1:status=1:wait=0:wait_id=0
[gs:pipeline] host_tick=617 dma=1855 gif=1744 vif=6 display_fbp=280 source_fbp=280 width=640 height=368 preferred=0 ctx0_fbp=70 ctx1_fbp=70 transfer_total=0 transfer_copied=256
[sceCdStStart] lbn=0xc34af endLbn=0xffffffff rate=2700 sectors/s buffer=80 sectors bank=16 sectors
[sceCdStRead] requested=32 accumulated=32 chunk=32 buffered=0 lbn=0xc34af end=0xffffffff
[sceCdStRead] requested=32 accumulated=32 chunk=32 buffered=16 lbn=0xc34cf end=0xffffffff
[sceCdStRead] requested=32 accumulated=32 chunk=32 buffered=48 lbn=0xc34ef end=0xffffffff
[sceCdStRead] requested=32 accumulated=32 chunk=32 buffered=48 lbn=0xc350f end=0xffffffff
[sceCdStRead] requested=32 accumulated=32 chunk=32 buffered=48 lbn=0xc352f end=0xffffffff
[sceCdStRead] requested=32 accumulated=32 chunk=32 buffered=48 lbn=0xc354f end=0xffffffff
[sceCdStRead] requested=32 accumulated=32 chunk=32 buffered=48 lbn=0xc356f end=0xffffffff
[sceCdStRead] requested=32 accumulated=32 chunk=32 buffered=48 lbn=0xc358f end=0xffffffff
[sceCdStRead] requested=32 accumulated=32 chunk=32 buffered=48 lbn=0xc35af end=0xffffffff
[sceCdStStart] lbn=0x34bcc endLbn=0xffffffff rate=2700 sectors/s buffer=80 sectors bank=16 sectors
[sceCdStRead] requested=32 accumulated=32 chunk=32 buffered=0 lbn=0x34bcc end=0xffffffff
[sceCdStRead] requested=32 accumulated=32 chunk=32 buffered=16 lbn=0x34bec end=0xffffffff
[sceCdStRead] requested=32 accumulated=32 chunk=32 buffered=32 lbn=0x34c0c end=0xffffffff
[sceCdStRead] requested=32 accumulated=32 chunk=32 buffered=48 lbn=0x34c2c end=0xffffffff
[sceCdStRead] requested=32 accumulated=32 chunk=32 buffered=48 lbn=0x34c4c end=0xffffffff
[sceCdStRead] requested=32 accumulated=32 chunk=32 buffered=48 lbn=0x34c6c end=0xffffffff
[sceCdStRead] requested=32 accumulated=32 chunk=32 buffered=48 lbn=0x34c8c end=0xffffffff
[sceCdStRead] requested=32 accumulated=32 chunk=32 buffered=48 lbn=0x34cac end=0xffffffff
[sceCdStRead] requested=32 accumulated=32 chunk=32 buffered=48 lbn=0x34ccc end=0xffffffff
[sceCdStRead] requested=32 accumulated=32 chunk=32 buffered=48 lbn=0x34cec end=0xffffffff
[sceCdStRead] requested=32 accumulated=32 chunk=32 buffered=48 lbn=0x34d0c end=0xffffffff
[ps2xIOP] [IOP printf] snd_LockVoiceAllocator: WaitSema returned something other then KE_OK -> %d

[downhill:cd-read-yield] return=0x23147c
[downhill:release-wait] target=10 status_before=2 result=0 return=0x23149c
[downhill:cd-read-yield] return=0x23147c
[performance] host_tick=720 host_hz=59.9754 ee_clock_ratio=0.995721 ee_cycle=3571127330
[boot-snapshot] host_tick=720 running=10 thread=1:pc=0x23147c:ra=0x23147c:priority=0:status=2:wait=4:wait_id=0 thread=10:pc=0x25a708:ra=0x254fdc:priority=2:status=0:wait=0:wait_id=0
[downhill:cd-read-yield] return=0x23147c
[downhill:cd-read-yield] return=0x23147c
[downhill:cd-read-yield] return=0x23147c
[downhill:cd-read-yield] return=0x23147c
[downhill:cd-read-yield] return=0x23147c
[downhill:cd-read-yield] return=0x23147c
[downhill:cd-read-yield] return=0x23147c
[downhill:cd-read-yield] return=0x23147c
[downhill:cd-read-yield] return=0x23147c
[gs:pipeline] host_tick=738 dma=2130 gif=1976 vif=8 display_fbp=112 source_fbp=112 width=512 height=224 preferred=0 ctx0_fbp=56 ctx1_fbp=56 transfer_total=0 transfer_copied=16
[gs:draw] sequence=1414142 prim=4 texture=0 fbp=56 fbw=8 psm=1 tbp=0 vertices=3 x_min=2265.31 x_max=2265.94 y_min=2135 y_max=2138.5 alpha_min=0 alpha_max=128 scissor=0,511,0,223
[gs:draw] sequence=1414141 prim=4 texture=0 fbp=56 fbw=8 psm=1 tbp=0 vertices=3 x_min=2174.38 x_max=2189.62 y_min=2120.88 y_max=2130.25 alpha_min=128 alpha_max=128 scissor=0,511,0,223
[gs:draw] sequence=1414140 prim=4 texture=0 fbp=56 fbw=8 psm=1 tbp=0 vertices=3 x_min=2189.62 x_max=2197.62 y_min=2120.88 y_max=2125.62 alpha_min=128 alpha_max=128 scissor=0,511,0,223
[gs:draw] sequence=1414139 prim=4 texture=0 fbp=56 fbw=8 psm=1 tbp=0 vertices=3 x_min=2189.62 x_max=2197.62 y_min=2120.88 y_max=2125.62 alpha_min=128 alpha_max=128 scissor=0,511,0,223
[gs:draw] sequence=1414138 prim=4 texture=0 fbp=56 fbw=8 psm=1 tbp=0 vertices=3 x_min=2252.12 x_max=2265.69 y_min=2138.5 y_max=2139.5 alpha_min=0 alpha_max=128 scissor=0,511,0,223
[gs:draw] sequence=1414137 prim=4 texture=0 fbp=56 fbw=8 psm=1 tbp=0 vertices=3 x_min=2265.31 x_max=2265.94 y_min=2135 y_max=2139.5 alpha_min=0 alpha_max=128 scissor=0,511,0,223
[gs:draw] sequence=1414136 prim=4 texture=0 fbp=56 fbw=8 psm=1 tbp=0 vertices=3 x_min=2265.69 x_max=2266.75 y_min=2134.75 y_max=2139.5 alpha_min=128 alpha_max=128 scissor=0,511,0,223
[gs:draw] sequence=1414135 prim=4 texture=0 fbp=56 fbw=8 psm=1 tbp=0 vertices=3 x_min=2190.06 x_max=2197.94 y_min=2129.5 y_max=2133.62 alpha_min=0 alpha_max=128 scissor=0,511,0,223
[gs:draw] sequence=1414134 prim=4 texture=0 fbp=56 fbw=8 psm=1 tbp=0 vertices=3 x_min=2197.62 x_max=2210.69 y_min=2126.56 y_max=2133.62 alpha_min=0 alpha_max=128 scissor=0,511,0,223
[gs:draw] sequence=1414133 prim=4 texture=0 fbp=56 fbw=8 psm=1 tbp=0 vertices=3 x_min=2197.62 x_max=2210.69 y_min=2125.25 y_max=2132.69 alpha_min=0 alpha_max=128 scissor=0,511,0,223
[gs:draw] sequence=1414132 prim=4 texture=0 fbp=56 fbw=8 psm=1 tbp=0 vertices=3 x_min=2210.31 x_max=2225.81 y_min=2125.25 y_max=2136.31 alpha_min=0 alpha_max=128 scissor=0,511,0,223
[gs:draw] sequence=1414131 prim=4 texture=0 fbp=56 fbw=8 psm=1 tbp=0 vertices=3 x_min=2175 x_max=2189.62 y_min=2123.25 y_max=2131.75 alpha_min=0 alpha_max=128 scissor=0,511,0,223
[downhill:cd-read-yield] return=0x23147c
[downhill:cd-read-yield] return=0x23147c
[downhill:cd-read-yield] return=0x23147c
[downhill:cd-read-yield] return=0x23147c
[downhill:cd-read-yield] return=0x23147c
[downhill:cd-read-yield] return=0x23147c
[downhill:cd-read-yield] return=0x23147c
[downhill:cd-read-yield] return=0x23147c
[downhill:cd-read-yield] return=0x23147c
[downhill:cd-read-yield] return=0x23147c
[downhill:cd-read-yield] return=0x23147c
[downhill:cd-read-yield] return=0x23147c
[downhill:cd-read-yield] return=0x23147c
[downhill:cd-read-yield] return=0x23147c
[downhill:cd-read-yield] return=0x23147c
[downhill:cd-read-yield] return=0x23147c
[downhill:cd-read-yield] return=0x23147c
[downhill:cd-read-yield] return=0x23147c
[downhill:cd-read-yield] return=0x23147c
[downhill:cd-read-yield] return=0x23147c
[downhill:cd-read-yield] return=0x23147c
[downhill:cd-read-yield] return=0x23147c
[downhill:cd-read-yield] return=0x23147c
[downhill:cd-read-yield] return=0x23147c
[downhill:cd-read-yield] return=0x23147c
[downhill:cd-read-yield] return=0x23147c
[downhill:cd-read-yield] return=0x23147c
[downhill:cd-read-yield] return=0x23147c
[downhill:cd-read-yield] return=0x23147c
[performance] host_tick=840 host_hz=59.8518 ee_clock_ratio=0.387898 ee_cycle=3800485058
[boot-snapshot] host_tick=840 running=10 thread=1:pc=0x23147c:ra=0x23147c:priority=0:status=2:wait=4:wait_id=0 thread=10:pc=0x25a708:ra=0x254fdc:priority=2:status=0:wait=0:wait_id=0
[downhill:cd-read-yield] return=0x23147c
[downhill:cd-read-yield] return=0x23147c
[downhill:cd-read-yield] return=0x23147c
[downhill:cd-read-yield] return=0x23147c
[downhill:cd-read-yield] return=0x23147c
[downhill:cd-read-yield] return=0x23147c
[downhill:cd-read-yield] return=0x23147c
[downhill:cd-read-yield] return=0x23147c
[downhill:cd-read-yield] return=0x23147c
[downhill:cd-read-yield] return=0x23147c
[downhill:cd-read-yield] return=0x23147c
[downhill:release-wait] target=11 status_before=2 result=0 return=0x23149c
[downhill:cd-read-yield] return=0x23147c
[downhill:cd-read-yield] return=0x23147c
[downhill:release-wait] target=12 status_before=2 result=0 return=0x23149c
[downhill:cd-read-yield] return=0x23147c
[downhill:cd-read-yield] return=0x23147c
[downhill:cd-read-yield] return=0x23147c
[downhill:cd-read-yield] return=0x23147c
[downhill:cd-read-yield] return=0x23147c
[downhill:cd-read-yield] return=0x23147c
[downhill:cd-read-yield] return=0x23147c
[downhill:cd-read-yield] return=0x23147c
[downhill:cd-read-yield] return=0x23147c
[downhill:cd-read-yield] return=0x23147c
[downhill:cd-read-yield] return=0x23147c
[downhill:cd-read-yield] return=0x23147c
[downhill:cd-read-yield] return=0x23147c
[downhill:cd-read-yield] return=0x23147c
[downhill:cd-read-yield] return=0x23147c
[downhill:cd-read-yield] return=0x23147c
[downhill:cd-read-yield] return=0x23147c
[downhill:cd-read-yield] return=0x23147c
[performance] host_tick=960 host_hz=59.696 ee_clock_ratio=0.400087 ee_cycle=4037667813
[boot-snapshot] host_tick=960 running=12 thread=1:pc=0x25a728:ra=0x23144c:priority=0:status=2:wait=2:wait_id=28 thread=12:pc=0x25a708:ra=0x254fdc:priority=2:status=0:wait=0:wait_id=0
[downhill:cd-read-yield] return=0x23147c
[downhill:cd-read-yield] return=0x23147c
[downhill:cd-read-yield] return=0x23147c
[downhill:cd-read-yield] return=0x23147c
[downhill:cd-read-yield] return=0x23147c
[downhill:cd-read-yield] return=0x23147c
[downhill:cd-read-yield] return=0x23147c
[downhill:cd-read-yield] return=0x23147c
[downhill:cd-read-yield] return=0x23147c
[downhill:cd-read-yield] return=0x23147c
[downhill:cd-read-yield] return=0x23147c
[downhill:cd-read-yield] return=0x23147c
[downhill:cd-read-yield] return=0x23147c
[downhill:cd-read-yield] return=0x23147c
[downhill:cd-read-yield] return=0x23147c
[downhill:cd-read-yield] return=0x23147c
[downhill:cd-read-yield] return=0x23147c
[downhill:cd-read-yield] return=0x23147c
[downhill:cd-read-yield] return=0x23147c
[downhill:release-wait] target=13 status_before=2 result=0 return=0x23149c
[ps2xIOP] [IOP printf] snd_InitVAGStreaming: Couldn't allocate IOP memory for stream buffers!

[ps2xIOP] [IOP printf]                       buffer_size = %d

[ps2xIOP] [IOP printf]                          channels = %d

[ps2xIOP] [IOP printf] --------------------------------------------------------------------

[ps2xIOP] [IOP printf] IOP MEM: bytes free         -> 0x%8.8x (%d)

[ps2xIOP] [IOP printf]          largest free block -> 0x%8.8x (%d)

[ps2xIOP] [IOP printf] --------------------------------------------------------------------

[ps2xIOP] [IOP printf] snd_PlayVAGStreamByLoc: VAG Streaming not inited!

[gs:texel] tbp=7872 tbw=2 psm=19 uv=0,127 raw=0 cbp=7334 csa=0
[gs:texel] tbp=7872 tbw=2 psm=19 uv=0,127 raw=0 cbp=7334 csa=0
[gs:texel] tbp=7872 tbw=2 psm=19 uv=0,0 raw=0 cbp=7334 csa=0
[gs:texel] tbp=7872 tbw=2 psm=19 uv=0,0 raw=0 cbp=7334 csa=0
[gs:texel] tbp=7872 tbw=2 psm=19 uv=0,127 raw=0 cbp=7334 csa=0
[gs:texel] tbp=7872 tbw=2 psm=19 uv=0,127 raw=0 cbp=7334 csa=0
[gs:texel] tbp=7872 tbw=2 psm=19 uv=0,0 raw=0 cbp=7334 csa=0
[gs:texel] tbp=7872 tbw=2 psm=19 uv=0,0 raw=0 cbp=7334 csa=0
[vu:xgkick-error] sample=1 reason=tag-limit cycle=217386 pc=0x1040 source_qw=856 tag_offset=65296 copied=65312 tag_lo=0x000000ff000000ff tag_hi=0xbfa14480000000ff nloop=255 format=0 nreg=0 requested=65296 limit=65536
[VU1 reserved lower] cycle=217386 pc=0x1040 instruction=0xfffffffb
[vu:xgkick-error] sample=2 reason=tag-limit cycle=306661 pc=0x2448 source_qw=800 tag_offset=16 copied=32 tag_lo=0x00007cf900007f51 tag_hi=0xffffffec00000000 nloop=32593 format=0 nreg=0 requested=8343824 limit=65536
[VU1 reserved lower] cycle=306661 pc=0x2448 instruction=0xfffffffb
[vu:xgkick-error] sample=3 reason=tag-limit cycle=307485 pc=0x2220 source_qw=108 tag_offset=0 copied=16 tag_lo=0x7f7fffff44fea2f2 tag_hi=0xffffffff3f800000 nloop=8946 format=3 nreg=7 requested=143152 limit=65536
[vu:xgkick-history] sample=1 source_qw=108 steps=262555 stores=149080
[vu:xgkick-step] sample=1 cycle=307421 pc=0x21a8 lower=0x8000033c upper=0x000002ff vi=0000,0000,0233,0000,7fff,0233,0003,0080,0002,0000,0039,0051,0001,0001,0000,0430,
[vu:xgkick-step] sample=1 cycle=307422 pc=0x21b0 lower=0x8000033c upper=0x000002ff vi=0000,0000,0233,0000,7fff,0233,0003,0080,0002,0000,0039,0051,0001,0001,0000,0430,
[vu:xgkick-step] sample=1 cycle=307423 pc=0x21b8 lower=0x420f0087 upper=0x000002ff vi=0000,0000,0233,0000,7fff,0233,0003,0080,0002,0000,0039,0051,0001,0001,0000,0430,
[vu:xgkick-step] sample=1 cycle=307424 pc=0x21c0 lower=0x81fa4bbc upper=0x000002ff vi=0000,0000,0233,0000,7fff,0233,0003,0080,0002,0000,0039,0051,0001,0001,0000,0439,
[vu:xgkick-step] sample=1 cycle=307425 pc=0x25f8 lower=0x8000033c upper=0x01f8f9ac vi=0000,0000,0233,0000,7fff,0233,0003,0080,0002,0000,0039,0051,0001,0001,0000,0439,
[vu:xgkick-step] sample=1 cycle=307426 pc=0x2600 lower=0x38010000 upper=0x01f4a9ec vi=0000,0000,0233,0000,7fff,0233,0003,0080,0002,0000,0039,0051,0001,0001,0000,0439,
[vu:xgkick-step] sample=1 cycle=307427 pc=0x2608 lower=0x80070bb4 upper=0x01f6bf2c vi=0000,0000,0233,0000,7fff,0233,0003,0080,0002,0000,0039,0051,0001,0001,0000,0439,
[vu:xgkick-step] sample=1 cycle=307428 pc=0x2610 lower=0x80080a34 upper=0x000002ff vi=0000,0000,0233,0000,7fff,0233,0003,0080,0002,0000,0039,0051,0001,0001,0000,0439,
[vu:xgkick-step] sample=1 cycle=307429 pc=0x2618 lower=0x500e000c upper=0x000002ff vi=0000,0000,0233,0000,7fff,0233,0003,0080,0000,0000,0039,0051,0001,0001,0000,0439,
[vu:xgkick-step] sample=1 cycle=307430 pc=0x2620 lower=0x8000033c upper=0x000002ff vi=0000,0000,0233,0000,7fff,0233,0003,0080,0000,0000,0039,0051,0001,0001,0000,0439,
[vu:xgkick-step] sample=1 cycle=307431 pc=0x2680 lower=0x50080008 upper=0x000002ff vi=0000,0000,0233,0000,7fff,0233,0003,0080,0000,0000,0039,0051,0001,0001,0000,0439,
[vu:xgkick-step] sample=1 cycle=307432 pc=0x2688 lower=0x8000033c upper=0x000002ff vi=0000,0000,0233,0000,7fff,0233,0003,0080,0000,0000,0039,0051,0001,0001,0000,0439,
[vu:xgkick-step] sample=1 cycle=307433 pc=0x26c8 lower=0x03ebc000 upper=0x000002ff vi=0000,0000,0233,0000,7fff,0233,0003,0080,0000,0000,0039,0051,0001,0001,0000,0439,
[vu:xgkick-step] sample=1 cycle=307434 pc=0x26d0 lower=0x03eba001 upper=0x000002ff vi=0000,0000,0233,0000,7fff,0233,0003,0080,0000,0000,0039,0051,0001,0001,0000,0439,
[vu:xgkick-step] sample=1 cycle=307435 pc=0x26d8 lower=0x03ebb002 upper=0x000002ff vi=0000,0000,0233,0000,7fff,0233,0003,0080,0000,0000,0039,0051,0001,0001,0000,0439,
[vu:xgkick-step] sample=1 cycle=307436 pc=0x26e0 lower=0x100d6801 upper=0x000002ff vi=0000,0000,0233,0000,7fff,0233,0003,0080,0000,0000,0039,0051,0001,0001,0000,0439,
[vu:xgkick-step] sample=1 cycle=307437 pc=0x26e8 lower=0x48007800 upper=0x000002ff vi=0000,0000,0233,0000,7fff,0233,0003,0080,0000,0000,0039,0051,0001,0002,0000,0439,
[vu:xgkick-step] sample=1 cycle=307438 pc=0x26f0 lower=0x100b5803 upper=0x000002ff vi=0000,0000,0233,0000,7fff,0233,0003,0080,0000,0000,0039,0051,0001,0002,0000,0439,
[vu:xgkick-step] sample=1 cycle=307439 pc=0x21c8 lower=0x520c07f4 upper=0x000002ff vi=0000,0000,0233,0000,7fff,0233,0003,0080,0000,0000,0039,0054,0001,0002,0000,0439,
[vu:xgkick-step] sample=1 cycle=307440 pc=0x21d0 lower=0x81e9433c upper=0x000002ff vi=0000,0000,0233,0000,7fff,0233,0003,0080,0000,0000,0039,0054,0001,0002,0000,0439,
[vu:xgkick-step] sample=1 cycle=307441 pc=0x2170 lower=0x420f007b upper=0x000002ff vi=0000,0000,0233,0000,7fff,0233,0003,0080,0000,0000,0039,0054,0001,0002,0000,0439,
[vu:xgkick-step] sample=1 cycle=307442 pc=0x2178 lower=0x800c67f2 upper=0x000002ff vi=0000,0000,0233,0000,7fff,0233,0003,0080,0000,0000,0039,0054,0001,0002,0000,0430,
[vu:xgkick-step] sample=1 cycle=307443 pc=0x2550 lower=0x81f8fb3c upper=0x01ea69bc vi=0000,0000,0233,0000,7fff,0233,0003,0080,0000,0000,0039,0054,0000,0002,0000,0430,
[vu:xgkick-step] sample=1 cycle=307444 pc=0x2558 lower=0x81f4ab3c upper=0x01ea70bd vi=0000,0000,0233,0000,7fff,0233,0003,0080,0000,0000,0039,0054,0000,0002,0000,0430,
[vu:xgkick-step] sample=1 cycle=307445 pc=0x2560 lower=0x81f6bb3c upper=0x01ea78be vi=0000,0000,0233,0000,7fff,0233,0003,0080,0000,0000,0039,0054,0000,0002,0000,0430,
[vu:xgkick-step] sample=1 cycle=307446 pc=0x2568 lower=0x01f55001 upper=0x01e086cb vi=0000,0000,0233,0000,7fff,0233,0003,0080,0000,0000,0039,0054,0000,0002,0000,0430,
[vu:xgkick-step] sample=1 cycle=307447 pc=0x2570 lower=0x01f75002 upper=0x01e057c0 vi=0000,0000,0233,0000,7fff,0233,0003,0080,0000,0000,0039,0054,0000,0002,0000,0430,
[vu:xgkick-step] sample=1 cycle=307448 pc=0x2578 lower=0x01ea5003 upper=0x000002ff vi=0000,0000,0233,0000,7fff,0233,0003,0080,0000,0000,0039,0054,0000,0002,0000,0430,
[vu:xgkick-step] sample=1 cycle=307449 pc=0x2580 lower=0x48007800 upper=0x000002ff vi=0000,0000,0233,0000,7fff,0233,0003,0080,0000,0000,0039,0054,0000,0002,0000,0430,
[vu:xgkick-step] sample=1 cycle=307450 pc=0x2588 lower=0x8000033c upper=0x000002ff vi=0000,0000,0233,0000,7fff,0233,0003,0080,0000,0000,0039,0054,0000,0002,0000,0430,
[vu:xgkick-step] sample=1 cycle=307451 pc=0x2180 lower=0x100a5003 upper=0x003bda00 vi=0000,0000,0233,0000,7fff,0233,0003,0080,0000,0000,0039,0054,0000,0002,0000,0430,
[vu:xgkick-step] sample=1 cycle=307452 pc=0x2188 lower=0x10080002 upper=0x01dbd9ff vi=0000,0000,0233,0000,7fff,0233,0003,0080,0000,0000,003c,0054,0000,0002,0000,0430,
[vu:xgkick-step] sample=1 cycle=307453 pc=0x2190 lower=0x8000033c upper=0x000002ff vi=0000,0000,0233,0000,7fff,0233,0003,0080,0002,0000,003c,0054,0000,0002,0000,0430,
[vu:xgkick-step] sample=1 cycle=307454 pc=0x2198 lower=0x8000033c upper=0x000002ff vi=0000,0000,0233,0000,7fff,0233,0003,0080,0002,0000,003c,0054,0000,0002,0000,0430,
[vu:xgkick-step] sample=1 cycle=307455 pc=0x21a0 lower=0x8000033c upper=0x00284e87 vi=0000,0000,0233,0000,7fff,0233,0003,0080,0002,0000,003c,0054,0000,0002,0000,0430,
[vu:xgkick-step] sample=1 cycle=307456 pc=0x21a8 lower=0x8000033c upper=0x000002ff vi=0000,0000,0233,0000,7fff,0233,0003,0080,0002,0000,003c,0054,0000,0002,0000,0430,
[vu:xgkick-step] sample=1 cycle=307457 pc=0x21b0 lower=0x8000033c upper=0x000002ff vi=0000,0000,0233,0000,7fff,0233,0003,0080,0002,0000,003c,0054,0000,0002,0000,0430,
[vu:xgkick-step] sample=1 cycle=307458 pc=0x21b8 lower=0x420f0087 upper=0x000002ff vi=0000,0000,0233,0000,7fff,0233,0003,0080,0002,0000,003c,0054,0000,0002,0000,0430,
[vu:xgkick-step] sample=1 cycle=307459 pc=0x21c0 lower=0x81fa4bbc upper=0x000002ff vi=0000,0000,0233,0000,7fff,0233,0003,0080,0002,0000,003c,0054,0000,0002,0000,0439,
[vu:xgkick-step] sample=1 cycle=307460 pc=0x25f8 lower=0x8000033c upper=0x01f8f9ac vi=0000,0000,0233,0000,7fff,0233,0003,0080,0002,0000,003c,0054,0000,0002,0000,0439,
[vu:xgkick-step] sample=1 cycle=307461 pc=0x2600 lower=0x38010000 upper=0x01f4a9ec vi=0000,0000,0233,0000,7fff,0233,0003,0080,0002,0000,003c,0054,0000,0002,0000,0439,
[vu:xgkick-step] sample=1 cycle=307462 pc=0x2608 lower=0x80070bb4 upper=0x01f6bf2c vi=0000,0000,0233,0000,7fff,0233,0003,0080,0002,0000,003c,0054,0000,0002,0000,0439,
[vu:xgkick-step] sample=1 cycle=307463 pc=0x2610 lower=0x80080a34 upper=0x000002ff vi=0000,0000,0233,0000,7fff,0233,0003,0080,0002,0000,003c,0054,0000,0002,0000,0439,
[vu:xgkick-step] sample=1 cycle=307464 pc=0x2618 lower=0x500e000c upper=0x000002ff vi=0000,0000,0233,0000,7fff,0233,0003,0080,0000,0000,003c,0054,0000,0002,0000,0439,
[vu:xgkick-step] sample=1 cycle=307465 pc=0x2620 lower=0x8000033c upper=0x000002ff vi=0000,0000,0233,0000,7fff,0233,0003,0080,0000,0000,003c,0054,0000,0002,0000,0439,
[vu:xgkick-step] sample=1 cycle=307466 pc=0x2680 lower=0x50080008 upper=0x000002ff vi=0000,0000,0233,0000,7fff,0233,0003,0080,0000,0000,003c,0054,0000,0002,0000,0439,
[vu:xgkick-step] sample=1 cycle=307467 pc=0x2688 lower=0x8000033c upper=0x000002ff vi=0000,0000,0233,0000,7fff,0233,0003,0080,0000,0000,003c,0054,0000,0002,0000,0439,
[vu:xgkick-step] sample=1 cycle=307468 pc=0x26c8 lower=0x03ebc000 upper=0x000002ff vi=0000,0000,0233,0000,7fff,0233,0003,0080,0000,0000,003c,0054,0000,0002,0000,0439,
[vu:xgkick-step] sample=1 cycle=307469 pc=0x26d0 lower=0x03eba001 upper=0x000002ff vi=0000,0000,0233,0000,7fff,0233,0003,0080,0000,0000,003c,0054,0000,0002,0000,0439,
[vu:xgkick-step] sample=1 cycle=307470 pc=0x26d8 lower=0x03ebb002 upper=0x000002ff vi=0000,0000,0233,0000,7fff,0233,0003,0080,0000,0000,003c,0054,0000,0002,0000,0439,
[vu:xgkick-step] sample=1 cycle=307471 pc=0x26e0 lower=0x100d6801 upper=0x000002ff vi=0000,0000,0233,0000,7fff,0233,0003,0080,0000,0000,003c,0054,0000,0002,0000,0439,
[vu:xgkick-step] sample=1 cycle=307472 pc=0x26e8 lower=0x48007800 upper=0x000002ff vi=0000,0000,0233,0000,7fff,0233,0003,0080,0000,0000,003c,0054,0000,0003,0000,0439,
[vu:xgkick-step] sample=1 cycle=307473 pc=0x26f0 lower=0x100b5803 upper=0x000002ff vi=0000,0000,0233,0000,7fff,0233,0003,0080,0000,0000,003c,0054,0000,0003,0000,0439,
[vu:xgkick-step] sample=1 cycle=307474 pc=0x21c8 lower=0x520c07f4 upper=0x000002ff vi=0000,0000,0233,0000,7fff,0233,0003,0080,0000,0000,003c,0057,0000,0003,0000,0439,
[vu:xgkick-step] sample=1 cycle=307475 pc=0x21d0 lower=0x81e9433c upper=0x000002ff vi=0000,0000,0233,0000,7fff,0233,0003,0080,0000,0000,003c,0057,0000,0003,0000,0439,
[vu:xgkick-step] sample=1 cycle=307476 pc=0x21d8 lower=0x5c00684c upper=0x000002ff vi=0000,0000,0233,0000,7fff,0233,0003,0080,0000,0000,003c,0057,0000,0003,0000,0439,
[vu:xgkick-step] sample=1 cycle=307477 pc=0x21e0 lower=0x8000033c upper=0x000002ff vi=0000,0000,0233,0000,7fff,0233,0003,0080,0000,0000,003c,0057,0000,0003,0000,0439,
[vu:xgkick-step] sample=1 cycle=307478 pc=0x21e8 lower=0x01f4004e upper=0x000002ff vi=0000,0000,0233,0000,7fff,0233,0003,0080,0000,0000,003c,0057,0000,0003,0000,0439,
[vu:xgkick-step] sample=1 cycle=307479 pc=0x21f0 lower=0x09061000 upper=0x000002ff vi=0000,0000,0233,0000,7fff,0233,0003,0080,0000,0000,003c,0057,0000,0003,0000,0439,
[vu:xgkick-step] sample=1 cycle=307480 pc=0x21f8 lower=0x1004006c upper=0x000002ff vi=0000,0000,0233,0000,7fff,0233,0003,0080,0000,0000,003c,0057,0000,0003,0000,0439,
[vu:xgkick-step] sample=1 cycle=307481 pc=0x2200 lower=0x11e807ff upper=0x000002ff vi=0000,0000,0233,0000,006c,0233,0003,0080,0000,0000,003c,0057,0000,0003,0000,0439,
[vu:xgkick-step] sample=1 cycle=307482 pc=0x2208 lower=0x80084072 upper=0x000002ff vi=0000,0000,0233,0000,006c,0233,0003,0080,7fff,0000,003c,0057,0000,0003,0000,0439,
[vu:xgkick-step] sample=1 cycle=307483 pc=0x2210 lower=0x80083274 upper=0x01f409bc vi=0000,0000,0233,0000,006c,0233,2c87,0080,8000,0000,003c,0057,0000,0003,0000,0439,
[vu:xgkick-step] sample=1 cycle=307484 pc=0x2218 lower=0x800026fc upper=0x01f410bd vi=0000,0000,0233,0000,006c,0233,2c87,0080,8000,0000,003c,0057,0000,0003,0000,0439,
[vu:xgkick-store] sample=1 phase=issue cycle=307313 pc=0x26d8 address=0x350 mask=0xf words=00000000,bc010204,3f800000,47bc2195
[vu:xgkick-store] sample=1 phase=commit cycle=307314 pc=0x26e0 address=0x350 mask=0xf words=00000000,bc010204,3f800000,47bc2195
[vu:xgkick-store] sample=1 phase=issue cycle=307346 pc=0x26c8 address=0x360 mask=0xf words=00000000,00000000,00000000,00000000
[vu:xgkick-store] sample=1 phase=commit cycle=307347 pc=0x26d0 address=0x360 mask=0xf words=00000000,00000000,00000000,00000000
[vu:xgkick-store] sample=1 phase=issue cycle=307347 pc=0x26d0 address=0x370 mask=0xf words=00000000,cf000000,3f800000,cf000000
[vu:xgkick-store] sample=1 phase=commit cycle=307348 pc=0x26d8 address=0x370 mask=0xf words=00000000,cf000000,3f800000,cf000000
[vu:xgkick-store] sample=1 phase=issue cycle=307348 pc=0x26d8 address=0x380 mask=0xf words=00000000,bc010204,3f800000,00000000
[vu:xgkick-store] sample=1 phase=commit cycle=307349 pc=0x26e0 address=0x380 mask=0xf words=00000000,bc010204,3f800000,00000000
[vu:xgkick-store] sample=1 phase=issue cycle=307363 pc=0x25d0 address=0x390 mask=0xf words=00000000,00000000,00000000,00000000
[vu:xgkick-store] sample=1 phase=commit cycle=307364 pc=0x25d8 address=0x390 mask=0xf words=00000000,00000000,00000000,00000000
[vu:xgkick-store] sample=1 phase=issue cycle=307365 pc=0x25e0 address=0x3a0 mask=0xf words=00000000,cf000000,3f800000,cf000000
[vu:xgkick-store] sample=1 phase=commit cycle=307366 pc=0x25e8 address=0x3a0 mask=0xf words=00000000,cf000000,3f800000,cf000000
[vu:xgkick-store] sample=1 phase=issue cycle=307367 pc=0x25f0 address=0x3b0 mask=0xf words=00000000,bc010204,3f800000,00000000
[vu:xgkick-store] sample=1 phase=commit cycle=307368 pc=0x2158 address=0x3b0 mask=0xf words=00000000,bc010204,3f800000,00000000
[vu:xgkick-store] sample=1 phase=issue cycle=307398 pc=0x26c8 address=0x4e0 mask=0xf words=00000000,00000000,00000000,00000000
[vu:xgkick-store] sample=1 phase=commit cycle=307399 pc=0x26d0 address=0x4e0 mask=0xf words=00000000,00000000,00000000,00000000
[vu:xgkick-store] sample=1 phase=issue cycle=307399 pc=0x26d0 address=0x4f0 mask=0xf words=00000000,cf000000,3f800000,cf000000
[vu:xgkick-store] sample=1 phase=commit cycle=307400 pc=0x26d8 address=0x4f0 mask=0xf words=00000000,cf000000,3f800000,cf000000
[vu:xgkick-store] sample=1 phase=issue cycle=307400 pc=0x26d8 address=0x500 mask=0xf words=00000000,bc010204,3f800000,00000000
[vu:xgkick-store] sample=1 phase=commit cycle=307401 pc=0x26e0 address=0x500 mask=0xf words=00000000,bc010204,3f800000,00000000
[vu:xgkick-store] sample=1 phase=issue cycle=307433 pc=0x26c8 address=0x510 mask=0xf words=00000000,00000000,00000000,00000000
[vu:xgkick-store] sample=1 phase=commit cycle=307434 pc=0x26d0 address=0x510 mask=0xf words=00000000,00000000,00000000,00000000
[vu:xgkick-store] sample=1 phase=issue cycle=307434 pc=0x26d0 address=0x520 mask=0xf words=00000000,cf000000,3f800000,cf000000
[vu:xgkick-store] sample=1 phase=commit cycle=307435 pc=0x26d8 address=0x520 mask=0xf words=00000000,cf000000,3f800000,cf000000
[vu:xgkick-store] sample=1 phase=issue cycle=307435 pc=0x26d8 address=0x530 mask=0xf words=00000000,bc010204,3f800000,47bc2195
[vu:xgkick-store] sample=1 phase=commit cycle=307436 pc=0x26e0 address=0x530 mask=0xf words=00000000,bc010204,3f800000,47bc2195
[vu:xgkick-store] sample=1 phase=issue cycle=307468 pc=0x26c8 address=0x540 mask=0xf words=00000000,00000000,00000000,00000000
[vu:xgkick-store] sample=1 phase=commit cycle=307469 pc=0x26d0 address=0x540 mask=0xf words=00000000,00000000,00000000,00000000
[vu:xgkick-store] sample=1 phase=issue cycle=307469 pc=0x26d0 address=0x550 mask=0xf words=00000000,cf000000,3f800000,cf000000
[vu:xgkick-store] sample=1 phase=commit cycle=307470 pc=0x26d8 address=0x550 mask=0xf words=00000000,cf000000,3f800000,cf000000
[vu:xgkick-store] sample=1 phase=issue cycle=307470 pc=0x26d8 address=0x560 mask=0xf words=00000000,bc010204,3f800000,00000000
[vu:xgkick-store] sample=1 phase=commit cycle=307471 pc=0x26e0 address=0x560 mask=0xf words=00000000,bc010204,3f800000,00000000
[VU1 reserved lower] cycle=307485 pc=0x2220 instruction=0xfffffffb
[vu:xgkick-error] sample=4 reason=tag-limit cycle=643550 pc=0x2220 source_qw=108 tag_offset=0 copied=16 tag_lo=0x43aa148fc3996ea7 tag_hi=0x00000000c3996ea7 nloop=28327 format=0 nreg=4 requested=1812944 limit=65536
[vu:xgkick-history] sample=1 source_qw=108 steps=3957 stores=660
[vu:xgkick-step] sample=1 cycle=643486 pc=0x2600 lower=0x38010000 upper=0x01f4a9ec vi=0000,09a6,0233,0000,7fff,0233,0000,0080,0002,004b,003c,0054,0001,0002,0080,0439,
[vu:xgkick-step] sample=1 cycle=643487 pc=0x2608 lower=0x80070bb4 upper=0x01f6bf2c vi=0000,09a6,0233,0000,7fff,0233,0000,0080,0002,004b,003c,0054,0001,0002,0080,0439,
[vu:xgkick-step] sample=1 cycle=643488 pc=0x2610 lower=0x80080a34 upper=0x000002ff vi=0000,09a6,0233,0000,7fff,0233,0000,0080,0002,004b,003c,0054,0001,0002,0080,0439,
[vu:xgkick-step] sample=1 cycle=643489 pc=0x2618 lower=0x500e000c upper=0x000002ff vi=0000,09a6,0233,0000,7fff,0233,0000,0080,0002,004b,003c,0054,0001,0002,0080,0439,
[vu:xgkick-step] sample=1 cycle=643490 pc=0x2620 lower=0x8000033c upper=0x000002ff vi=0000,09a6,0233,0000,7fff,0233,0000,0080,0002,004b,003c,0054,0001,0002,0080,0439,
[vu:xgkick-step] sample=1 cycle=643491 pc=0x2628 lower=0x50080003 upper=0x000002ff vi=0000,09a6,0233,0000,7fff,0233,0000,0080,0002,004b,003c,0054,0001,0002,0080,0439,
[vu:xgkick-step] sample=1 cycle=643492 pc=0x2630 lower=0x8000033c upper=0x000002ff vi=0000,09a6,0233,0000,7fff,0233,0000,0080,0002,004b,003c,0054,0001,0002,0080,0439,
[vu:xgkick-step] sample=1 cycle=643493 pc=0x2638 lower=0x48007800 upper=0x000002ff vi=0000,09a6,0233,0000,7fff,0233,0000,0080,0002,004b,003c,0054,0001,0002,0080,0439,
[vu:xgkick-step] sample=1 cycle=643494 pc=0x2640 lower=0x8000033c upper=0x000002ff vi=0000,09a6,0233,0000,7fff,0233,0000,0080,0002,004b,003c,0054,0001,0002,0080,0439,
[vu:xgkick-step] sample=1 cycle=643495 pc=0x21c8 lower=0x520c07f4 upper=0x000002ff vi=0000,09a6,0233,0000,7fff,0233,0000,0080,0002,004b,003c,0054,0001,0002,0080,0439,
[vu:xgkick-step] sample=1 cycle=643496 pc=0x21d0 lower=0x81e9433c upper=0x000002ff vi=0000,09a6,0233,0000,7fff,0233,0000,0080,0002,004b,003c,0054,0001,0002,0080,0439,
[vu:xgkick-step] sample=1 cycle=643497 pc=0x2170 lower=0x420f007b upper=0x000002ff vi=0000,09a6,0233,0000,7fff,0233,0000,0080,0002,004b,003c,0054,0001,0002,0080,0439,
[vu:xgkick-step] sample=1 cycle=643498 pc=0x2178 lower=0x800c67f2 upper=0x000002ff vi=0000,09a6,0233,0000,7fff,0233,0000,0080,0002,004b,003c,0054,0001,0002,0080,0430,
[vu:xgkick-step] sample=1 cycle=643499 pc=0x2550 lower=0x81f8fb3c upper=0x01ea69bc vi=0000,09a6,0233,0000,7fff,0233,0000,0080,0002,004b,003c,0054,0000,0002,0080,0430,
[vu:xgkick-step] sample=1 cycle=643500 pc=0x2558 lower=0x81f4ab3c upper=0x01ea70bd vi=0000,09a6,0233,0000,7fff,0233,0000,0080,0002,004b,003c,0054,0000,0002,0080,0430,
[vu:xgkick-step] sample=1 cycle=643501 pc=0x2560 lower=0x81f6bb3c upper=0x01ea78be vi=0000,09a6,0233,0000,7fff,0233,0000,0080,0002,004b,003c,0054,0000,0002,0080,0430,
[vu:xgkick-step] sample=1 cycle=643502 pc=0x2568 lower=0x01f55001 upper=0x01e086cb vi=0000,09a6,0233,0000,7fff,0233,0000,0080,0002,004b,003c,0054,0000,0002,0080,0430,
[vu:xgkick-step] sample=1 cycle=643503 pc=0x2570 lower=0x01f75002 upper=0x01e057c0 vi=0000,09a6,0233,0000,7fff,0233,0000,0080,0002,004b,003c,0054,0000,0002,0080,0430,
[vu:xgkick-step] sample=1 cycle=643504 pc=0x2578 lower=0x01ea5003 upper=0x000002ff vi=0000,09a6,0233,0000,7fff,0233,0000,0080,0002,004b,003c,0054,0000,0002,0080,0430,
[vu:xgkick-step] sample=1 cycle=643505 pc=0x2580 lower=0x48007800 upper=0x000002ff vi=0000,09a6,0233,0000,7fff,0233,0000,0080,0002,004b,003c,0054,0000,0002,0080,0430,
[vu:xgkick-step] sample=1 cycle=643506 pc=0x2588 lower=0x8000033c upper=0x000002ff vi=0000,09a6,0233,0000,7fff,0233,0000,0080,0002,004b,003c,0054,0000,0002,0080,0430,
[vu:xgkick-step] sample=1 cycle=643507 pc=0x2180 lower=0x100a5003 upper=0x003bda00 vi=0000,09a6,0233,0000,7fff,0233,0000,0080,0002,004b,003c,0054,0000,0002,0080,0430,
[vu:xgkick-step] sample=1 cycle=643508 pc=0x2188 lower=0x10080002 upper=0x01dbd9ff vi=0000,09a6,0233,0000,7fff,0233,0000,0080,0002,004b,003f,0054,0000,0002,0080,0430,
[vu:xgkick-step] sample=1 cycle=643509 pc=0x2190 lower=0x8000033c upper=0x000002ff vi=0000,09a6,0233,0000,7fff,0233,0000,0080,0002,004b,003f,0054,0000,0002,0080,0430,
[vu:xgkick-step] sample=1 cycle=643510 pc=0x2198 lower=0x8000033c upper=0x000002ff vi=0000,09a6,0233,0000,7fff,0233,0000,0080,0002,004b,003f,0054,0000,0002,0080,0430,
[vu:xgkick-step] sample=1 cycle=643511 pc=0x21a0 lower=0x8000033c upper=0x00284e87 vi=0000,09a6,0233,0000,7fff,0233,0000,0080,0002,004b,003f,0054,0000,0002,0080,0430,
[vu:xgkick-step] sample=1 cycle=643512 pc=0x21a8 lower=0x8000033c upper=0x000002ff vi=0000,09a6,0233,0000,7fff,0233,0000,0080,0002,004b,003f,0054,0000,0002,0080,0430,
[vu:xgkick-step] sample=1 cycle=643513 pc=0x21b0 lower=0x8000033c upper=0x000002ff vi=0000,09a6,0233,0000,7fff,0233,0000,0080,0002,004b,003f,0054,0000,0002,0080,0430,
[vu:xgkick-step] sample=1 cycle=643514 pc=0x21b8 lower=0x420f0087 upper=0x000002ff vi=0000,09a6,0233,0000,7fff,0233,0000,0080,0002,004b,003f,0054,0000,0002,0080,0430,
[vu:xgkick-step] sample=1 cycle=643515 pc=0x21c0 lower=0x81fa4bbc upper=0x000002ff vi=0000,09a6,0233,0000,7fff,0233,0000,0080,0002,004b,003f,0054,0000,0002,0080,0439,
[vu:xgkick-step] sample=1 cycle=643516 pc=0x25f8 lower=0x8000033c upper=0x01f8f9ac vi=0000,09a6,0233,0000,7fff,0233,0000,0080,0002,004b,003f,0054,0000,0002,0080,0439,
[vu:xgkick-step] sample=1 cycle=643517 pc=0x2600 lower=0x38010000 upper=0x01f4a9ec vi=0000,09a6,0233,0000,7fff,0233,0000,0080,0002,004b,003f,0054,0000,0002,0080,0439,
[vu:xgkick-step] sample=1 cycle=643518 pc=0x2608 lower=0x80070bb4 upper=0x01f6bf2c vi=0000,0984,0233,0000,7fff,0233,0000,0080,0002,004b,003f,0054,0000,0002,0080,0439,
[vu:xgkick-step] sample=1 cycle=643519 pc=0x2610 lower=0x80080a34 upper=0x000002ff vi=0000,0984,0233,0000,7fff,0233,0000,0080,0002,004b,003f,0054,0000,0002,0080,0439,
[vu:xgkick-step] sample=1 cycle=643520 pc=0x2618 lower=0x500e000c upper=0x000002ff vi=0000,0984,0233,0000,7fff,0233,0000,0080,0000,004b,003f,0054,0000,0002,0080,0439,
[vu:xgkick-step] sample=1 cycle=643521 pc=0x2620 lower=0x8000033c upper=0x000002ff vi=0000,0984,0233,0000,7fff,0233,0000,0080,0000,004b,003f,0054,0000,0002,0080,0439,
[vu:xgkick-step] sample=1 cycle=643522 pc=0x2628 lower=0x50080003 upper=0x000002ff vi=0000,0984,0233,0000,7fff,0233,0000,0080,0000,004b,003f,0054,0000,0002,0080,0439,
[vu:xgkick-step] sample=1 cycle=643523 pc=0x2630 lower=0x8000033c upper=0x000002ff vi=0000,0984,0233,0000,7fff,0233,0000,0080,0000,004b,003f,0054,0000,0002,0080,0439,
[vu:xgkick-step] sample=1 cycle=643524 pc=0x2648 lower=0x42010015 upper=0x000002ff vi=0000,0984,0233,0000,7fff,0233,0000,0080,0000,004b,003f,0054,0000,0002,0080,0439,
[vu:xgkick-step] sample=1 cycle=643525 pc=0x2650 lower=0x100d6801 upper=0x000002ff vi=0000,04cb,0233,0000,7fff,0233,0000,0080,0000,004b,003f,0054,0000,0002,0080,0439,
[vu:xgkick-step] sample=1 cycle=643526 pc=0x26f8 lower=0x03ebc000 upper=0x01e0319c vi=0000,04cb,0233,0000,7fff,0233,0000,0080,0000,004b,003f,0054,0000,0003,0080,0439,
[vu:xgkick-step] sample=1 cycle=643527 pc=0x2700 lower=0x03eba001 upper=0x01e039dc vi=0000,04cb,0233,0000,7fff,0233,0000,0080,0000,004b,003f,0054,0000,0003,0080,0439,
[vu:xgkick-step] sample=1 cycle=643528 pc=0x2708 lower=0x03ebb002 upper=0x01e0e71c vi=0000,04cb,0233,0000,7fff,0233,0000,0080,0000,004b,003f,0054,0000,0003,0080,0439,
[vu:xgkick-step] sample=1 cycle=643529 pc=0x2710 lower=0x8000033c upper=0x000002ff vi=0000,04cb,0233,0000,7fff,0233,0000,0080,0000,004b,003f,0054,0000,0003,0080,0439,
[vu:xgkick-step] sample=1 cycle=643530 pc=0x2718 lower=0x8000033c upper=0x01f831a8 vi=0000,04cb,0233,0000,7fff,0233,0000,0080,0000,004b,003f,0054,0000,0003,0080,0439,
[vu:xgkick-step] sample=1 cycle=643531 pc=0x2720 lower=0x8000033c upper=0x01f439e8 vi=0000,04cb,0233,0000,7fff,0233,0000,0080,0000,004b,003f,0054,0000,0003,0080,0439,
[vu:xgkick-step] sample=1 cycle=643532 pc=0x2728 lower=0x48000800 upper=0x01f6e728 vi=0000,04cb,0233,0000,7fff,0233,0000,0080,0000,004b,003f,0054,0000,0003,0080,0439,
[vu:xgkick-step] sample=1 cycle=643533 pc=0x2730 lower=0x8000033c upper=0x000002ff vi=0000,04cb,0233,0000,7fff,0233,0000,0080,0000,004b,003f,0054,0000,0003,0080,0439,
[vu:xgkick-step] sample=1 cycle=643534 pc=0x2658 lower=0x03eb3000 upper=0x000002ff vi=0000,04cb,0233,0000,7fff,0233,0000,0080,0000,004b,003f,0054,0000,0003,0080,0439,
[vu:xgkick-step] sample=1 cycle=643535 pc=0x2660 lower=0x03eb3801 upper=0x000002ff vi=0000,04cb,0233,0000,7fff,0233,0000,0080,0000,004b,003f,0054,0000,0003,0080,0439,
[vu:xgkick-step] sample=1 cycle=643536 pc=0x2668 lower=0x03ebe002 upper=0x000002ff vi=0000,04cb,0233,0000,7fff,0233,0000,0080,0000,004b,003f,0054,0000,0003,0080,0439,
[vu:xgkick-step] sample=1 cycle=643537 pc=0x2670 lower=0x48007800 upper=0x000002ff vi=0000,04cb,0233,0000,7fff,0233,0000,0080,0000,004b,003f,0054,0000,0003,0080,0439,
[vu:xgkick-step] sample=1 cycle=643538 pc=0x2678 lower=0x100b5803 upper=0x000002ff vi=0000,04cb,0233,0000,7fff,0233,0000,0080,0000,004b,003f,0054,0000,0003,0080,0439,
[vu:xgkick-step] sample=1 cycle=643539 pc=0x21c8 lower=0x520c07f4 upper=0x000002ff vi=0000,04cb,0233,0000,7fff,0233,0000,0080,0000,004b,003f,0057,0000,0003,0080,0439,
[vu:xgkick-step] sample=1 cycle=643540 pc=0x21d0 lower=0x81e9433c upper=0x000002ff vi=0000,04cb,0233,0000,7fff,0233,0000,0080,0000,004b,003f,0057,0000,0003,0080,0439,
[vu:xgkick-step] sample=1 cycle=643541 pc=0x21d8 lower=0x5c00684c upper=0x000002ff vi=0000,04cb,0233,0000,7fff,0233,0000,0080,0000,004b,003f,0057,0000,0003,0080,0439,
[vu:xgkick-step] sample=1 cycle=643542 pc=0x21e0 lower=0x8000033c upper=0x000002ff vi=0000,04cb,0233,0000,7fff,0233,0000,0080,0000,004b,003f,0057,0000,0003,0080,0439,
[vu:xgkick-step] sample=1 cycle=643543 pc=0x21e8 lower=0x01f4004e upper=0x000002ff vi=0000,04cb,0233,0000,7fff,0233,0000,0080,0000,004b,003f,0057,0000,0003,0080,0439,
[vu:xgkick-step] sample=1 cycle=643544 pc=0x21f0 lower=0x09061000 upper=0x000002ff vi=0000,04cb,0233,0000,7fff,0233,0000,0080,0000,004b,003f,0057,0000,0003,0080,0439,
[vu:xgkick-step] sample=1 cycle=643545 pc=0x21f8 lower=0x1004006c upper=0x000002ff vi=0000,04cb,0233,0000,7fff,0233,0000,0080,0000,004b,003f,0057,0000,0003,0080,0439,
[vu:xgkick-step] sample=1 cycle=643546 pc=0x2200 lower=0x11e807ff upper=0x000002ff vi=0000,04cb,0233,0000,006c,0233,0000,0080,0000,004b,003f,0057,0000,0003,0080,0439,
[vu:xgkick-step] sample=1 cycle=643547 pc=0x2208 lower=0x80084072 upper=0x000002ff vi=0000,04cb,0233,0000,006c,0233,0000,0080,7fff,004b,003f,0057,0000,0003,0080,0439,
[vu:xgkick-step] sample=1 cycle=643548 pc=0x2210 lower=0x80083274 upper=0x01f409bc vi=0000,04cb,0233,0000,006c,0233,5e5b,0080,8000,004b,003f,0057,0000,0003,0080,0439,
[vu:xgkick-step] sample=1 cycle=643549 pc=0x2218 lower=0x800026fc upper=0x01f410bd vi=0000,04cb,0233,0000,006c,0233,5e5b,0080,8000,0000,003f,0057,0000,0003,0080,0439,
[vu:xgkick-store] sample=1 phase=issue cycle=643369 pc=0x26b0 address=0x3b0 mask=0xf words=3f7fffff,bf3b9574,3f800000,bf09fe00
[vu:xgkick-store] sample=1 phase=commit cycle=643370 pc=0x26b8 address=0x3b0 mask=0xf words=3f7fffff,bf3b9574,3f800000,bf09fe00
[vu:xgkick-store] sample=1 phase=issue cycle=643383 pc=0x25d0 address=0x3c0 mask=0xf words=bf09ff31,bf09ff31,bf09ff31,00000000
[vu:xgkick-store] sample=1 phase=commit cycle=643384 pc=0x25d8 address=0x3c0 mask=0xf words=bf09ff31,bf09ff31,bf09ff31,00000000
[vu:xgkick-store] sample=1 phase=issue cycle=643385 pc=0x25e0 address=0x3d0 mask=0xf words=42480000,42480000,42480000,43000000
[vu:xgkick-store] sample=1 phase=commit cycle=643386 pc=0x25e8 address=0x3d0 mask=0xf words=42480000,42480000,42480000,43000000
[vu:xgkick-store] sample=1 phase=issue cycle=643387 pc=0x25f0 address=0x3e0 mask=0xf words=3f7fffff,bf3b9574,3f800000,bf09ff31
[vu:xgkick-store] sample=1 phase=commit cycle=643388 pc=0x2158 address=0x3e0 mask=0xf words=3f7fffff,bf3b9574,3f800000,bf09ff31
[vu:xgkick-store] sample=1 phase=issue cycle=643420 pc=0x26f8 address=0x4e0 mask=0xf words=bf09ff31,bf09ff31,bf09ff31,00000000
[vu:xgkick-store] sample=1 phase=commit cycle=643421 pc=0x2700 address=0x4e0 mask=0xf words=bf09ff31,bf09ff31,bf09ff31,00000000
[vu:xgkick-store] sample=1 phase=issue cycle=643421 pc=0x2700 address=0x4f0 mask=0xf words=42480000,42480000,42480000,43000000
[vu:xgkick-store] sample=1 phase=commit cycle=643422 pc=0x2708 address=0x4f0 mask=0xf words=42480000,42480000,42480000,43000000
[vu:xgkick-store] sample=1 phase=issue cycle=643422 pc=0x2708 address=0x500 mask=0xf words=3f7fffff,bf3b9574,3f800000,bf09ff31
[vu:xgkick-store] sample=1 phase=commit cycle=643423 pc=0x2710 address=0x500 mask=0xf words=3f7fffff,bf3b9574,3f800000,bf09ff31
[vu:xgkick-store] sample=1 phase=issue cycle=643428 pc=0x26a0 address=0x510 mask=0xf words=bf09ff31,bf09ff31,bf09ff31,00000000
[vu:xgkick-store] sample=1 phase=commit cycle=643429 pc=0x26a8 address=0x510 mask=0xf words=bf09ff31,bf09ff31,bf09ff31,00000000
[vu:xgkick-store] sample=1 phase=issue cycle=643429 pc=0x26a8 address=0x520 mask=0xf words=42480000,42480000,42480000,43000000
[vu:xgkick-store] sample=1 phase=commit cycle=643430 pc=0x26b0 address=0x520 mask=0xf words=42480000,42480000,42480000,43000000
[vu:xgkick-store] sample=1 phase=issue cycle=643430 pc=0x26b0 address=0x530 mask=0xf words=3f7fffff,bf3b9574,3f800000,bf09ff31
[vu:xgkick-store] sample=1 phase=commit cycle=643431 pc=0x26b8 address=0x530 mask=0xf words=3f7fffff,bf3b9574,3f800000,bf09ff31
[vu:xgkick-store] sample=1 phase=issue cycle=643526 pc=0x26f8 address=0x540 mask=0xf words=bf09fe00,bf09fe00,bf09fe00,00000000
[vu:xgkick-store] sample=1 phase=commit cycle=643527 pc=0x2700 address=0x540 mask=0xf words=bf09fe00,bf09fe00,bf09fe00,00000000
[vu:xgkick-store] sample=1 phase=issue cycle=643527 pc=0x2700 address=0x550 mask=0xf words=42480000,42480000,42480000,43000000
[vu:xgkick-store] sample=1 phase=commit cycle=643528 pc=0x2708 address=0x550 mask=0xf words=42480000,42480000,42480000,43000000
[vu:xgkick-store] sample=1 phase=issue cycle=643528 pc=0x2708 address=0x560 mask=0xf words=3f7fffff,bf3b9574,3f800000,bf09fe00
[vu:xgkick-store] sample=1 phase=commit cycle=643529 pc=0x2710 address=0x560 mask=0xf words=3f7fffff,bf3b9574,3f800000,bf09fe00
[vu:xgkick-store] sample=1 phase=issue cycle=643534 pc=0x2658 address=0x540 mask=0xf words=bf09ff31,bf09ff31,bf09ff31,00000000
[vu:xgkick-store] sample=1 phase=commit cycle=643535 pc=0x2660 address=0x540 mask=0xf words=bf09ff31,bf09ff31,bf09ff31,00000000
[vu:xgkick-store] sample=1 phase=issue cycle=643535 pc=0x2660 address=0x550 mask=0xf words=42480000,42480000,42480000,43000000
[vu:xgkick-store] sample=1 phase=commit cycle=643536 pc=0x2668 address=0x550 mask=0xf words=42480000,42480000,42480000,43000000
[vu:xgkick-store] sample=1 phase=issue cycle=643536 pc=0x2668 address=0x560 mask=0xf words=3f7fffff,bf3b9574,3f800000,bf09ff31
[vu:xgkick-store] sample=1 phase=commit cycle=643537 pc=0x2670 address=0x560 mask=0xf words=3f7fffff,bf3b9574,3f800000,bf09ff31
[VU1 reserved lower] cycle=643550 pc=0x2220 instruction=0xfffffffb
[vu:xgkick-error] sample=5 reason=tag-limit cycle=643618 pc=0x60 source_qw=108 tag_offset=0 copied=16 tag_lo=0x43aa148fc3996ea7 tag_hi=0x00000000c3996ea7 nloop=28327 format=0 nreg=4 requested=1812944 limit=65536
[vu:xgkick-history] sample=1 source_qw=108 steps=64 stores=16
[vu:xgkick-step] sample=1 cycle=643550 pc=0x1050 lower=0x420f0151 upper=0x000002ff vi=0000,04cb,0233,0000,006c,0233,5e5b,0080,8000,0000,003f,0057,0000,0003,0080,0439,
[vu:xgkick-step] sample=1 cycle=643551 pc=0x1058 lower=0x100d020c upper=0x000002ff vi=0000,04cb,0233,0000,006c,0233,5e5b,0080,8000,0000,003f,0057,0000,0003,0080,020c,
[vu:xgkick-step] sample=1 cycle=643552 pc=0x1ae0 lower=0x01f10000 upper=0x000002ff vi=0000,04cb,0233,0000,006c,0233,5e5b,0080,8000,0000,003f,0057,0000,020c,0080,020c,
[vu:xgkick-step] sample=1 cycle=643553 pc=0x1ae8 lower=0x01e90009 upper=0x000002ff vi=0000,04cb,0233,0000,006c,0233,5e5b,0080,8000,0000,003f,0057,0000,020c,0080,020c,
[vu:xgkick-step] sample=1 cycle=643554 pc=0x1af0 lower=0x01ea000a upper=0x000002ff vi=0000,04cb,0233,0000,006c,0233,5e5b,0080,8000,0000,003f,0057,0000,020c,0080,020c,
[vu:xgkick-step] sample=1 cycle=643555 pc=0x1af8 lower=0x01eb000b upper=0x000002ff vi=0000,04cb,0233,0000,006c,0233,5e5b,0080,8000,0000,003f,0057,0000,020c,0080,020c,
[vu:xgkick-step] sample=1 cycle=643556 pc=0x1b00 lower=0x01ec000c upper=0x000002ff vi=0000,04cb,0233,0000,006c,0233,5e5b,0080,8000,0000,003f,0057,0000,020c,0080,020c,
[vu:xgkick-step] sample=1 cycle=643557 pc=0x1b08 lower=0x01f20001 upper=0x01f149bc vi=0000,04cb,0233,0000,006c,0233,5e5b,0080,8000,0000,003f,0057,0000,020c,0080,020c,
[vu:xgkick-step] sample=1 cycle=643558 pc=0x1b10 lower=0x01f30002 upper=0x01f150bd vi=0000,04cb,0233,0000,006c,0233,5e5b,0080,8000,0000,003f,0057,0000,020c,0080,020c,
[vu:xgkick-step] sample=1 cycle=643559 pc=0x1b18 lower=0x01f40003 upper=0x01f158be vi=0000,04cb,0233,0000,006c,0233,5e5b,0080,8000,0000,003f,0057,0000,020c,0080,020c,
[vu:xgkick-step] sample=1 cycle=643560 pc=0x1b20 lower=0x01f9000d upper=0x01f1604b vi=0000,04cb,0233,0000,006c,0233,5e5b,0080,8000,0000,003f,0057,0000,020c,0080,020c,
[vu:xgkick-step] sample=1 cycle=643561 pc=0x1b28 lower=0x01fa000e upper=0x01f249bc vi=0000,04cb,0233,0000,006c,0233,5e5b,0080,8000,0000,003f,0057,0000,020c,0080,020c,
[vu:xgkick-step] sample=1 cycle=643562 pc=0x1b30 lower=0x01fb000f upper=0x01f250bd vi=0000,04cb,0233,0000,006c,0233,5e5b,0080,8000,0000,003f,0057,0000,020c,0080,020c,
[vu:xgkick-step] sample=1 cycle=643563 pc=0x1b38 lower=0x01fc0010 upper=0x01f258be vi=0000,04cb,0233,0000,006c,0233,5e5b,0080,8000,0000,003f,0057,0000,020c,0080,020c,
[vu:xgkick-step] sample=1 cycle=643564 pc=0x1b40 lower=0x8000033c upper=0x01f2608b vi=0000,04cb,0233,0000,006c,0233,5e5b,0080,8000,0000,003f,0057,0000,020c,0080,020c,
[vu:xgkick-step] sample=1 cycle=643565 pc=0x1b48 lower=0x11e407ff upper=0x01f349bc vi=0000,04cb,0233,0000,006c,0233,5e5b,0080,8000,0000,003f,0057,0000,020c,0080,020c,
[vu:xgkick-step] sample=1 cycle=643566 pc=0x1b50 lower=0x8000033c upper=0x01f350bd vi=0000,04cb,0233,0000,7fff,0233,5e5b,0080,8000,0000,003f,0057,0000,020c,0080,020c,
[vu:xgkick-step] sample=1 cycle=643567 pc=0x1b58 lower=0x8000033c upper=0x01f358be vi=0000,04cb,0233,0000,7fff,0233,5e5b,0080,8000,0000,003f,0057,0000,020c,0080,020c,
[vu:xgkick-step] sample=1 cycle=643568 pc=0x1b60 lower=0x8000033c upper=0x01f360cb vi=0000,04cb,0233,0000,7fff,0233,5e5b,0080,8000,0000,003f,0057,0000,020c,0080,020c,
[vu:xgkick-step] sample=1 cycle=643569 pc=0x1b68 lower=0x8000033c upper=0x01f449bc vi=0000,04cb,0233,0000,7fff,0233,5e5b,0080,8000,0000,003f,0057,0000,020c,0080,020c,
[vu:xgkick-step] sample=1 cycle=643570 pc=0x1b70 lower=0x01e90016 upper=0x01f450bd vi=0000,04cb,0233,0000,7fff,0233,5e5b,0080,8000,0000,003f,0057,0000,020c,0080,020c,
[vu:xgkick-step] sample=1 cycle=643571 pc=0x1b78 lower=0x01ea0017 upper=0x01f458be vi=0000,04cb,0233,0000,7fff,0233,5e5b,0080,8000,0000,003f,0057,0000,020c,0080,020c,
[vu:xgkick-step] sample=1 cycle=643572 pc=0x1b80 lower=0x01eb0018 upper=0x01f4610b vi=0000,04cb,0233,0000,7fff,0233,5e5b,0080,8000,0000,003f,0057,0000,020c,0080,020c,
[vu:xgkick-step] sample=1 cycle=643573 pc=0x1b88 lower=0x01ec0019 upper=0x000002ff vi=0000,04cb,0233,0000,7fff,0233,5e5b,0080,8000,0000,003f,0057,0000,020c,0080,020c,
[vu:xgkick-step] sample=1 cycle=643574 pc=0x1b90 lower=0x8000033c upper=0x01f149bc vi=0000,04cb,0233,0000,7fff,0233,5e5b,0080,8000,0000,003f,0057,0000,020c,0080,020c,
[vu:xgkick-step] sample=1 cycle=643575 pc=0x1b98 lower=0x8000033c upper=0x01f150bd vi=0000,04cb,0233,0000,7fff,0233,5e5b,0080,8000,0000,003f,0057,0000,020c,0080,020c,
[vu:xgkick-step] sample=1 cycle=643576 pc=0x1ba0 lower=0x8000033c upper=0x01f158be vi=0000,04cb,0233,0000,7fff,0233,5e5b,0080,8000,0000,003f,0057,0000,020c,0080,020c,
[vu:xgkick-step] sample=1 cycle=643577 pc=0x1ba8 lower=0x8000033c upper=0x01f1634b vi=0000,04cb,0233,0000,7fff,0233,5e5b,0080,8000,0000,003f,0057,0000,020c,0080,020c,
[vu:xgkick-step] sample=1 cycle=643578 pc=0x1bb0 lower=0x8000033c upper=0x01f249bc vi=0000,04cb,0233,0000,7fff,0233,5e5b,0080,8000,0000,003f,0057,0000,020c,0080,020c,
[vu:xgkick-step] sample=1 cycle=643579 pc=0x1bb8 lower=0x8000033c upper=0x01f250bd vi=0000,04cb,0233,0000,7fff,0233,5e5b,0080,8000,0000,003f,0057,0000,020c,0080,020c,
[vu:xgkick-step] sample=1 cycle=643580 pc=0x1bc0 lower=0x8000033c upper=0x01f258be vi=0000,04cb,0233,0000,7fff,0233,5e5b,0080,8000,0000,003f,0057,0000,020c,0080,020c,
[vu:xgkick-step] sample=1 cycle=643581 pc=0x1bc8 lower=0x03e0681b upper=0x01f2638b vi=0000,04cb,0233,0000,7fff,0233,5e5b,0080,8000,0000,003f,0057,0000,020c,0080,020c,
[vu:xgkick-step] sample=1 cycle=643582 pc=0x1bd0 lower=0x8000033c upper=0x01f349bc vi=0000,04cb,0233,0000,7fff,0233,5e5b,0080,8000,0000,003f,0057,0000,020c,0080,020c,
[vu:xgkick-step] sample=1 cycle=643583 pc=0x1bd8 lower=0x8000033c upper=0x01f350bd vi=0000,04cb,0233,0000,7fff,0233,5e5b,0080,8000,0000,003f,0057,0000,020c,0080,020c,
[vu:xgkick-step] sample=1 cycle=643584 pc=0x1be0 lower=0x8000033c upper=0x01f358be vi=0000,04cb,0233,0000,7fff,0233,5e5b,0080,8000,0000,003f,0057,0000,020c,0080,020c,
[vu:xgkick-step] sample=1 cycle=643585 pc=0x1be8 lower=0x8000033c upper=0x01f363cb vi=0000,04cb,0233,0000,7fff,0233,5e5b,0080,8000,0000,003f,0057,0000,020c,0080,020c,
[vu:xgkick-step] sample=1 cycle=643586 pc=0x1bf0 lower=0x03e0701c upper=0x01f449bc vi=0000,04cb,0233,0000,7fff,0233,5e5b,0080,8000,0000,003f,0057,0000,020c,0080,020c,
[vu:xgkick-step] sample=1 cycle=643587 pc=0x1bf8 lower=0x8000033c upper=0x01f450bd vi=0000,04cb,0233,0000,7fff,0233,5e5b,0080,8000,0000,003f,0057,0000,020c,0080,020c,
[vu:xgkick-step] sample=1 cycle=643588 pc=0x1c00 lower=0x8000033c upper=0x01f458be vi=0000,04cb,0233,0000,7fff,0233,5e5b,0080,8000,0000,003f,0057,0000,020c,0080,020c,
[vu:xgkick-step] sample=1 cycle=643589 pc=0x1c08 lower=0x8000033c upper=0x01f4640b vi=0000,04cb,0233,0000,7fff,0233,5e5b,0080,8000,0000,003f,0057,0000,020c,0080,020c,
[vu:xgkick-step] sample=1 cycle=643590 pc=0x1c10 lower=0x03e0781d upper=0x01f1c9bc vi=0000,04cb,0233,0000,7fff,0233,5e5b,0080,8000,0000,003f,0057,0000,020c,0080,020c,
[vu:xgkick-step] sample=1 cycle=643591 pc=0x1c18 lower=0x8000033c upper=0x01f1d0bd vi=0000,04cb,0233,0000,7fff,0233,5e5b,0080,8000,0000,003f,0057,0000,020c,0080,020c,
[vu:xgkick-step] sample=1 cycle=643592 pc=0x1c20 lower=0x8000033c upper=0x01f1d8be vi=0000,04cb,0233,0000,7fff,0233,5e5b,0080,8000,0000,003f,0057,0000,020c,0080,020c,
[vu:xgkick-step] sample=1 cycle=643593 pc=0x1c28 lower=0x03e0801e upper=0x01f1e34b vi=0000,04cb,0233,0000,7fff,0233,5e5b,0080,8000,0000,003f,0057,0000,020c,0080,020c,
[vu:xgkick-step] sample=1 cycle=643594 pc=0x1c30 lower=0x8000033c upper=0x01f2c9bc vi=0000,04cb,0233,0000,7fff,0233,5e5b,0080,8000,0000,003f,0057,0000,020c,0080,020c,
[vu:xgkick-step] sample=1 cycle=643595 pc=0x1c38 lower=0x3c000000 upper=0x81f2d0bd vi=0000,04cb,0233,0000,7fff,0233,5e5b,0080,8000,0000,003f,0057,0000,020c,0080,020c,
[vu:xgkick-step] sample=1 cycle=643596 pc=0x1c40 lower=0x01e50015 upper=0x01f2d8be vi=0000,04cb,0233,0000,7fff,0233,5e5b,0080,8000,0000,003f,0057,0000,020c,0080,020c,
[vu:xgkick-step] sample=1 cycle=643597 pc=0x1c48 lower=0x03e068b0 upper=0x01f2e38b vi=0000,04cb,0233,0000,7fff,0233,5e5b,0080,8000,0000,003f,0057,0000,020c,0080,020c,
[vu:xgkick-step] sample=1 cycle=643598 pc=0x1c50 lower=0x01e60004 upper=0x01f3c9bc vi=0000,04cb,0233,0000,7fff,0233,5e5b,0080,8000,0000,003f,0057,0000,020c,0080,020c,
[vu:xgkick-step] sample=1 cycle=643599 pc=0x1c58 lower=0x01ff0005 upper=0x01f3d0bd vi=0000,04cb,0233,0000,7fff,0233,5e5b,0080,8000,0000,003f,0057,0000,020c,0080,020c,
[vu:xgkick-step] sample=1 cycle=643600 pc=0x1c60 lower=0x01eb0014 upper=0x01f3d8be vi=0000,04cb,0233,0000,7fff,0233,5e5b,0080,8000,0000,003f,0057,0000,020c,0080,020c,
[vu:xgkick-step] sample=1 cycle=643601 pc=0x1c68 lower=0x03e070b1 upper=0x01f3e3cb vi=0000,04cb,0233,0000,7fff,0233,5e5b,0080,8000,0000,003f,0057,0000,020c,0080,020c,
[vu:xgkick-step] sample=1 cycle=643602 pc=0x1c70 lower=0x01f20015 upper=0x01f4c9bc vi=0000,04cb,0233,0000,7fff,0233,5e5b,0080,8000,0000,003f,0057,0000,020c,0080,020c,
[vu:xgkick-step] sample=1 cycle=643603 pc=0x1c78 lower=0x01f30004 upper=0x01f4d0bd vi=0000,04cb,0233,0000,7fff,0233,5e5b,0080,8000,0000,003f,0057,0000,020c,0080,020c,
[vu:xgkick-step] sample=1 cycle=643604 pc=0x1c80 lower=0x8000033c upper=0x01f4d8be vi=0000,04cb,0233,0000,7fff,0233,5e5b,0080,8000,0000,003f,0057,0000,020c,0080,020c,
[vu:xgkick-step] sample=1 cycle=643605 pc=0x1c88 lower=0x03e078b2 upper=0x01f4e40b vi=0000,04cb,0233,0000,7fff,0233,5e5b,0080,8000,0000,003f,0057,0000,020c,0080,020c,
[vu:xgkick-step] sample=1 cycle=643607 pc=0x1c90 lower=0x10020238 upper=0x0053085a vi=0000,04cb,0233,0000,7fff,0233,5e5b,0080,8000,0000,003f,0057,0000,020c,0080,020c,
[vu:xgkick-step] sample=1 cycle=643608 pc=0x1c98 lower=0x100e0238 upper=0x0053109a vi=0000,04cb,0238,0000,7fff,0233,5e5b,0080,8000,0000,003f,0057,0000,020c,0080,020c,
[vu:xgkick-step] sample=1 cycle=643609 pc=0x1ca0 lower=0x01ed03e4 upper=0x405318da vi=0000,04cb,0238,0000,7fff,0233,5e5b,0080,8000,0000,003f,0057,0000,020c,0238,020c,
[vu:xgkick-step] sample=1 cycle=643610 pc=0x1ca8 lower=0x03e080b3 upper=0x0053211a vi=0000,04cb,0238,0000,7fff,0233,5e5b,0080,8000,0000,003f,0057,0000,020c,0238,020c,
[vu:xgkick-step] sample=1 cycle=643614 pc=0x30 lower=0x40000003 upper=0x000002ff vi=0000,04cb,0238,0000,7fff,0233,5e5b,0080,8000,0000,003f,0057,0000,020c,0238,020c,
[vu:xgkick-step] sample=1 cycle=643615 pc=0x38 lower=0x8000033c upper=0x000002ff vi=0000,04cb,0238,0000,7fff,0233,5e5b,0080,8000,0000,003f,0057,0000,020c,0238,020c,
[vu:xgkick-step] sample=1 cycle=643616 pc=0x50 lower=0x1008006c upper=0x000002ff vi=0000,04cb,0238,0000,7fff,0233,5e5b,0080,8000,0000,003f,0057,0000,020c,0238,020c,
[vu:xgkick-step] sample=1 cycle=643617 pc=0x58 lower=0x800046fc upper=0x000002ff vi=0000,04cb,0238,0000,7fff,0233,5e5b,0080,006c,0000,003f,0057,0000,020c,0238,020c,
[vu:xgkick-store] sample=1 phase=issue cycle=643581 pc=0x1bc8 address=0x1b0 mask=0xf words=c4669464,445000cc,c4669464,00000000
[vu:xgkick-store] sample=1 phase=commit cycle=643582 pc=0x1bd0 address=0x1b0 mask=0xf words=c4669464,445000cc,c4669464,00000000
[vu:xgkick-store] sample=1 phase=issue cycle=643586 pc=0x1bf0 address=0x1c0 mask=0xf words=bcd2f5c4,bcd2fa55,bcd2f5c4,00000000
[vu:xgkick-store] sample=1 phase=commit cycle=643587 pc=0x1bf8 address=0x1c0 mask=0xf words=bcd2f5c4,bcd2fa55,bcd2f5c4,00000000
[vu:xgkick-store] sample=1 phase=issue cycle=643590 pc=0x1c10 address=0x1d0 mask=0xf words=c3996cef,c3997041,c3996cef,00000000
[vu:xgkick-store] sample=1 phase=commit cycle=643591 pc=0x1c18 address=0x1d0 mask=0xf words=c3996cef,c3997041,c3996cef,00000000
[vu:xgkick-store] sample=1 phase=issue cycle=643593 pc=0x1c28 address=0x1e0 mask=0xf words=c425a644,43bab24d,c425a644,00000000
[vu:xgkick-store] sample=1 phase=commit cycle=643594 pc=0x1c30 address=0x1e0 mask=0xf words=c425a644,43bab24d,c425a644,00000000
[vu:xgkick-store] sample=1 phase=issue cycle=643597 pc=0x1c48 address=0xb00 mask=0xf words=c4669464,445000cc,c4669464,00000000
[vu:xgkick-store] sample=1 phase=commit cycle=643598 pc=0x1c50 address=0xb00 mask=0xf words=c4669464,445000cc,c4669464,00000000
[vu:xgkick-store] sample=1 phase=issue cycle=643601 pc=0x1c68 address=0xb10 mask=0xf words=bcd2f5c4,bcd2fa55,bcd2f5c4,00000000
[vu:xgkick-store] sample=1 phase=commit cycle=643602 pc=0x1c70 address=0xb10 mask=0xf words=bcd2f5c4,bcd2fa55,bcd2f5c4,00000000
[vu:xgkick-store] sample=1 phase=issue cycle=643605 pc=0x1c88 address=0xb20 mask=0xf words=c3996cef,c3997041,c3996cef,00000000
[vu:xgkick-store] sample=1 phase=commit cycle=643606 pc=0x1c90 address=0xb20 mask=0xf words=c3996cef,c3997041,c3996cef,00000000
[vu:xgkick-store] sample=1 phase=issue cycle=643610 pc=0x1ca8 address=0xb30 mask=0xf words=c425a644,43bab24d,c425a644,00000000
[vu:xgkick-store] sample=1 phase=commit cycle=643611 pc=0x1cb0 address=0xb30 mask=0xf words=c425a644,43bab24d,c425a644,00000000
[VU1 reserved lower] cycle=643618 pc=0x60 instruction=0xfffffffb
[vu:xgkick-error] sample=6 reason=tag-limit cycle=652752 pc=0x1000 source_qw=563 tag_offset=0 copied=16 tag_lo=0x0000990300005e5b tag_hi=0x0000000000000000 nloop=24155 format=0 nreg=0 requested=6183696 limit=65536
[VU1 reserved lower] cycle=652752 pc=0x1000 instruction=0xfffffffb
[vu:xgkick-error] sample=7 reason=tag-limit cycle=652756 pc=0x60 source_qw=108 tag_offset=0 copied=16 tag_lo=0x43aa148fc3996ea7 tag_hi=0x00000000c3996ea7 nloop=28327 format=0 nreg=4 requested=1812944 limit=65536
[vu:xgkick-history] sample=2 source_qw=108 steps=9198 stores=1036
[vu:xgkick-step] sample=2 cycle=652692 pc=0x1158 lower=0x03c85000 upper=0x01e021bf vi=0000,0020,0233,00b3,7fff,0233,148f,7fff,02b4,0069,02b7,0079,023d,020c,0238,0219,
[vu:xgkick-step] sample=2 cycle=652693 pc=0x1160 lower=0x01e94005 upper=0x01cd29ff vi=0000,0020,0233,00b3,7fff,0233,148f,7fff,02b4,0069,02b7,0079,023d,020c,0238,0219,
[vu:xgkick-step] sample=2 cycle=652694 pc=0x1168 lower=0x81ca7b3c upper=0x0020c610 vi=0000,0020,0233,00b3,7fff,0233,148f,7fff,02b4,0069,02b7,0079,023d,020c,0238,0219,
[vu:xgkick-step] sample=2 cycle=652695 pc=0x1170 lower=0x81fc2b3c upper=0x01feb97c vi=0000,0020,0233,00b3,7fff,0233,148f,7fff,02b4,0069,02b7,0079,023d,020c,0238,0219,
[vu:xgkick-step] sample=2 cycle=652696 pc=0x1178 lower=0x80377b3c upper=0x01f408bc vi=0000,0020,0233,00b3,7fff,0233,148f,7fff,02b4,0069,02b7,0079,023d,020c,0238,0219,
[vu:xgkick-step] sample=2 cycle=652697 pc=0x1180 lower=0x2402fbef upper=0x01f410bd vi=0000,0020,0233,00b3,7fff,0233,148f,7fff,02b4,0069,02b7,0079,023d,020c,0238,0219,
[vu:xgkick-step] sample=2 cycle=652698 pc=0x1188 lower=0x520100f7 upper=0x01f41e4a vi=0000,0001,0233,00b3,7fff,0233,148f,7fff,02b4,0069,02b7,0079,023d,020c,0238,0219,
[vu:xgkick-step] sample=2 cycle=652699 pc=0x1190 lower=0x03e8f001 upper=0x00385e03 vi=0000,0001,0233,00b3,7fff,0233,148f,7fff,02b4,0069,02b7,0079,023d,020c,0238,0219,
[vu:xgkick-step] sample=2 cycle=652700 pc=0x1948 lower=0x45000000 upper=0x800002ff vi=0000,0001,0233,00b3,7fff,0233,148f,7fff,02b4,0069,02b7,0079,023d,020c,0238,0219,
[vu:xgkick-step] sample=2 cycle=652701 pc=0x1950 lower=0x800862f1 upper=0x01e05a7e vi=0000,0001,0233,00b3,7fff,0233,148f,7fff,02b4,0069,02b7,0079,023d,020c,0238,0219,
[vu:xgkick-step] sample=2 cycle=652702 pc=0x1958 lower=0x10010010 upper=0x000002ff vi=0000,0001,0233,00b3,7fff,0233,148f,7fff,02b4,0069,02b7,ff89,023d,020c,0238,0219,
[vu:xgkick-step] sample=2 cycle=652703 pc=0x1960 lower=0x5e00582d upper=0x000002ff vi=0000,0010,0233,00b3,7fff,0233,148f,7fff,02b4,0069,02b7,ff89,023d,020c,0238,0219,
[vu:xgkick-step] sample=2 cycle=652704 pc=0x1968 lower=0x082347fa upper=0x000002ff vi=0000,0010,0233,00b3,7fff,0233,148f,7fff,02b4,0069,02b7,ff89,023d,020c,0238,0219,
[vu:xgkick-step] sample=2 cycle=652705 pc=0x1970 lower=0x34010800 upper=0x000002ff vi=0000,0010,0233,00b3,7fff,0233,148f,7fff,02b4,0069,02b7,ff89,023d,020c,0238,0219,
[vu:xgkick-step] sample=2 cycle=652706 pc=0x1978 lower=0x5001002a upper=0x000002ff vi=0000,0010,0233,00b3,7fff,0233,148f,7fff,02b4,0069,02b7,ff89,023d,020c,0238,0219,
[vu:xgkick-step] sample=2 cycle=652707 pc=0x1980 lower=0x01fb001e upper=0x000002ff vi=0000,0010,0233,00b3,7fff,0233,148f,7fff,02b4,0069,02b7,ff89,023d,020c,0238,0219,
[vu:xgkick-step] sample=2 cycle=652708 pc=0x1988 lower=0x082b47fd upper=0x0020c622 vi=0000,0010,0233,0079,7fff,0233,148f,7fff,02b4,0069,02b7,ff89,023d,020c,0238,0219,
[vu:xgkick-step] sample=2 cycle=652709 pc=0x1990 lower=0x01f518b5 upper=0x000002ff vi=0000,0010,0233,0079,7fff,0233,148f,7fff,02b4,0069,02b7,ff89,023d,020c,0238,0219,
[vu:xgkick-step] sample=2 cycle=652710 pc=0x1998 lower=0x01ef001b upper=0x000002ff vi=0000,0010,0233,0079,7fff,0233,148f,7fff,02b4,0069,02b7,ff89,023d,020c,0238,0219,
[vu:xgkick-step] sample=2 cycle=652711 pc=0x19a0 lower=0x01f0001c upper=0x000002ff vi=0000,0010,0233,0079,7fff,0233,148f,7fff,02b4,0069,02b7,ff89,023d,020c,0238,0219,
[vu:xgkick-step] sample=2 cycle=652712 pc=0x19a8 lower=0x01eb001d upper=0x000002ff vi=0000,0010,0233,0079,7fff,0233,148f,7fff,02b4,0069,02b7,00b4,023d,020c,0238,0219,
[vu:xgkick-step] sample=2 cycle=652713 pc=0x19b0 lower=0x01fe58b5 upper=0x01e0d9bf vi=0000,0010,0233,0079,7fff,0233,148f,7fff,02b4,0069,02b7,00b4,023d,020c,0238,0219,
[vu:xgkick-step] sample=2 cycle=652714 pc=0x19b8 lower=0x08214000 upper=0x01f578bc vi=0000,0010,0233,0079,7fff,0233,148f,7fff,02b4,0069,02b7,00b4,023d,020c,0238,0219,
[vu:xgkick-step] sample=2 cycle=652715 pc=0x19c0 lower=0x01d147fa upper=0x01f580bd vi=0000,0010,0233,0079,7fff,0233,148f,7fff,02b4,0069,02b7,00b4,023d,020c,0238,0219,
[vu:xgkick-step] sample=2 cycle=652716 pc=0x19c8 lower=0x01c547fd upper=0x01f5598a vi=0000,0010,0233,0079,7fff,0233,148f,7fff,02b4,0069,02b7,00b4,023d,020c,0238,0219,
[vu:xgkick-step] sample=2 cycle=652717 pc=0x19d0 lower=0x01d64000 upper=0x01fe79bc vi=0000,0010,0233,0079,7fff,0233,148f,7fff,02b4,0069,02b7,00b4,023d,020c,0238,0219,
[vu:xgkick-step] sample=2 cycle=652718 pc=0x19d8 lower=0x01ec08b5 upper=0x01fe80bd vi=0000,00af,0233,0079,7fff,0233,148f,7fff,02b4,0069,02b7,00b4,023d,020c,0238,0219,
[vu:xgkick-step] sample=2 cycle=652719 pc=0x19e0 lower=0x817103bc upper=0x01fe58be vi=0000,00af,0233,0079,7fff,0233,148f,7fff,02b4,0069,02b7,00b4,023d,020c,0238,0219,
[vu:xgkick-step] sample=2 cycle=652720 pc=0x19e8 lower=0x800439f5 upper=0x01c631ff vi=0000,00af,0233,0079,7fff,0233,148f,7fff,02b4,0069,02b7,00b4,023d,020c,0238,0219,
[vu:xgkick-step] sample=2 cycle=652721 pc=0x19f0 lower=0x8000033c upper=0x01e0decb vi=0000,00af,0233,0079,7fff,0233,148f,7fff,02b4,0069,02b7,00b4,023d,020c,0238,0219,
[vu:xgkick-step] sample=2 cycle=652722 pc=0x19f8 lower=0x01e6001e upper=0x01ec79bc vi=0000,00af,0233,0079,7fff,0233,148f,7fff,02b4,0069,02b7,00b4,023d,020c,0238,0219,
[vu:xgkick-step] sample=2 cycle=652723 pc=0x1a00 lower=0x8000033c upper=0x01ec80bd vi=0000,00af,0233,0079,7fff,0233,148f,7fff,02b4,0069,02b7,00b4,023d,020c,0238,0219,
[vu:xgkick-step] sample=2 cycle=652724 pc=0x1a08 lower=0x8000033c upper=0x01ec58be vi=0000,00af,0233,0079,7fff,0233,148f,7fff,02b4,0069,02b7,00b4,023d,020c,0238,0219,
[vu:xgkick-step] sample=2 cycle=652725 pc=0x1a10 lower=0x8000033c upper=0x01dbd9ff vi=0000,00af,0233,0079,7fff,0233,148f,7fff,02b4,0069,02b7,00b4,023d,020c,0238,0219,
[vu:xgkick-step] sample=2 cycle=652726 pc=0x1a18 lower=0x816503bc upper=0x01e0318b vi=0000,00af,0233,0079,7fff,0233,148f,7fff,02b4,0069,02b7,00b4,023d,020c,0238,0219,
[vu:xgkick-step] sample=2 cycle=652727 pc=0x1a20 lower=0x8000033c upper=0x01808c5c vi=0000,00af,0233,0079,7fff,0233,148f,7fff,02b4,0069,02b7,00b4,023d,020c,0238,0219,
[vu:xgkick-step] sample=2 cycle=652728 pc=0x1a28 lower=0x8000033c upper=0x00400443 vi=0000,00af,0233,0079,7fff,0233,148f,7fff,02b4,0069,02b7,00b4,023d,020c,0238,0219,
[vu:xgkick-step] sample=2 cycle=652729 pc=0x1a30 lower=0x8000033c upper=0x000002ff vi=0000,00af,0233,0079,7fff,0233,148f,7fff,02b4,0069,02b7,00b4,023d,020c,0238,0219,
[vu:xgkick-step] sample=2 cycle=652730 pc=0x1a38 lower=0x8000033c upper=0x01c631ff vi=0000,00af,0233,0079,7fff,0233,148f,7fff,02b4,0069,02b7,00b4,023d,020c,0238,0219,
[vu:xgkick-step] sample=2 cycle=652731 pc=0x1a40 lower=0x8000033c upper=0x000002ff vi=0000,00af,0233,0079,7fff,0233,148f,7fff,02b4,0069,02b7,00b4,023d,020c,0238,0219,
[vu:xgkick-step] sample=2 cycle=652732 pc=0x1a48 lower=0x8000033c upper=0x000002ff vi=0000,00af,0233,0079,7fff,0233,148f,7fff,02b4,0069,02b7,00b4,023d,020c,0238,0219,
[vu:xgkick-step] sample=2 cycle=652733 pc=0x1a50 lower=0x817603bc upper=0x0180295c vi=0000,00af,0233,0079,7fff,0233,148f,7fff,02b4,0069,02b7,00b4,023d,020c,0238,0219,
[vu:xgkick-step] sample=2 cycle=652734 pc=0x1a58 lower=0x26fdf7df upper=0x00400143 vi=0000,00af,0233,0079,7fff,0233,148f,7fff,02b4,0069,02b7,00b4,023d,020c,0238,0219,
[vu:xgkick-step] sample=2 cycle=652735 pc=0x1a60 lower=0x5201000b upper=0x000002ff vi=0000,0001,0233,0079,7fff,0233,148f,7fff,02b4,0069,02b7,00b4,023d,020c,0238,0219,
[vu:xgkick-step] sample=2 cycle=652736 pc=0x1a68 lower=0x26ffbefb upper=0x000002ff vi=0000,0001,0233,0079,7fff,0233,148f,7fff,02b4,0069,02b7,00b4,023d,020c,0238,0219,
[vu:xgkick-step] sample=2 cycle=652737 pc=0x1ac0 lower=0x8000033c upper=0x01cde9ff vi=0000,0000,0233,0079,7fff,0233,148f,7fff,02b4,0069,02b7,00b4,023d,020c,0238,0219,
[vu:xgkick-step] sample=2 cycle=652738 pc=0x1ac8 lower=0x8000033c upper=0x01cde1ff vi=0000,0000,0233,0079,7fff,0233,148f,7fff,02b4,0069,02b7,00b4,023d,020c,0238,0219,
[vu:xgkick-step] sample=2 cycle=652739 pc=0x1ad0 lower=0x48002800 upper=0x000002ff vi=0000,0000,0233,0079,7fff,0233,148f,7fff,02b4,0069,02b7,00b4,023d,020c,0238,0219,
[vu:xgkick-step] sample=2 cycle=652740 pc=0x1ad8 lower=0x437f0000 upper=0x800002ff vi=0000,0000,0233,0079,7fff,0233,148f,7fff,02b4,0069,02b7,00b4,023d,020c,0238,0219,
[vu:xgkick-step] sample=2 cycle=652741 pc=0x1198 lower=0x10084003 upper=0x0037bddb vi=0000,0000,0233,0079,7fff,0233,148f,7fff,02b4,0069,02b7,00b4,023d,020c,0238,0219,
[vu:xgkick-step] sample=2 cycle=652742 pc=0x11a0 lower=0x81fde33c upper=0x01e839ea vi=0000,0000,0233,0079,7fff,0233,148f,7fff,02b7,0069,02b7,00b4,023d,020c,0238,0219,
[vu:xgkick-step] sample=2 cycle=652743 pc=0x11a8 lower=0x81f903bc upper=0x01e9493e vi=0000,0000,0233,0079,7fff,0233,148f,7fff,02b7,0069,02b7,00b4,023d,020c,0238,0219,
[vu:xgkick-step] sample=2 cycle=652744 pc=0x11b0 lower=0x803ecb3c upper=0x01f8c17d vi=0000,0000,0233,0079,7fff,0233,148f,7fff,02b7,0069,02b7,00b4,023d,020c,0238,0219,
[vu:xgkick-step] sample=2 cycle=652745 pc=0x11b8 lower=0x8039933c upper=0x01f7f9bf vi=0000,0000,0233,0079,7fff,0233,148f,7fff,02b7,0069,02b7,00b4,023d,020c,0238,0219,
[vu:xgkick-step] sample=2 cycle=652746 pc=0x11c0 lower=0x8000033c upper=0x01c0d0bf vi=0000,0000,0233,0079,7fff,0233,148f,7fff,02b7,0069,02b7,00b4,023d,020c,0238,0219,
[vu:xgkick-step] sample=2 cycle=652747 pc=0x11c8 lower=0x520a47e8 upper=0x01ea3de9 vi=0000,0000,0233,0079,7fff,0233,148f,7fff,02b7,0069,02b7,00b4,023d,020c,0238,0219,
[vu:xgkick-step] sample=2 cycle=652748 pc=0x11d0 lower=0x03e8c7ff upper=0x01934a68 vi=0000,0000,0233,0079,7fff,0233,148f,7fff,02b7,0069,02b7,00b4,023d,020c,0238,0219,
[vu:xgkick-step] sample=2 cycle=652749 pc=0x11d8 lower=0x400007c3 upper=0x000002ff vi=0000,0000,0233,0079,7fff,0233,148f,7fff,02b7,0069,02b7,00b4,023d,020c,0238,0219,
[vu:xgkick-step] sample=2 cycle=652750 pc=0x11e0 lower=0x8000033c upper=0x000002ff vi=0000,0000,0233,0079,7fff,0233,148f,7fff,02b7,0069,02b7,00b4,023d,020c,0238,0219,
[vu:xgkick-step] sample=2 cycle=652751 pc=0xff8 lower=0x800016fc upper=0x000002ff vi=0000,0000,0233,0079,7fff,0233,148f,7fff,02b7,0069,02b7,00b4,023d,020c,0238,0219,
[vu:xgkick-step] sample=2 cycle=652752 pc=0x30 lower=0x40000003 upper=0x000002ff vi=0000,0000,0233,0079,7fff,0233,148f,7fff,02b7,0069,02b7,00b4,023d,020c,0238,0219,
[vu:xgkick-step] sample=2 cycle=652753 pc=0x38 lower=0x8000033c upper=0x000002ff vi=0000,0000,0233,0079,7fff,0233,148f,7fff,02b7,0069,02b7,00b4,023d,020c,0238,0219,
[vu:xgkick-step] sample=2 cycle=652754 pc=0x50 lower=0x1008006c upper=0x000002ff vi=0000,0000,0233,0079,7fff,0233,148f,7fff,02b7,0069,02b7,00b4,023d,020c,0238,0219,
[vu:xgkick-step] sample=2 cycle=652755 pc=0x58 lower=0x800046fc upper=0x000002ff vi=0000,0000,0233,0079,7fff,0233,148f,7fff,006c,0069,02b7,00b4,023d,020c,0238,0219,
[vu:xgkick-store] sample=2 phase=issue cycle=652418 pc=0x11d0 address=0x2a70 mask=0xf words=7fffffff,80000000,7fffffff,ff89af10
[vu:xgkick-store] sample=2 phase=commit cycle=652419 pc=0x1110 address=0x2a70 mask=0xf words=7fffffff,80000000,7fffffff,ff89af10
[vu:xgkick-store] sample=2 phase=issue cycle=652428 pc=0x1158 address=0x2a80 mask=0xe words=bf19a000,bf02d000,489e5e13,3f800000
[vu:xgkick-store] sample=2 phase=commit cycle=652429 pc=0x1160 address=0x2a80 mask=0xe words=bf19a000,bf02d000,489e5e13,3f800000
[vu:xgkick-store] sample=2 phase=issue cycle=652435 pc=0x1190 address=0x2a90 mask=0xf words=00000032,00000032,00000032,00000080
[vu:xgkick-store] sample=2 phase=commit cycle=652436 pc=0x1948 address=0x2a90 mask=0xf words=00000032,00000032,00000032,00000080
[vu:xgkick-store] sample=2 phase=issue cycle=652484 pc=0x11d0 address=0x2aa0 mask=0xf words=7fffffff,80000000,7fffffff,ff89af10
[vu:xgkick-store] sample=2 phase=commit cycle=652485 pc=0x1110 address=0x2aa0 mask=0xf words=7fffffff,80000000,7fffffff,ff89af10
[vu:xgkick-store] sample=2 phase=issue cycle=652494 pc=0x1158 address=0x2ab0 mask=0xe words=bf19d000,bf07c000,489e5e13,3f800000
[vu:xgkick-store] sample=2 phase=commit cycle=652495 pc=0x1160 address=0x2ab0 mask=0xe words=bf19d000,bf07c000,489e5e13,3f800000
[vu:xgkick-store] sample=2 phase=issue cycle=652501 pc=0x1190 address=0x2ac0 mask=0xf words=00000032,00000032,00000032,00000080
[vu:xgkick-store] sample=2 phase=commit cycle=652502 pc=0x1948 address=0x2ac0 mask=0xf words=00000032,00000032,00000032,00000080
[vu:xgkick-store] sample=2 phase=issue cycle=652550 pc=0x11d0 address=0x2ad0 mask=0xf words=7fffffff,80000000,7fffffff,ff89af10
[vu:xgkick-store] sample=2 phase=commit cycle=652551 pc=0x1110 address=0x2ad0 mask=0xf words=7fffffff,80000000,7fffffff,ff89af10
[vu:xgkick-store] sample=2 phase=issue cycle=652560 pc=0x1158 address=0x2ae0 mask=0xe words=bf262000,bf02d000,489e5e13,3f800000
[vu:xgkick-store] sample=2 phase=commit cycle=652561 pc=0x1160 address=0x2ae0 mask=0xe words=bf262000,bf02d000,489e5e13,3f800000
[vu:xgkick-store] sample=2 phase=issue cycle=652567 pc=0x1190 address=0x2af0 mask=0xf words=ffffc4cc,000000ff,ffffb5f2,00000080
[vu:xgkick-store] sample=2 phase=commit cycle=652568 pc=0x1948 address=0x2af0 mask=0xf words=ffffc4cc,000000ff,ffffb5f2,00000080
[vu:xgkick-store] sample=2 phase=issue cycle=652616 pc=0x11d0 address=0x2b00 mask=0xf words=7fffffff,80000000,7fffffff,ff89af10
[vu:xgkick-store] sample=2 phase=commit cycle=652617 pc=0x1110 address=0x2b00 mask=0xf words=7fffffff,80000000,7fffffff,ff89af10
[vu:xgkick-store] sample=2 phase=issue cycle=652626 pc=0x1158 address=0x2b10 mask=0xe words=bf247000,bf07c000,489e5e13,3f800000
[vu:xgkick-store] sample=2 phase=commit cycle=652627 pc=0x1160 address=0x2b10 mask=0xe words=bf247000,bf07c000,489e5e13,3f800000
[vu:xgkick-store] sample=2 phase=issue cycle=652633 pc=0x1190 address=0x2b20 mask=0xf words=00000032,00000032,00000032,00000080
[vu:xgkick-store] sample=2 phase=commit cycle=652634 pc=0x1948 address=0x2b20 mask=0xf words=00000032,00000032,00000032,00000080
[vu:xgkick-store] sample=2 phase=issue cycle=652682 pc=0x11d0 address=0x2b30 mask=0xf words=7fffffff,80000000,7fffffff,ff89af10
[vu:xgkick-store] sample=2 phase=commit cycle=652683 pc=0x1110 address=0x2b30 mask=0xf words=7fffffff,80000000,7fffffff,ff89af10
[vu:xgkick-store] sample=2 phase=issue cycle=652692 pc=0x1158 address=0x2b40 mask=0xe words=bf2cf000,bf07c000,489e5e13,3f800000
[vu:xgkick-store] sample=2 phase=commit cycle=652693 pc=0x1160 address=0x2b40 mask=0xe words=bf2cf000,bf07c000,489e5e13,3f800000
[vu:xgkick-store] sample=2 phase=issue cycle=652699 pc=0x1190 address=0x2b50 mask=0xf words=ffffe597,000000ff,ffffdfad,00000080
[vu:xgkick-store] sample=2 phase=commit cycle=652700 pc=0x1948 address=0x2b50 mask=0xf words=ffffe597,000000ff,ffffdfad,00000080
[vu:xgkick-store] sample=2 phase=issue cycle=652748 pc=0x11d0 address=0x2b60 mask=0xf words=7fffffff,80000000,7fffffff,ff89af10
[vu:xgkick-store] sample=2 phase=commit cycle=652749 pc=0x11d8 address=0x2b60 mask=0xf words=7fffffff,80000000,7fffffff,ff89af10
[VU1 reserved lower] cycle=652756 pc=0x60 instruction=0xfffffffb
[vu:xgkick-error] sample=8 reason=tag-limit cycle=661546 pc=0x1000 source_qw=563 tag_offset=0 copied=16 tag_lo=0x0000990300005e5b tag_hi=0x0000000000000000 nloop=24155 format=0 nreg=0 requested=6183696 limit=65536
[VU1 reserved lower] cycle=661546 pc=0x1000 instruction=0xfffffffb
[vu:xgkick-error] sample=9 reason=tag-limit cycle=661550 pc=0x60 source_qw=108 tag_offset=0 copied=16 tag_lo=0x43aa148fc3996ea7 tag_hi=0x00000000c3996ea7 nloop=28327 format=0 nreg=4 requested=1812944 limit=65536
[vu:xgkick-history] sample=3 source_qw=108 steps=17988 stores=2012
[vu:xgkick-step] sample=3 cycle=661486 pc=0x1158 lower=0x03c85000 upper=0x01e021bf vi=0000,0020,0233,005a,7fff,0233,5bc0,7fff,02ba,0000,02bd,0059,023d,020c,0238,0219,
[vu:xgkick-step] sample=3 cycle=661487 pc=0x1160 lower=0x01e94005 upper=0x01cd29ff vi=0000,0020,0233,005a,7fff,0233,5bc0,7fff,02ba,0000,02bd,0059,023d,020c,0238,0219,
[vu:xgkick-step] sample=3 cycle=661488 pc=0x1168 lower=0x81ca7b3c upper=0x0020c610 vi=0000,0020,0233,005a,7fff,0233,5bc0,7fff,02ba,0000,02bd,0059,023d,020c,0238,0219,
[vu:xgkick-step] sample=3 cycle=661489 pc=0x1170 lower=0x81fc2b3c upper=0x01feb97c vi=0000,0020,0233,005a,7fff,0233,5bc0,7fff,02ba,0000,02bd,0059,023d,020c,0238,0219,
[vu:xgkick-step] sample=3 cycle=661490 pc=0x1178 lower=0x80377b3c upper=0x01f408bc vi=0000,0020,0233,005a,7fff,0233,5bc0,7fff,02ba,0000,02bd,0059,023d,020c,0238,0219,
[vu:xgkick-step] sample=3 cycle=661491 pc=0x1180 lower=0x2402fbef upper=0x01f410bd vi=0000,0020,0233,005a,7fff,0233,5bc0,7fff,02ba,0000,02bd,0059,023d,020c,0238,0219,
[vu:xgkick-step] sample=3 cycle=661492 pc=0x1188 lower=0x520100f7 upper=0x01f41e4a vi=0000,0001,0233,005a,7fff,0233,5bc0,7fff,02ba,0000,02bd,0059,023d,020c,0238,0219,
[vu:xgkick-step] sample=3 cycle=661493 pc=0x1190 lower=0x03e8f001 upper=0x00385e03 vi=0000,0001,0233,005a,7fff,0233,5bc0,7fff,02ba,0000,02bd,0059,023d,020c,0238,0219,
[vu:xgkick-step] sample=3 cycle=661494 pc=0x1948 lower=0x45000000 upper=0x800002ff vi=0000,0001,0233,005a,7fff,0233,5bc0,7fff,02ba,0000,02bd,0059,023d,020c,0238,0219,
[vu:xgkick-step] sample=3 cycle=661495 pc=0x1950 lower=0x800862f1 upper=0x01e05a7e vi=0000,0001,0233,005a,7fff,0233,5bc0,7fff,02ba,0000,02bd,0059,023d,020c,0238,0219,
[vu:xgkick-step] sample=3 cycle=661496 pc=0x1958 lower=0x10010010 upper=0x000002ff vi=0000,0001,0233,005a,7fff,0233,5bc0,7fff,02ba,0000,02bd,ff83,023d,020c,0238,0219,
[vu:xgkick-step] sample=3 cycle=661497 pc=0x1960 lower=0x5e00582d upper=0x000002ff vi=0000,0010,0233,005a,7fff,0233,5bc0,7fff,02ba,0000,02bd,ff83,023d,020c,0238,0219,
[vu:xgkick-step] sample=3 cycle=661498 pc=0x1968 lower=0x082347fa upper=0x000002ff vi=0000,0010,0233,005a,7fff,0233,5bc0,7fff,02ba,0000,02bd,ff83,023d,020c,0238,0219,
[vu:xgkick-step] sample=3 cycle=661499 pc=0x1970 lower=0x34010800 upper=0x000002ff vi=0000,0010,0233,005a,7fff,0233,5bc0,7fff,02ba,0000,02bd,ff83,023d,020c,0238,0219,
[vu:xgkick-step] sample=3 cycle=661500 pc=0x1978 lower=0x5001002a upper=0x000002ff vi=0000,0010,0233,005a,7fff,0233,5bc0,7fff,02ba,0000,02bd,ff83,023d,020c,0238,0219,
[vu:xgkick-step] sample=3 cycle=661501 pc=0x1980 lower=0x01fb001e upper=0x000002ff vi=0000,0010,0233,005a,7fff,0233,5bc0,7fff,02ba,0000,02bd,ff83,023d,020c,0238,0219,
[vu:xgkick-step] sample=3 cycle=661502 pc=0x1988 lower=0x082b47fd upper=0x0020c622 vi=0000,0010,0233,0059,7fff,0233,5bc0,7fff,02ba,0000,02bd,ff83,023d,020c,0238,0219,
[vu:xgkick-step] sample=3 cycle=661503 pc=0x1990 lower=0x01f518b5 upper=0x000002ff vi=0000,0010,0233,0059,7fff,0233,5bc0,7fff,02ba,0000,02bd,ff83,023d,020c,0238,0219,
[vu:xgkick-step] sample=3 cycle=661504 pc=0x1998 lower=0x01ef001b upper=0x000002ff vi=0000,0010,0233,0059,7fff,0233,5bc0,7fff,02ba,0000,02bd,ff83,023d,020c,0238,0219,
[vu:xgkick-step] sample=3 cycle=661505 pc=0x19a0 lower=0x01f0001c upper=0x000002ff vi=0000,0010,0233,0059,7fff,0233,5bc0,7fff,02ba,0000,02bd,ff83,023d,020c,0238,0219,
[vu:xgkick-step] sample=3 cycle=661506 pc=0x19a8 lower=0x01eb001d upper=0x000002ff vi=0000,0010,0233,0059,7fff,0233,5bc0,7fff,02ba,0000,02bd,0050,023d,020c,0238,0219,
[vu:xgkick-step] sample=3 cycle=661507 pc=0x19b0 lower=0x01fe58b5 upper=0x01e0d9bf vi=0000,0010,0233,0059,7fff,0233,5bc0,7fff,02ba,0000,02bd,0050,023d,020c,0238,0219,
[vu:xgkick-step] sample=3 cycle=661508 pc=0x19b8 lower=0x08214000 upper=0x01f578bc vi=0000,0010,0233,0059,7fff,0233,5bc0,7fff,02ba,0000,02bd,0050,023d,020c,0238,0219,
[vu:xgkick-step] sample=3 cycle=661509 pc=0x19c0 lower=0x01d147fa upper=0x01f580bd vi=0000,0010,0233,0059,7fff,0233,5bc0,7fff,02ba,0000,02bd,0050,023d,020c,0238,0219,
[vu:xgkick-step] sample=3 cycle=661510 pc=0x19c8 lower=0x01c547fd upper=0x01f5598a vi=0000,0010,0233,0059,7fff,0233,5bc0,7fff,02ba,0000,02bd,0050,023d,020c,0238,0219,
[vu:xgkick-step] sample=3 cycle=661511 pc=0x19d0 lower=0x01d64000 upper=0x01fe79bc vi=0000,0010,0233,0059,7fff,0233,5bc0,7fff,02ba,0000,02bd,0050,023d,020c,0238,0219,
[vu:xgkick-step] sample=3 cycle=661512 pc=0x19d8 lower=0x01ec08b5 upper=0x01fe80bd vi=0000,004f,0233,0059,7fff,0233,5bc0,7fff,02ba,0000,02bd,0050,023d,020c,0238,0219,
[vu:xgkick-step] sample=3 cycle=661513 pc=0x19e0 lower=0x817103bc upper=0x01fe58be vi=0000,004f,0233,0059,7fff,0233,5bc0,7fff,02ba,0000,02bd,0050,023d,020c,0238,0219,
[vu:xgkick-step] sample=3 cycle=661514 pc=0x19e8 lower=0x800439f5 upper=0x01c631ff vi=0000,004f,0233,0059,7fff,0233,5bc0,7fff,02ba,0000,02bd,0050,023d,020c,0238,0219,
[vu:xgkick-step] sample=3 cycle=661515 pc=0x19f0 lower=0x8000033c upper=0x01e0decb vi=0000,004f,0233,0059,7fff,0233,5bc0,7fff,02ba,0000,02bd,0050,023d,020c,0238,0219,
[vu:xgkick-step] sample=3 cycle=661516 pc=0x19f8 lower=0x01e6001e upper=0x01ec79bc vi=0000,004f,0233,0059,7fff,0233,5bc0,7fff,02ba,0000,02bd,0050,023d,020c,0238,0219,
[vu:xgkick-step] sample=3 cycle=661517 pc=0x1a00 lower=0x8000033c upper=0x01ec80bd vi=0000,004f,0233,0059,7fff,0233,5bc0,7fff,02ba,0000,02bd,0050,023d,020c,0238,0219,
[vu:xgkick-step] sample=3 cycle=661518 pc=0x1a08 lower=0x8000033c upper=0x01ec58be vi=0000,004f,0233,0059,7fff,0233,5bc0,7fff,02ba,0000,02bd,0050,023d,020c,0238,0219,
[vu:xgkick-step] sample=3 cycle=661519 pc=0x1a10 lower=0x8000033c upper=0x01dbd9ff vi=0000,004f,0233,0059,7fff,0233,5bc0,7fff,02ba,0000,02bd,0050,023d,020c,0238,0219,
[vu:xgkick-step] sample=3 cycle=661520 pc=0x1a18 lower=0x816503bc upper=0x01e0318b vi=0000,004f,0233,0059,7fff,0233,5bc0,7fff,02ba,0000,02bd,0050,023d,020c,0238,0219,
[vu:xgkick-step] sample=3 cycle=661521 pc=0x1a20 lower=0x8000033c upper=0x01808c5c vi=0000,004f,0233,0059,7fff,0233,5bc0,7fff,02ba,0000,02bd,0050,023d,020c,0238,0219,
[vu:xgkick-step] sample=3 cycle=661522 pc=0x1a28 lower=0x8000033c upper=0x00400443 vi=0000,004f,0233,0059,7fff,0233,5bc0,7fff,02ba,0000,02bd,0050,023d,020c,0238,0219,
[vu:xgkick-step] sample=3 cycle=661523 pc=0x1a30 lower=0x8000033c upper=0x000002ff vi=0000,004f,0233,0059,7fff,0233,5bc0,7fff,02ba,0000,02bd,0050,023d,020c,0238,0219,
[vu:xgkick-step] sample=3 cycle=661524 pc=0x1a38 lower=0x8000033c upper=0x01c631ff vi=0000,004f,0233,0059,7fff,0233,5bc0,7fff,02ba,0000,02bd,0050,023d,020c,0238,0219,
[vu:xgkick-step] sample=3 cycle=661525 pc=0x1a40 lower=0x8000033c upper=0x000002ff vi=0000,004f,0233,0059,7fff,0233,5bc0,7fff,02ba,0000,02bd,0050,023d,020c,0238,0219,
[vu:xgkick-step] sample=3 cycle=661526 pc=0x1a48 lower=0x8000033c upper=0x000002ff vi=0000,004f,0233,0059,7fff,0233,5bc0,7fff,02ba,0000,02bd,0050,023d,020c,0238,0219,
[vu:xgkick-step] sample=3 cycle=661527 pc=0x1a50 lower=0x817603bc upper=0x0180295c vi=0000,004f,0233,0059,7fff,0233,5bc0,7fff,02ba,0000,02bd,0050,023d,020c,0238,0219,
[vu:xgkick-step] sample=3 cycle=661528 pc=0x1a58 lower=0x26fdf7df upper=0x00400143 vi=0000,004f,0233,0059,7fff,0233,5bc0,7fff,02ba,0000,02bd,0050,023d,020c,0238,0219,
[vu:xgkick-step] sample=3 cycle=661529 pc=0x1a60 lower=0x5201000b upper=0x000002ff vi=0000,0001,0233,0059,7fff,0233,5bc0,7fff,02ba,0000,02bd,0050,023d,020c,0238,0219,
[vu:xgkick-step] sample=3 cycle=661530 pc=0x1a68 lower=0x26ffbefb upper=0x000002ff vi=0000,0001,0233,0059,7fff,0233,5bc0,7fff,02ba,0000,02bd,0050,023d,020c,0238,0219,
[vu:xgkick-step] sample=3 cycle=661531 pc=0x1ac0 lower=0x8000033c upper=0x01cde9ff vi=0000,0000,0233,0059,7fff,0233,5bc0,7fff,02ba,0000,02bd,0050,023d,020c,0238,0219,
[vu:xgkick-step] sample=3 cycle=661532 pc=0x1ac8 lower=0x8000033c upper=0x01cde1ff vi=0000,0000,0233,0059,7fff,0233,5bc0,7fff,02ba,0000,02bd,0050,023d,020c,0238,0219,
[vu:xgkick-step] sample=3 cycle=661533 pc=0x1ad0 lower=0x48002800 upper=0x000002ff vi=0000,0000,0233,0059,7fff,0233,5bc0,7fff,02ba,0000,02bd,0050,023d,020c,0238,0219,
[vu:xgkick-step] sample=3 cycle=661534 pc=0x1ad8 lower=0x437f0000 upper=0x800002ff vi=0000,0000,0233,0059,7fff,0233,5bc0,7fff,02ba,0000,02bd,0050,023d,020c,0238,0219,
[vu:xgkick-step] sample=3 cycle=661535 pc=0x1198 lower=0x10084003 upper=0x0037bddb vi=0000,0000,0233,0059,7fff,0233,5bc0,7fff,02ba,0000,02bd,0050,023d,020c,0238,0219,
[vu:xgkick-step] sample=3 cycle=661536 pc=0x11a0 lower=0x81fde33c upper=0x01e839ea vi=0000,0000,0233,0059,7fff,0233,5bc0,7fff,02bd,0000,02bd,0050,023d,020c,0238,0219,
[vu:xgkick-step] sample=3 cycle=661537 pc=0x11a8 lower=0x81f903bc upper=0x01e9493e vi=0000,0000,0233,0059,7fff,0233,5bc0,7fff,02bd,0000,02bd,0050,023d,020c,0238,0219,
[vu:xgkick-step] sample=3 cycle=661538 pc=0x11b0 lower=0x803ecb3c upper=0x01f8c17d vi=0000,0000,0233,0059,7fff,0233,5bc0,7fff,02bd,0000,02bd,0050,023d,020c,0238,0219,
[vu:xgkick-step] sample=3 cycle=661539 pc=0x11b8 lower=0x8039933c upper=0x01f7f9bf vi=0000,0000,0233,0059,7fff,0233,5bc0,7fff,02bd,0000,02bd,0050,023d,020c,0238,0219,
[vu:xgkick-step] sample=3 cycle=661540 pc=0x11c0 lower=0x8000033c upper=0x01c0d0bf vi=0000,0000,0233,0059,7fff,0233,5bc0,7fff,02bd,0000,02bd,0050,023d,020c,0238,0219,
[vu:xgkick-step] sample=3 cycle=661541 pc=0x11c8 lower=0x520a47e8 upper=0x01ea3de9 vi=0000,0000,0233,0059,7fff,0233,5bc0,7fff,02bd,0000,02bd,0050,023d,020c,0238,0219,
[vu:xgkick-step] sample=3 cycle=661542 pc=0x11d0 lower=0x03e8c7ff upper=0x01934a68 vi=0000,0000,0233,0059,7fff,0233,5bc0,7fff,02bd,0000,02bd,0050,023d,020c,0238,0219,
[vu:xgkick-step] sample=3 cycle=661543 pc=0x11d8 lower=0x400007c3 upper=0x000002ff vi=0000,0000,0233,0059,7fff,0233,5bc0,7fff,02bd,0000,02bd,0050,023d,020c,0238,0219,
[vu:xgkick-step] sample=3 cycle=661544 pc=0x11e0 lower=0x8000033c upper=0x000002ff vi=0000,0000,0233,0059,7fff,0233,5bc0,7fff,02bd,0000,02bd,0050,023d,020c,0238,0219,
[vu:xgkick-step] sample=3 cycle=661545 pc=0xff8 lower=0x800016fc upper=0x000002ff vi=0000,0000,0233,0059,7fff,0233,5bc0,7fff,02bd,0000,02bd,0050,023d,020c,0238,0219,
[vu:xgkick-step] sample=3 cycle=661546 pc=0x30 lower=0x40000003 upper=0x000002ff vi=0000,0000,0233,0059,7fff,0233,5bc0,7fff,02bd,0000,02bd,0050,023d,020c,0238,0219,
[vu:xgkick-step] sample=3 cycle=661547 pc=0x38 lower=0x8000033c upper=0x000002ff vi=0000,0000,0233,0059,7fff,0233,5bc0,7fff,02bd,0000,02bd,0050,023d,020c,0238,0219,
[vu:xgkick-step] sample=3 cycle=661548 pc=0x50 lower=0x1008006c upper=0x000002ff vi=0000,0000,0233,0059,7fff,0233,5bc0,7fff,02bd,0000,02bd,0050,023d,020c,0238,0219,
[vu:xgkick-step] sample=3 cycle=661549 pc=0x58 lower=0x800046fc upper=0x000002ff vi=0000,0000,0233,0059,7fff,0233,5bc0,7fff,006c,0000,02bd,0050,023d,020c,0238,0219,
[vu:xgkick-store] sample=3 phase=issue cycle=661212 pc=0x11d0 address=0x2ad0 mask=0xf words=7fffffff,80000000,7fffffff,ff89af10
[vu:xgkick-store] sample=3 phase=commit cycle=661213 pc=0x1110 address=0x2ad0 mask=0xf words=7fffffff,80000000,7fffffff,ff89af10
[vu:xgkick-store] sample=3 phase=issue cycle=661222 pc=0x1158 address=0x2ae0 mask=0xe words=be670000,bba00000,489e5e13,3f800000
[vu:xgkick-store] sample=3 phase=commit cycle=661223 pc=0x1160 address=0x2ae0 mask=0xe words=be670000,bba00000,489e5e13,3f800000
[vu:xgkick-store] sample=3 phase=issue cycle=661229 pc=0x1190 address=0x2af0 mask=0xf words=ffffcc94,000000ff,ffffc76b,00000080
[vu:xgkick-store] sample=3 phase=commit cycle=661230 pc=0x1948 address=0x2af0 mask=0xf words=ffffcc94,000000ff,ffffc76b,00000080
[vu:xgkick-store] sample=3 phase=issue cycle=661278 pc=0x11d0 address=0x2b00 mask=0xf words=7fffffff,80000000,7fffffff,ff89af10
[vu:xgkick-store] sample=3 phase=commit cycle=661279 pc=0x1110 address=0x2b00 mask=0xf words=7fffffff,80000000,7fffffff,ff89af10
[vu:xgkick-store] sample=3 phase=issue cycle=661288 pc=0x1158 address=0x2b10 mask=0xe words=be684000,bd0d0000,489e5e13,3f800000
[vu:xgkick-store] sample=3 phase=commit cycle=661289 pc=0x1160 address=0x2b10 mask=0xe words=be684000,bd0d0000,489e5e13,3f800000
[vu:xgkick-store] sample=3 phase=issue cycle=661295 pc=0x1190 address=0x2b20 mask=0xf words=ffffdaef,000000ff,ffffd735,00000080
[vu:xgkick-store] sample=3 phase=commit cycle=661296 pc=0x1948 address=0x2b20 mask=0xf words=ffffdaef,000000ff,ffffd735,00000080
[vu:xgkick-store] sample=3 phase=issue cycle=661344 pc=0x11d0 address=0x2b30 mask=0xf words=7fffffff,80000000,7fffffff,ff89af10
[vu:xgkick-store] sample=3 phase=commit cycle=661345 pc=0x1110 address=0x2b30 mask=0xf words=7fffffff,80000000,7fffffff,ff89af10
[vu:xgkick-store] sample=3 phase=issue cycle=661354 pc=0x1158 address=0x2b40 mask=0xe words=be568000,bba00000,489e5e13,3f800000
[vu:xgkick-store] sample=3 phase=commit cycle=661355 pc=0x1160 address=0x2b40 mask=0xe words=be568000,bba00000,489e5e13,3f800000
[vu:xgkick-store] sample=3 phase=issue cycle=661361 pc=0x1190 address=0x2b50 mask=0xf words=fffffae3,000000ff,fffffa5b,00000080
[vu:xgkick-store] sample=3 phase=commit cycle=661362 pc=0x1948 address=0x2b50 mask=0xf words=fffffae3,000000ff,fffffa5b,00000080
[vu:xgkick-store] sample=3 phase=issue cycle=661410 pc=0x11d0 address=0x2b60 mask=0xf words=7fffffff,80000000,7fffffff,ff89af10
[vu:xgkick-store] sample=3 phase=commit cycle=661411 pc=0x1110 address=0x2b60 mask=0xf words=7fffffff,80000000,7fffffff,ff89af10
[vu:xgkick-store] sample=3 phase=issue cycle=661420 pc=0x1158 address=0x2b70 mask=0xe words=be548000,bd0d0000,489e5e13,3f800000
[vu:xgkick-store] sample=3 phase=commit cycle=661421 pc=0x1160 address=0x2b70 mask=0xe words=be548000,bd0d0000,489e5e13,3f800000
[vu:xgkick-store] sample=3 phase=issue cycle=661427 pc=0x1190 address=0x2b80 mask=0xf words=fffff40f,000000ff,fffff2d8,00000080
[vu:xgkick-store] sample=3 phase=commit cycle=661428 pc=0x1948 address=0x2b80 mask=0xf words=fffff40f,000000ff,fffff2d8,00000080
[vu:xgkick-store] sample=3 phase=issue cycle=661476 pc=0x11d0 address=0x2b90 mask=0xf words=7fffffff,80000000,7fffffff,ff89af10
[vu:xgkick-store] sample=3 phase=commit cycle=661477 pc=0x1110 address=0x2b90 mask=0xf words=7fffffff,80000000,7fffffff,ff89af10
[vu:xgkick-store] sample=3 phase=issue cycle=661486 pc=0x1158 address=0x2ba0 mask=0xe words=be440000,bd090000,489e5e13,3f800000
[vu:xgkick-store] sample=3 phase=commit cycle=661487 pc=0x1160 address=0x2ba0 mask=0xe words=be440000,bd090000,489e5e13,3f800000
[vu:xgkick-store] sample=3 phase=issue cycle=661493 pc=0x1190 address=0x2bb0 mask=0xf words=00000032,00000032,00000032,00000080
[vu:xgkick-store] sample=3 phase=commit cycle=661494 pc=0x1948 address=0x2bb0 mask=0xf words=00000032,00000032,00000032,00000080
[vu:xgkick-store] sample=3 phase=issue cycle=661542 pc=0x11d0 address=0x2bc0 mask=0xf words=7fffffff,80000000,7fffffff,ff89af10
[vu:xgkick-store] sample=3 phase=commit cycle=661543 pc=0x11d8 address=0x2bc0 mask=0xf words=7fffffff,80000000,7fffffff,ff89af10
[VU1 reserved lower] cycle=661550 pc=0x60 instruction=0xfffffffb
[vu:xgkick-error] sample=10 reason=tag-limit cycle=670684 pc=0x1000 source_qw=563 tag_offset=0 copied=16 tag_lo=0x0000990300005e5b tag_hi=0x0000000000000000 nloop=24155 format=0 nreg=0 requested=6183696 limit=65536
[VU1 reserved lower] cycle=670684 pc=0x1000 instruction=0xfffffffb
[vu:xgkick-error] sample=11 reason=tag-limit cycle=670688 pc=0x60 source_qw=108 tag_offset=0 copied=16 tag_lo=0x43aa148fc3996ea7 tag_hi=0x00000000c3996ea7 nloop=28327 format=0 nreg=4 requested=1812944 limit=65536
[vu:xgkick-history] sample=4 source_qw=108 steps=27122 stores=3032
[vu:xgkick-step] sample=4 cycle=670624 pc=0x1158 lower=0x03c85000 upper=0x01e021bf vi=0000,0020,0233,0084,7fff,0233,148f,7fff,02b4,0062,02b7,0087,023d,020c,0238,0219,
[vu:xgkick-step] sample=4 cycle=670625 pc=0x1160 lower=0x01e94005 upper=0x01cd29ff vi=0000,0020,0233,0084,7fff,0233,148f,7fff,02b4,0062,02b7,0087,023d,020c,0238,0219,
[vu:xgkick-step] sample=4 cycle=670626 pc=0x1168 lower=0x81ca7b3c upper=0x0020c610 vi=0000,0020,0233,0084,7fff,0233,148f,7fff,02b4,0062,02b7,0087,023d,020c,0238,0219,
[vu:xgkick-step] sample=4 cycle=670627 pc=0x1170 lower=0x81fc2b3c upper=0x01feb97c vi=0000,0020,0233,0084,7fff,0233,148f,7fff,02b4,0062,02b7,0087,023d,020c,0238,0219,
[vu:xgkick-step] sample=4 cycle=670628 pc=0x1178 lower=0x80377b3c upper=0x01f408bc vi=0000,0020,0233,0084,7fff,0233,148f,7fff,02b4,0062,02b7,0087,023d,020c,0238,0219,
[vu:xgkick-step] sample=4 cycle=670629 pc=0x1180 lower=0x2402fbef upper=0x01f410bd vi=0000,0020,0233,0084,7fff,0233,148f,7fff,02b4,0062,02b7,0087,023d,020c,0238,0219,
[vu:xgkick-step] sample=4 cycle=670630 pc=0x1188 lower=0x520100f7 upper=0x01f41e4a vi=0000,0001,0233,0084,7fff,0233,148f,7fff,02b4,0062,02b7,0087,023d,020c,0238,0219,
[vu:xgkick-step] sample=4 cycle=670631 pc=0x1190 lower=0x03e8f001 upper=0x00385e03 vi=0000,0001,0233,0084,7fff,0233,148f,7fff,02b4,0062,02b7,0087,023d,020c,0238,0219,
[vu:xgkick-step] sample=4 cycle=670632 pc=0x1948 lower=0x45000000 upper=0x800002ff vi=0000,0001,0233,0084,7fff,0233,148f,7fff,02b4,0062,02b7,0087,023d,020c,0238,0219,
[vu:xgkick-step] sample=4 cycle=670633 pc=0x1950 lower=0x800862f1 upper=0x01e05a7e vi=0000,0001,0233,0084,7fff,0233,148f,7fff,02b4,0062,02b7,0087,023d,020c,0238,0219,
[vu:xgkick-step] sample=4 cycle=670634 pc=0x1958 lower=0x10010010 upper=0x000002ff vi=0000,0001,0233,0084,7fff,0233,148f,7fff,02b4,0062,02b7,ff89,023d,020c,0238,0219,
[vu:xgkick-step] sample=4 cycle=670635 pc=0x1960 lower=0x5e00582d upper=0x000002ff vi=0000,0010,0233,0084,7fff,0233,148f,7fff,02b4,0062,02b7,ff89,023d,020c,0238,0219,
[vu:xgkick-step] sample=4 cycle=670636 pc=0x1968 lower=0x082347fa upper=0x000002ff vi=0000,0010,0233,0084,7fff,0233,148f,7fff,02b4,0062,02b7,ff89,023d,020c,0238,0219,
[vu:xgkick-step] sample=4 cycle=670637 pc=0x1970 lower=0x34010800 upper=0x000002ff vi=0000,0010,0233,0084,7fff,0233,148f,7fff,02b4,0062,02b7,ff89,023d,020c,0238,0219,
[vu:xgkick-step] sample=4 cycle=670638 pc=0x1978 lower=0x5001002a upper=0x000002ff vi=0000,0010,0233,0084,7fff,0233,148f,7fff,02b4,0062,02b7,ff89,023d,020c,0238,0219,
[vu:xgkick-step] sample=4 cycle=670639 pc=0x1980 lower=0x01fb001e upper=0x000002ff vi=0000,0010,0233,0084,7fff,0233,148f,7fff,02b4,0062,02b7,ff89,023d,020c,0238,0219,
[vu:xgkick-step] sample=4 cycle=670640 pc=0x1988 lower=0x082b47fd upper=0x0020c622 vi=0000,0010,0233,0087,7fff,0233,148f,7fff,02b4,0062,02b7,ff89,023d,020c,0238,0219,
[vu:xgkick-step] sample=4 cycle=670641 pc=0x1990 lower=0x01f518b5 upper=0x000002ff vi=0000,0010,0233,0087,7fff,0233,148f,7fff,02b4,0062,02b7,ff89,023d,020c,0238,0219,
[vu:xgkick-step] sample=4 cycle=670642 pc=0x1998 lower=0x01ef001b upper=0x000002ff vi=0000,0010,0233,0087,7fff,0233,148f,7fff,02b4,0062,02b7,ff89,023d,020c,0238,0219,
[vu:xgkick-step] sample=4 cycle=670643 pc=0x19a0 lower=0x01f0001c upper=0x000002ff vi=0000,0010,0233,0087,7fff,0233,148f,7fff,02b4,0062,02b7,ff89,023d,020c,0238,0219,
[vu:xgkick-step] sample=4 cycle=670644 pc=0x19a8 lower=0x01eb001d upper=0x000002ff vi=0000,0010,0233,0087,7fff,0233,148f,7fff,02b4,0062,02b7,0089,023d,020c,0238,0219,
[vu:xgkick-step] sample=4 cycle=670645 pc=0x19b0 lower=0x01fe58b5 upper=0x01e0d9bf vi=0000,0010,0233,0087,7fff,0233,148f,7fff,02b4,0062,02b7,0089,023d,020c,0238,0219,
[vu:xgkick-step] sample=4 cycle=670646 pc=0x19b8 lower=0x08214000 upper=0x01f578bc vi=0000,0010,0233,0087,7fff,0233,148f,7fff,02b4,0062,02b7,0089,023d,020c,0238,0219,
[vu:xgkick-step] sample=4 cycle=670647 pc=0x19c0 lower=0x01d147fa upper=0x01f580bd vi=0000,0010,0233,0087,7fff,0233,148f,7fff,02b4,0062,02b7,0089,023d,020c,0238,0219,
[vu:xgkick-step] sample=4 cycle=670648 pc=0x19c8 lower=0x01c547fd upper=0x01f5598a vi=0000,0010,0233,0087,7fff,0233,148f,7fff,02b4,0062,02b7,0089,023d,020c,0238,0219,
[vu:xgkick-step] sample=4 cycle=670649 pc=0x19d0 lower=0x01d64000 upper=0x01fe79bc vi=0000,0010,0233,0087,7fff,0233,148f,7fff,02b4,0062,02b7,0089,023d,020c,0238,0219,
[vu:xgkick-step] sample=4 cycle=670650 pc=0x19d8 lower=0x01ec08b5 upper=0x01fe80bd vi=0000,009d,0233,0087,7fff,0233,148f,7fff,02b4,0062,02b7,0089,023d,020c,0238,0219,
[vu:xgkick-step] sample=4 cycle=670651 pc=0x19e0 lower=0x817103bc upper=0x01fe58be vi=0000,009d,0233,0087,7fff,0233,148f,7fff,02b4,0062,02b7,0089,023d,020c,0238,0219,
[vu:xgkick-step] sample=4 cycle=670652 pc=0x19e8 lower=0x800439f5 upper=0x01c631ff vi=0000,009d,0233,0087,7fff,0233,148f,7fff,02b4,0062,02b7,0089,023d,020c,0238,0219,
[vu:xgkick-step] sample=4 cycle=670653 pc=0x19f0 lower=0x8000033c upper=0x01e0decb vi=0000,009d,0233,0087,7fff,0233,148f,7fff,02b4,0062,02b7,0089,023d,020c,0238,0219,
[vu:xgkick-step] sample=4 cycle=670654 pc=0x19f8 lower=0x01e6001e upper=0x01ec79bc vi=0000,009d,0233,0087,7fff,0233,148f,7fff,02b4,0062,02b7,0089,023d,020c,0238,0219,
[vu:xgkick-step] sample=4 cycle=670655 pc=0x1a00 lower=0x8000033c upper=0x01ec80bd vi=0000,009d,0233,0087,7fff,0233,148f,7fff,02b4,0062,02b7,0089,023d,020c,0238,0219,
[vu:xgkick-step] sample=4 cycle=670656 pc=0x1a08 lower=0x8000033c upper=0x01ec58be vi=0000,009d,0233,0087,7fff,0233,148f,7fff,02b4,0062,02b7,0089,023d,020c,0238,0219,
[vu:xgkick-step] sample=4 cycle=670657 pc=0x1a10 lower=0x8000033c upper=0x01dbd9ff vi=0000,009d,0233,0087,7fff,0233,148f,7fff,02b4,0062,02b7,0089,023d,020c,0238,0219,
[vu:xgkick-step] sample=4 cycle=670658 pc=0x1a18 lower=0x816503bc upper=0x01e0318b vi=0000,009d,0233,0087,7fff,0233,148f,7fff,02b4,0062,02b7,0089,023d,020c,0238,0219,
[vu:xgkick-step] sample=4 cycle=670659 pc=0x1a20 lower=0x8000033c upper=0x01808c5c vi=0000,009d,0233,0087,7fff,0233,148f,7fff,02b4,0062,02b7,0089,023d,020c,0238,0219,
[vu:xgkick-step] sample=4 cycle=670660 pc=0x1a28 lower=0x8000033c upper=0x00400443 vi=0000,009d,0233,0087,7fff,0233,148f,7fff,02b4,0062,02b7,0089,023d,020c,0238,0219,
[vu:xgkick-step] sample=4 cycle=670661 pc=0x1a30 lower=0x8000033c upper=0x000002ff vi=0000,009d,0233,0087,7fff,0233,148f,7fff,02b4,0062,02b7,0089,023d,020c,0238,0219,
[vu:xgkick-step] sample=4 cycle=670662 pc=0x1a38 lower=0x8000033c upper=0x01c631ff vi=0000,009d,0233,0087,7fff,0233,148f,7fff,02b4,0062,02b7,0089,023d,020c,0238,0219,
[vu:xgkick-step] sample=4 cycle=670663 pc=0x1a40 lower=0x8000033c upper=0x000002ff vi=0000,009d,0233,0087,7fff,0233,148f,7fff,02b4,0062,02b7,0089,023d,020c,0238,0219,
[vu:xgkick-step] sample=4 cycle=670664 pc=0x1a48 lower=0x8000033c upper=0x000002ff vi=0000,009d,0233,0087,7fff,0233,148f,7fff,02b4,0062,02b7,0089,023d,020c,0238,0219,
[vu:xgkick-step] sample=4 cycle=670665 pc=0x1a50 lower=0x817603bc upper=0x0180295c vi=0000,009d,0233,0087,7fff,0233,148f,7fff,02b4,0062,02b7,0089,023d,020c,0238,0219,
[vu:xgkick-step] sample=4 cycle=670666 pc=0x1a58 lower=0x26fdf7df upper=0x00400143 vi=0000,009d,0233,0087,7fff,0233,148f,7fff,02b4,0062,02b7,0089,023d,020c,0238,0219,
[vu:xgkick-step] sample=4 cycle=670667 pc=0x1a60 lower=0x5201000b upper=0x000002ff vi=0000,0001,0233,0087,7fff,0233,148f,7fff,02b4,0062,02b7,0089,023d,020c,0238,0219,
[vu:xgkick-step] sample=4 cycle=670668 pc=0x1a68 lower=0x26ffbefb upper=0x000002ff vi=0000,0001,0233,0087,7fff,0233,148f,7fff,02b4,0062,02b7,0089,023d,020c,0238,0219,
[vu:xgkick-step] sample=4 cycle=670669 pc=0x1ac0 lower=0x8000033c upper=0x01cde9ff vi=0000,0000,0233,0087,7fff,0233,148f,7fff,02b4,0062,02b7,0089,023d,020c,0238,0219,
[vu:xgkick-step] sample=4 cycle=670670 pc=0x1ac8 lower=0x8000033c upper=0x01cde1ff vi=0000,0000,0233,0087,7fff,0233,148f,7fff,02b4,0062,02b7,0089,023d,020c,0238,0219,
[vu:xgkick-step] sample=4 cycle=670671 pc=0x1ad0 lower=0x48002800 upper=0x000002ff vi=0000,0000,0233,0087,7fff,0233,148f,7fff,02b4,0062,02b7,0089,023d,020c,0238,0219,
[vu:xgkick-step] sample=4 cycle=670672 pc=0x1ad8 lower=0x437f0000 upper=0x800002ff vi=0000,0000,0233,0087,7fff,0233,148f,7fff,02b4,0062,02b7,0089,023d,020c,0238,0219,
[vu:xgkick-step] sample=4 cycle=670673 pc=0x1198 lower=0x10084003 upper=0x0037bddb vi=0000,0000,0233,0087,7fff,0233,148f,7fff,02b4,0062,02b7,0089,023d,020c,0238,0219,
[vu:xgkick-step] sample=4 cycle=670674 pc=0x11a0 lower=0x81fde33c upper=0x01e839ea vi=0000,0000,0233,0087,7fff,0233,148f,7fff,02b7,0062,02b7,0089,023d,020c,0238,0219,
[vu:xgkick-step] sample=4 cycle=670675 pc=0x11a8 lower=0x81f903bc upper=0x01e9493e vi=0000,0000,0233,0087,7fff,0233,148f,7fff,02b7,0062,02b7,0089,023d,020c,0238,0219,
[vu:xgkick-step] sample=4 cycle=670676 pc=0x11b0 lower=0x803ecb3c upper=0x01f8c17d vi=0000,0000,0233,0087,7fff,0233,148f,7fff,02b7,0062,02b7,0089,023d,020c,0238,0219,
[vu:xgkick-step] sample=4 cycle=670677 pc=0x11b8 lower=0x8039933c upper=0x01f7f9bf vi=0000,0000,0233,0087,7fff,0233,148f,7fff,02b7,0062,02b7,0089,023d,020c,0238,0219,
[vu:xgkick-step] sample=4 cycle=670678 pc=0x11c0 lower=0x8000033c upper=0x01c0d0bf vi=0000,0000,0233,0087,7fff,0233,148f,7fff,02b7,0062,02b7,0089,023d,020c,0238,0219,
[vu:xgkick-step] sample=4 cycle=670679 pc=0x11c8 lower=0x520a47e8 upper=0x01ea3de9 vi=0000,0000,0233,0087,7fff,0233,148f,7fff,02b7,0062,02b7,0089,023d,020c,0238,0219,
[vu:xgkick-step] sample=4 cycle=670680 pc=0x11d0 lower=0x03e8c7ff upper=0x01934a68 vi=0000,0000,0233,0087,7fff,0233,148f,7fff,02b7,0062,02b7,0089,023d,020c,0238,0219,
[vu:xgkick-step] sample=4 cycle=670681 pc=0x11d8 lower=0x400007c3 upper=0x000002ff vi=0000,0000,0233,0087,7fff,0233,148f,7fff,02b7,0062,02b7,0089,023d,020c,0238,0219,
[vu:xgkick-step] sample=4 cycle=670682 pc=0x11e0 lower=0x8000033c upper=0x000002ff vi=0000,0000,0233,0087,7fff,0233,148f,7fff,02b7,0062,02b7,0089,023d,020c,0238,0219,
[vu:xgkick-step] sample=4 cycle=670683 pc=0xff8 lower=0x800016fc upper=0x000002ff vi=0000,0000,0233,0087,7fff,0233,148f,7fff,02b7,0062,02b7,0089,023d,020c,0238,0219,
[vu:xgkick-step] sample=4 cycle=670684 pc=0x30 lower=0x40000003 upper=0x000002ff vi=0000,0000,0233,0087,7fff,0233,148f,7fff,02b7,0062,02b7,0089,023d,020c,0238,0219,
[vu:xgkick-step] sample=4 cycle=670685 pc=0x38 lower=0x8000033c upper=0x000002ff vi=0000,0000,0233,0087,7fff,0233,148f,7fff,02b7,0062,02b7,0089,023d,020c,0238,0219,
[vu:xgkick-step] sample=4 cycle=670686 pc=0x50 lower=0x1008006c upper=0x000002ff vi=0000,0000,0233,0087,7fff,0233,148f,7fff,02b7,0062,02b7,0089,023d,020c,0238,0219,
[vu:xgkick-step] sample=4 cycle=670687 pc=0x58 lower=0x800046fc upper=0x000002ff vi=0000,0000,0233,0087,7fff,0233,148f,7fff,006c,0062,02b7,0089,023d,020c,0238,0219,
[vu:xgkick-store] sample=4 phase=issue cycle=670350 pc=0x11d0 address=0x2a70 mask=0xf words=7fffffff,80000000,7fffffff,ff89af10
[vu:xgkick-store] sample=4 phase=commit cycle=670351 pc=0x1110 address=0x2a70 mask=0xf words=7fffffff,80000000,7fffffff,ff89af10
[vu:xgkick-store] sample=4 phase=issue cycle=670360 pc=0x1158 address=0x2a80 mask=0xe words=be358000,bdd20000,489e5e13,3f800000
[vu:xgkick-store] sample=4 phase=commit cycle=670361 pc=0x1160 address=0x2a80 mask=0xe words=be358000,bdd20000,489e5e13,3f800000
[vu:xgkick-store] sample=4 phase=issue cycle=670367 pc=0x1190 address=0x2a90 mask=0xf words=ffffa3e0,000000ff,ffffa3e0,00000080
[vu:xgkick-store] sample=4 phase=commit cycle=670368 pc=0x1948 address=0x2a90 mask=0xf words=ffffa3e0,000000ff,ffffa3e0,00000080
[vu:xgkick-store] sample=4 phase=issue cycle=670416 pc=0x11d0 address=0x2aa0 mask=0xf words=7fffffff,80000000,7fffffff,ff89af10
[vu:xgkick-store] sample=4 phase=commit cycle=670417 pc=0x1110 address=0x2aa0 mask=0xf words=7fffffff,80000000,7fffffff,ff89af10
[vu:xgkick-store] sample=4 phase=issue cycle=670426 pc=0x1158 address=0x2ab0 mask=0xe words=be218000,bdbf0000,489e5e13,3f800000
[vu:xgkick-store] sample=4 phase=commit cycle=670427 pc=0x1160 address=0x2ab0 mask=0xe words=be218000,bdbf0000,489e5e13,3f800000
[vu:xgkick-store] sample=4 phase=issue cycle=670433 pc=0x1190 address=0x2ac0 mask=0xf words=00000032,00000032,00000032,00000080
[vu:xgkick-store] sample=4 phase=commit cycle=670434 pc=0x1948 address=0x2ac0 mask=0xf words=00000032,00000032,00000032,00000080
[vu:xgkick-store] sample=4 phase=issue cycle=670482 pc=0x11d0 address=0x2ad0 mask=0xf words=7fffffff,80000000,7fffffff,ff89af10
[vu:xgkick-store] sample=4 phase=commit cycle=670483 pc=0x1110 address=0x2ad0 mask=0xf words=7fffffff,80000000,7fffffff,ff89af10
[vu:xgkick-store] sample=4 phase=issue cycle=670492 pc=0x1158 address=0x2ae0 mask=0xe words=be1b4000,be238000,489e5e13,3f800000
[vu:xgkick-store] sample=4 phase=commit cycle=670493 pc=0x1160 address=0x2ae0 mask=0xe words=be1b4000,be238000,489e5e13,3f800000
[vu:xgkick-store] sample=4 phase=issue cycle=670499 pc=0x1190 address=0x2af0 mask=0xf words=ffffddda,ffffe828,ffffe14a,00000080
[vu:xgkick-store] sample=4 phase=commit cycle=670500 pc=0x1948 address=0x2af0 mask=0xf words=ffffddda,ffffe828,ffffe14a,00000080
[vu:xgkick-store] sample=4 phase=issue cycle=670548 pc=0x11d0 address=0x2b00 mask=0xf words=7fffffff,80000000,7fffffff,ff89af10
[vu:xgkick-store] sample=4 phase=commit cycle=670549 pc=0x1110 address=0x2b00 mask=0xf words=7fffffff,80000000,7fffffff,ff89af10
[vu:xgkick-store] sample=4 phase=issue cycle=670558 pc=0x1158 address=0x2b10 mask=0xe words=be0b4000,be1dc000,489e5e13,3f800000
[vu:xgkick-store] sample=4 phase=commit cycle=670559 pc=0x1160 address=0x2b10 mask=0xe words=be0b4000,be1dc000,489e5e13,3f800000
[vu:xgkick-store] sample=4 phase=issue cycle=670565 pc=0x1190 address=0x2b20 mask=0xf words=00000032,00000032,00000032,00000080
[vu:xgkick-store] sample=4 phase=commit cycle=670566 pc=0x1948 address=0x2b20 mask=0xf words=00000032,00000032,00000032,00000080
[vu:xgkick-store] sample=4 phase=issue cycle=670614 pc=0x11d0 address=0x2b30 mask=0xf words=7fffffff,80000000,7fffffff,ff89af10
[vu:xgkick-store] sample=4 phase=commit cycle=670615 pc=0x1110 address=0x2b30 mask=0xf words=7fffffff,80000000,7fffffff,ff89af10
[vu:xgkick-store] sample=4 phase=issue cycle=670624 pc=0x1158 address=0x2b40 mask=0xe words=be0b4000,be540000,489e5e13,3f800000
[vu:xgkick-store] sample=4 phase=commit cycle=670625 pc=0x1160 address=0x2b40 mask=0xe words=be0b4000,be540000,489e5e13,3f800000
[vu:xgkick-store] sample=4 phase=issue cycle=670631 pc=0x1190 address=0x2b50 mask=0xf words=00000032,00000032,00000032,00000080
[vu:xgkick-store] sample=4 phase=commit cycle=670632 pc=0x1948 address=0x2b50 mask=0xf words=00000032,00000032,00000032,00000080
[vu:xgkick-store] sample=4 phase=issue cycle=670680 pc=0x11d0 address=0x2b60 mask=0xf words=7fffffff,80000000,7fffffff,ff89af10
[vu:xgkick-store] sample=4 phase=commit cycle=670681 pc=0x11d8 address=0x2b60 mask=0xf words=7fffffff,80000000,7fffffff,ff89af10
[VU1 reserved lower] cycle=670688 pc=0x60 instruction=0xfffffffb
[vu:xgkick-error] sample=12 reason=tag-limit cycle=677472 pc=0x1000 source_qw=563 tag_offset=0 copied=16 tag_lo=0x0000990300005e5b tag_hi=0x0000000000000000 nloop=24155 format=0 nreg=0 requested=6183696 limit=65536
[VU1 reserved lower] cycle=677472 pc=0x1000 instruction=0xfffffffb
[vu:xgkick-error] sample=13 reason=tag-limit cycle=677540 pc=0x60 source_qw=108 tag_offset=0 copied=16 tag_lo=0x43aa148fc3996ea7 tag_hi=0x00000000c3996ea7 nloop=28327 format=0 nreg=4 requested=1812944 limit=65536
[vu:xgkick-history] sample=1 source_qw=108 steps=64 stores=16
[vu:xgkick-step] sample=1 cycle=677472 pc=0x1050 lower=0x420f0151 upper=0x000002ff vi=0000,0000,0233,003d,7fff,0233,b6ee,7fff,02bd,0000,02bd,006d,023d,020c,0238,0219,
[vu:xgkick-step] sample=1 cycle=677473 pc=0x1058 lower=0x100d020c upper=0x000002ff vi=0000,0000,0233,003d,7fff,0233,b6ee,7fff,02bd,0000,02bd,006d,023d,020c,0238,020c,
[vu:xgkick-step] sample=1 cycle=677474 pc=0x1ae0 lower=0x01f10000 upper=0x000002ff vi=0000,0000,0233,003d,7fff,0233,b6ee,7fff,02bd,0000,02bd,006d,023d,020c,0238,020c,
[vu:xgkick-step] sample=1 cycle=677475 pc=0x1ae8 lower=0x01e90009 upper=0x000002ff vi=0000,0000,0233,003d,7fff,0233,b6ee,7fff,02bd,0000,02bd,006d,023d,020c,0238,020c,
[vu:xgkick-step] sample=1 cycle=677476 pc=0x1af0 lower=0x01ea000a upper=0x000002ff vi=0000,0000,0233,003d,7fff,0233,b6ee,7fff,02bd,0000,02bd,006d,023d,020c,0238,020c,
[vu:xgkick-step] sample=1 cycle=677477 pc=0x1af8 lower=0x01eb000b upper=0x000002ff vi=0000,0000,0233,003d,7fff,0233,b6ee,7fff,02bd,0000,02bd,006d,023d,020c,0238,020c,
[vu:xgkick-step] sample=1 cycle=677478 pc=0x1b00 lower=0x01ec000c upper=0x000002ff vi=0000,0000,0233,003d,7fff,0233,b6ee,7fff,02bd,0000,02bd,006d,023d,020c,0238,020c,
[vu:xgkick-step] sample=1 cycle=677479 pc=0x1b08 lower=0x01f20001 upper=0x01f149bc vi=0000,0000,0233,003d,7fff,0233,b6ee,7fff,02bd,0000,02bd,006d,023d,020c,0238,020c,
[vu:xgkick-step] sample=1 cycle=677480 pc=0x1b10 lower=0x01f30002 upper=0x01f150bd vi=0000,0000,0233,003d,7fff,0233,b6ee,7fff,02bd,0000,02bd,006d,023d,020c,0238,020c,
[vu:xgkick-step] sample=1 cycle=677481 pc=0x1b18 lower=0x01f40003 upper=0x01f158be vi=0000,0000,0233,003d,7fff,0233,b6ee,7fff,02bd,0000,02bd,006d,023d,020c,0238,020c,
[vu:xgkick-step] sample=1 cycle=677482 pc=0x1b20 lower=0x01f9000d upper=0x01f1604b vi=0000,0000,0233,003d,7fff,0233,b6ee,7fff,02bd,0000,02bd,006d,023d,020c,0238,020c,
[vu:xgkick-step] sample=1 cycle=677483 pc=0x1b28 lower=0x01fa000e upper=0x01f249bc vi=0000,0000,0233,003d,7fff,0233,b6ee,7fff,02bd,0000,02bd,006d,023d,020c,0238,020c,
[vu:xgkick-step] sample=1 cycle=677484 pc=0x1b30 lower=0x01fb000f upper=0x01f250bd vi=0000,0000,0233,003d,7fff,0233,b6ee,7fff,02bd,0000,02bd,006d,023d,020c,0238,020c,
[vu:xgkick-step] sample=1 cycle=677485 pc=0x1b38 lower=0x01fc0010 upper=0x01f258be vi=0000,0000,0233,003d,7fff,0233,b6ee,7fff,02bd,0000,02bd,006d,023d,020c,0238,020c,
[vu:xgkick-step] sample=1 cycle=677486 pc=0x1b40 lower=0x8000033c upper=0x01f2608b vi=0000,0000,0233,003d,7fff,0233,b6ee,7fff,02bd,0000,02bd,006d,023d,020c,0238,020c,
[vu:xgkick-step] sample=1 cycle=677487 pc=0x1b48 lower=0x11e407ff upper=0x01f349bc vi=0000,0000,0233,003d,7fff,0233,b6ee,7fff,02bd,0000,02bd,006d,023d,020c,0238,020c,
[vu:xgkick-step] sample=1 cycle=677488 pc=0x1b50 lower=0x8000033c upper=0x01f350bd vi=0000,0000,0233,003d,7fff,0233,b6ee,7fff,02bd,0000,02bd,006d,023d,020c,0238,020c,
[vu:xgkick-step] sample=1 cycle=677489 pc=0x1b58 lower=0x8000033c upper=0x01f358be vi=0000,0000,0233,003d,7fff,0233,b6ee,7fff,02bd,0000,02bd,006d,023d,020c,0238,020c,
[vu:xgkick-step] sample=1 cycle=677490 pc=0x1b60 lower=0x8000033c upper=0x01f360cb vi=0000,0000,0233,003d,7fff,0233,b6ee,7fff,02bd,0000,02bd,006d,023d,020c,0238,020c,
[vu:xgkick-step] sample=1 cycle=677491 pc=0x1b68 lower=0x8000033c upper=0x01f449bc vi=0000,0000,0233,003d,7fff,0233,b6ee,7fff,02bd,0000,02bd,006d,023d,020c,0238,020c,
[vu:xgkick-step] sample=1 cycle=677492 pc=0x1b70 lower=0x01e90016 upper=0x01f450bd vi=0000,0000,0233,003d,7fff,0233,b6ee,7fff,02bd,0000,02bd,006d,023d,020c,0238,020c,
[vu:xgkick-step] sample=1 cycle=677493 pc=0x1b78 lower=0x01ea0017 upper=0x01f458be vi=0000,0000,0233,003d,7fff,0233,b6ee,7fff,02bd,0000,02bd,006d,023d,020c,0238,020c,
[vu:xgkick-step] sample=1 cycle=677494 pc=0x1b80 lower=0x01eb0018 upper=0x01f4610b vi=0000,0000,0233,003d,7fff,0233,b6ee,7fff,02bd,0000,02bd,006d,023d,020c,0238,020c,
[vu:xgkick-step] sample=1 cycle=677495 pc=0x1b88 lower=0x01ec0019 upper=0x000002ff vi=0000,0000,0233,003d,7fff,0233,b6ee,7fff,02bd,0000,02bd,006d,023d,020c,0238,020c,
[vu:xgkick-step] sample=1 cycle=677496 pc=0x1b90 lower=0x8000033c upper=0x01f149bc vi=0000,0000,0233,003d,7fff,0233,b6ee,7fff,02bd,0000,02bd,006d,023d,020c,0238,020c,
[vu:xgkick-step] sample=1 cycle=677497 pc=0x1b98 lower=0x8000033c upper=0x01f150bd vi=0000,0000,0233,003d,7fff,0233,b6ee,7fff,02bd,0000,02bd,006d,023d,020c,0238,020c,
[vu:xgkick-step] sample=1 cycle=677498 pc=0x1ba0 lower=0x8000033c upper=0x01f158be vi=0000,0000,0233,003d,7fff,0233,b6ee,7fff,02bd,0000,02bd,006d,023d,020c,0238,020c,
[vu:xgkick-step] sample=1 cycle=677499 pc=0x1ba8 lower=0x8000033c upper=0x01f1634b vi=0000,0000,0233,003d,7fff,0233,b6ee,7fff,02bd,0000,02bd,006d,023d,020c,0238,020c,
[vu:xgkick-step] sample=1 cycle=677500 pc=0x1bb0 lower=0x8000033c upper=0x01f249bc vi=0000,0000,0233,003d,7fff,0233,b6ee,7fff,02bd,0000,02bd,006d,023d,020c,0238,020c,
[vu:xgkick-step] sample=1 cycle=677501 pc=0x1bb8 lower=0x8000033c upper=0x01f250bd vi=0000,0000,0233,003d,7fff,0233,b6ee,7fff,02bd,0000,02bd,006d,023d,020c,0238,020c,
[vu:xgkick-step] sample=1 cycle=677502 pc=0x1bc0 lower=0x8000033c upper=0x01f258be vi=0000,0000,0233,003d,7fff,0233,b6ee,7fff,02bd,0000,02bd,006d,023d,020c,0238,020c,
[vu:xgkick-step] sample=1 cycle=677503 pc=0x1bc8 lower=0x03e0681b upper=0x01f2638b vi=0000,0000,0233,003d,7fff,0233,b6ee,7fff,02bd,0000,02bd,006d,023d,020c,0238,020c,
[vu:xgkick-step] sample=1 cycle=677504 pc=0x1bd0 lower=0x8000033c upper=0x01f349bc vi=0000,0000,0233,003d,7fff,0233,b6ee,7fff,02bd,0000,02bd,006d,023d,020c,0238,020c,
[vu:xgkick-step] sample=1 cycle=677505 pc=0x1bd8 lower=0x8000033c upper=0x01f350bd vi=0000,0000,0233,003d,7fff,0233,b6ee,7fff,02bd,0000,02bd,006d,023d,020c,0238,020c,
[vu:xgkick-step] sample=1 cycle=677506 pc=0x1be0 lower=0x8000033c upper=0x01f358be vi=0000,0000,0233,003d,7fff,0233,b6ee,7fff,02bd,0000,02bd,006d,023d,020c,0238,020c,
[vu:xgkick-step] sample=1 cycle=677507 pc=0x1be8 lower=0x8000033c upper=0x01f363cb vi=0000,0000,0233,003d,7fff,0233,b6ee,7fff,02bd,0000,02bd,006d,023d,020c,0238,020c,
[vu:xgkick-step] sample=1 cycle=677508 pc=0x1bf0 lower=0x03e0701c upper=0x01f449bc vi=0000,0000,0233,003d,7fff,0233,b6ee,7fff,02bd,0000,02bd,006d,023d,020c,0238,020c,
[vu:xgkick-step] sample=1 cycle=677509 pc=0x1bf8 lower=0x8000033c upper=0x01f450bd vi=0000,0000,0233,003d,7fff,0233,b6ee,7fff,02bd,0000,02bd,006d,023d,020c,0238,020c,
[vu:xgkick-step] sample=1 cycle=677510 pc=0x1c00 lower=0x8000033c upper=0x01f458be vi=0000,0000,0233,003d,7fff,0233,b6ee,7fff,02bd,0000,02bd,006d,023d,020c,0238,020c,
[vu:xgkick-step] sample=1 cycle=677511 pc=0x1c08 lower=0x8000033c upper=0x01f4640b vi=0000,0000,0233,003d,7fff,0233,b6ee,7fff,02bd,0000,02bd,006d,023d,020c,0238,020c,
[vu:xgkick-step] sample=1 cycle=677512 pc=0x1c10 lower=0x03e0781d upper=0x01f1c9bc vi=0000,0000,0233,003d,7fff,0233,b6ee,7fff,02bd,0000,02bd,006d,023d,020c,0238,020c,
[vu:xgkick-step] sample=1 cycle=677513 pc=0x1c18 lower=0x8000033c upper=0x01f1d0bd vi=0000,0000,0233,003d,7fff,0233,b6ee,7fff,02bd,0000,02bd,006d,023d,020c,0238,020c,
[vu:xgkick-step] sample=1 cycle=677514 pc=0x1c20 lower=0x8000033c upper=0x01f1d8be vi=0000,0000,0233,003d,7fff,0233,b6ee,7fff,02bd,0000,02bd,006d,023d,020c,0238,020c,
[vu:xgkick-step] sample=1 cycle=677515 pc=0x1c28 lower=0x03e0801e upper=0x01f1e34b vi=0000,0000,0233,003d,7fff,0233,b6ee,7fff,02bd,0000,02bd,006d,023d,020c,0238,020c,
[vu:xgkick-step] sample=1 cycle=677516 pc=0x1c30 lower=0x8000033c upper=0x01f2c9bc vi=0000,0000,0233,003d,7fff,0233,b6ee,7fff,02bd,0000,02bd,006d,023d,020c,0238,020c,
[vu:xgkick-step] sample=1 cycle=677517 pc=0x1c38 lower=0x3c000000 upper=0x81f2d0bd vi=0000,0000,0233,003d,7fff,0233,b6ee,7fff,02bd,0000,02bd,006d,023d,020c,0238,020c,
[vu:xgkick-step] sample=1 cycle=677518 pc=0x1c40 lower=0x01e50015 upper=0x01f2d8be vi=0000,0000,0233,003d,7fff,0233,b6ee,7fff,02bd,0000,02bd,006d,023d,020c,0238,020c,
[vu:xgkick-step] sample=1 cycle=677519 pc=0x1c48 lower=0x03e068b0 upper=0x01f2e38b vi=0000,0000,0233,003d,7fff,0233,b6ee,7fff,02bd,0000,02bd,006d,023d,020c,0238,020c,
[vu:xgkick-step] sample=1 cycle=677520 pc=0x1c50 lower=0x01e60004 upper=0x01f3c9bc vi=0000,0000,0233,003d,7fff,0233,b6ee,7fff,02bd,0000,02bd,006d,023d,020c,0238,020c,
[vu:xgkick-step] sample=1 cycle=677521 pc=0x1c58 lower=0x01ff0005 upper=0x01f3d0bd vi=0000,0000,0233,003d,7fff,0233,b6ee,7fff,02bd,0000,02bd,006d,023d,020c,0238,020c,
[vu:xgkick-step] sample=1 cycle=677522 pc=0x1c60 lower=0x01eb0014 upper=0x01f3d8be vi=0000,0000,0233,003d,7fff,0233,b6ee,7fff,02bd,0000,02bd,006d,023d,020c,0238,020c,
[vu:xgkick-step] sample=1 cycle=677523 pc=0x1c68 lower=0x03e070b1 upper=0x01f3e3cb vi=0000,0000,0233,003d,7fff,0233,b6ee,7fff,02bd,0000,02bd,006d,023d,020c,0238,020c,
[vu:xgkick-step] sample=1 cycle=677524 pc=0x1c70 lower=0x01f20015 upper=0x01f4c9bc vi=0000,0000,0233,003d,7fff,0233,b6ee,7fff,02bd,0000,02bd,006d,023d,020c,0238,020c,
[vu:xgkick-step] sample=1 cycle=677525 pc=0x1c78 lower=0x01f30004 upper=0x01f4d0bd vi=0000,0000,0233,003d,7fff,0233,b6ee,7fff,02bd,0000,02bd,006d,023d,020c,0238,020c,
[vu:xgkick-step] sample=1 cycle=677526 pc=0x1c80 lower=0x8000033c upper=0x01f4d8be vi=0000,0000,0233,003d,7fff,0233,b6ee,7fff,02bd,0000,02bd,006d,023d,020c,0238,020c,
[vu:xgkick-step] sample=1 cycle=677527 pc=0x1c88 lower=0x03e078b2 upper=0x01f4e40b vi=0000,0000,0233,003d,7fff,0233,b6ee,7fff,02bd,0000,02bd,006d,023d,020c,0238,020c,
[vu:xgkick-step] sample=1 cycle=677529 pc=0x1c90 lower=0x10020238 upper=0x0053085a vi=0000,0000,0233,003d,7fff,0233,b6ee,7fff,02bd,0000,02bd,006d,023d,020c,0238,020c,
[vu:xgkick-step] sample=1 cycle=677530 pc=0x1c98 lower=0x100e0238 upper=0x0053109a vi=0000,0000,0238,003d,7fff,0233,b6ee,7fff,02bd,0000,02bd,006d,023d,020c,0238,020c,
[vu:xgkick-step] sample=1 cycle=677531 pc=0x1ca0 lower=0x01ed03e4 upper=0x405318da vi=0000,0000,0238,003d,7fff,0233,b6ee,7fff,02bd,0000,02bd,006d,023d,020c,0238,020c,
[vu:xgkick-step] sample=1 cycle=677532 pc=0x1ca8 lower=0x03e080b3 upper=0x0053211a vi=0000,0000,0238,003d,7fff,0233,b6ee,7fff,02bd,0000,02bd,006d,023d,020c,0238,020c,
[vu:xgkick-step] sample=1 cycle=677536 pc=0x30 lower=0x40000003 upper=0x000002ff vi=0000,0000,0238,003d,7fff,0233,b6ee,7fff,02bd,0000,02bd,006d,023d,020c,0238,020c,
[vu:xgkick-step] sample=1 cycle=677537 pc=0x38 lower=0x8000033c upper=0x000002ff vi=0000,0000,0238,003d,7fff,0233,b6ee,7fff,02bd,0000,02bd,006d,023d,020c,0238,020c,
[vu:xgkick-step] sample=1 cycle=677538 pc=0x50 lower=0x1008006c upper=0x000002ff vi=0000,0000,0238,003d,7fff,0233,b6ee,7fff,02bd,0000,02bd,006d,023d,020c,0238,020c,
[vu:xgkick-step] sample=1 cycle=677539 pc=0x58 lower=0x800046fc upper=0x000002ff vi=0000,0000,0238,003d,7fff,0233,b6ee,7fff,006c,0000,02bd,006d,023d,020c,0238,020c,
[vu:xgkick-store] sample=1 phase=issue cycle=677503 pc=0x1bc8 address=0x1b0 mask=0xf words=c4669464,445000cc,c4669464,00000000
[vu:xgkick-store] sample=1 phase=commit cycle=677504 pc=0x1bd0 address=0x1b0 mask=0xf words=c4669464,445000cc,c4669464,00000000
[vu:xgkick-store] sample=1 phase=issue cycle=677508 pc=0x1bf0 address=0x1c0 mask=0xf words=bcd2f5c4,bcd2fa55,bcd2f5c4,00000000
[vu:xgkick-store] sample=1 phase=commit cycle=677509 pc=0x1bf8 address=0x1c0 mask=0xf words=bcd2f5c4,bcd2fa55,bcd2f5c4,00000000
[vu:xgkick-store] sample=1 phase=issue cycle=677512 pc=0x1c10 address=0x1d0 mask=0xf words=c3996cef,c3997041,c3996cef,00000000
[vu:xgkick-store] sample=1 phase=commit cycle=677513 pc=0x1c18 address=0x1d0 mask=0xf words=c3996cef,c3997041,c3996cef,00000000
[vu:xgkick-store] sample=1 phase=issue cycle=677515 pc=0x1c28 address=0x1e0 mask=0xf words=c425a644,43bab24d,c425a644,00000000
[vu:xgkick-store] sample=1 phase=commit cycle=677516 pc=0x1c30 address=0x1e0 mask=0xf words=c425a644,43bab24d,c425a644,00000000
[vu:xgkick-store] sample=1 phase=issue cycle=677519 pc=0x1c48 address=0xb00 mask=0xf words=c4669464,445000cc,c4669464,00000000
[vu:xgkick-store] sample=1 phase=commit cycle=677520 pc=0x1c50 address=0xb00 mask=0xf words=c4669464,445000cc,c4669464,00000000
[vu:xgkick-store] sample=1 phase=issue cycle=677523 pc=0x1c68 address=0xb10 mask=0xf words=bcd2f5c4,bcd2fa55,bcd2f5c4,00000000
[vu:xgkick-store] sample=1 phase=commit cycle=677524 pc=0x1c70 address=0xb10 mask=0xf words=bcd2f5c4,bcd2fa55,bcd2f5c4,00000000
[vu:xgkick-store] sample=1 phase=issue cycle=677527 pc=0x1c88 address=0xb20 mask=0xf words=c3996cef,c3997041,c3996cef,00000000
[vu:xgkick-store] sample=1 phase=commit cycle=677528 pc=0x1c90 address=0xb20 mask=0xf words=c3996cef,c3997041,c3996cef,00000000
[vu:xgkick-store] sample=1 phase=issue cycle=677532 pc=0x1ca8 address=0xb30 mask=0xf words=c425a644,43bab24d,c425a644,00000000
[vu:xgkick-store] sample=1 phase=commit cycle=677533 pc=0x1cb0 address=0xb30 mask=0xf words=c425a644,43bab24d,c425a644,00000000
[VU1 reserved lower] cycle=677540 pc=0x60 instruction=0xfffffffb
[vu:xgkick-error] sample=14 reason=tag-limit cycle=685214 pc=0x1000 source_qw=563 tag_offset=0 copied=16 tag_lo=0x0000990300005e5b tag_hi=0x0000000000000000 nloop=24155 format=0 nreg=0 requested=6183696 limit=65536
[VU1 reserved lower] cycle=685214 pc=0x1000 instruction=0xfffffffb
[vu:xgkick-error] sample=15 reason=tag-limit cycle=685282 pc=0x60 source_qw=108 tag_offset=0 copied=16 tag_lo=0x43aa148fc3996ea7 tag_hi=0x00000000c3996ea7 nloop=28327 format=0 nreg=4 requested=1812944 limit=65536
[vu:xgkick-history] sample=1 source_qw=108 steps=64 stores=16
[vu:xgkick-step] sample=1 cycle=685214 pc=0x1050 lower=0x420f0151 upper=0x000002ff vi=0000,0000,0233,0002,7fff,0233,db88,7fff,02bd,0000,02bd,0001,023d,020c,0238,0219,
[vu:xgkick-step] sample=1 cycle=685215 pc=0x1058 lower=0x100d020c upper=0x000002ff vi=0000,0000,0233,0002,7fff,0233,db88,7fff,02bd,0000,02bd,0001,023d,020c,0238,020c,
[vu:xgkick-step] sample=1 cycle=685216 pc=0x1ae0 lower=0x01f10000 upper=0x000002ff vi=0000,0000,0233,0002,7fff,0233,db88,7fff,02bd,0000,02bd,0001,023d,020c,0238,020c,
[vu:xgkick-step] sample=1 cycle=685217 pc=0x1ae8 lower=0x01e90009 upper=0x000002ff vi=0000,0000,0233,0002,7fff,0233,db88,7fff,02bd,0000,02bd,0001,023d,020c,0238,020c,
[vu:xgkick-step] sample=1 cycle=685218 pc=0x1af0 lower=0x01ea000a upper=0x000002ff vi=0000,0000,0233,0002,7fff,0233,db88,7fff,02bd,0000,02bd,0001,023d,020c,0238,020c,
[vu:xgkick-step] sample=1 cycle=685219 pc=0x1af8 lower=0x01eb000b upper=0x000002ff vi=0000,0000,0233,0002,7fff,0233,db88,7fff,02bd,0000,02bd,0001,023d,020c,0238,020c,
[vu:xgkick-step] sample=1 cycle=685220 pc=0x1b00 lower=0x01ec000c upper=0x000002ff vi=0000,0000,0233,0002,7fff,0233,db88,7fff,02bd,0000,02bd,0001,023d,020c,0238,020c,
[vu:xgkick-step] sample=1 cycle=685221 pc=0x1b08 lower=0x01f20001 upper=0x01f149bc vi=0000,0000,0233,0002,7fff,0233,db88,7fff,02bd,0000,02bd,0001,023d,020c,0238,020c,
[vu:xgkick-step] sample=1 cycle=685222 pc=0x1b10 lower=0x01f30002 upper=0x01f150bd vi=0000,0000,0233,0002,7fff,0233,db88,7fff,02bd,0000,02bd,0001,023d,020c,0238,020c,
[vu:xgkick-step] sample=1 cycle=685223 pc=0x1b18 lower=0x01f40003 upper=0x01f158be vi=0000,0000,0233,0002,7fff,0233,db88,7fff,02bd,0000,02bd,0001,023d,020c,0238,020c,
[vu:xgkick-step] sample=1 cycle=685224 pc=0x1b20 lower=0x01f9000d upper=0x01f1604b vi=0000,0000,0233,0002,7fff,0233,db88,7fff,02bd,0000,02bd,0001,023d,020c,0238,020c,
[vu:xgkick-step] sample=1 cycle=685225 pc=0x1b28 lower=0x01fa000e upper=0x01f249bc vi=0000,0000,0233,0002,7fff,0233,db88,7fff,02bd,0000,02bd,0001,023d,020c,0238,020c,
[vu:xgkick-step] sample=1 cycle=685226 pc=0x1b30 lower=0x01fb000f upper=0x01f250bd vi=0000,0000,0233,0002,7fff,0233,db88,7fff,02bd,0000,02bd,0001,023d,020c,0238,020c,
[vu:xgkick-step] sample=1 cycle=685227 pc=0x1b38 lower=0x01fc0010 upper=0x01f258be vi=0000,0000,0233,0002,7fff,0233,db88,7fff,02bd,0000,02bd,0001,023d,020c,0238,020c,
[vu:xgkick-step] sample=1 cycle=685228 pc=0x1b40 lower=0x8000033c upper=0x01f2608b vi=0000,0000,0233,0002,7fff,0233,db88,7fff,02bd,0000,02bd,0001,023d,020c,0238,020c,
[vu:xgkick-step] sample=1 cycle=685229 pc=0x1b48 lower=0x11e407ff upper=0x01f349bc vi=0000,0000,0233,0002,7fff,0233,db88,7fff,02bd,0000,02bd,0001,023d,020c,0238,020c,
[vu:xgkick-step] sample=1 cycle=685230 pc=0x1b50 lower=0x8000033c upper=0x01f350bd vi=0000,0000,0233,0002,7fff,0233,db88,7fff,02bd,0000,02bd,0001,023d,020c,0238,020c,
[vu:xgkick-step] sample=1 cycle=685231 pc=0x1b58 lower=0x8000033c upper=0x01f358be vi=0000,0000,0233,0002,7fff,0233,db88,7fff,02bd,0000,02bd,0001,023d,020c,0238,020c,
[vu:xgkick-step] sample=1 cycle=685232 pc=0x1b60 lower=0x8000033c upper=0x01f360cb vi=0000,0000,0233,0002,7fff,0233,db88,7fff,02bd,0000,02bd,0001,023d,020c,0238,020c,
[vu:xgkick-step] sample=1 cycle=685233 pc=0x1b68 lower=0x8000033c upper=0x01f449bc vi=0000,0000,0233,0002,7fff,0233,db88,7fff,02bd,0000,02bd,0001,023d,020c,0238,020c,
[vu:xgkick-step] sample=1 cycle=685234 pc=0x1b70 lower=0x01e90016 upper=0x01f450bd vi=0000,0000,0233,0002,7fff,0233,db88,7fff,02bd,0000,02bd,0001,023d,020c,0238,020c,
[vu:xgkick-step] sample=1 cycle=685235 pc=0x1b78 lower=0x01ea0017 upper=0x01f458be vi=0000,0000,0233,0002,7fff,0233,db88,7fff,02bd,0000,02bd,0001,023d,020c,0238,020c,
[vu:xgkick-step] sample=1 cycle=685236 pc=0x1b80 lower=0x01eb0018 upper=0x01f4610b vi=0000,0000,0233,0002,7fff,0233,db88,7fff,02bd,0000,02bd,0001,023d,020c,0238,020c,
[vu:xgkick-step] sample=1 cycle=685237 pc=0x1b88 lower=0x01ec0019 upper=0x000002ff vi=0000,0000,0233,0002,7fff,0233,db88,7fff,02bd,0000,02bd,0001,023d,020c,0238,020c,
[vu:xgkick-step] sample=1 cycle=685238 pc=0x1b90 lower=0x8000033c upper=0x01f149bc vi=0000,0000,0233,0002,7fff,0233,db88,7fff,02bd,0000,02bd,0001,023d,020c,0238,020c,
[vu:xgkick-step] sample=1 cycle=685239 pc=0x1b98 lower=0x8000033c upper=0x01f150bd vi=0000,0000,0233,0002,7fff,0233,db88,7fff,02bd,0000,02bd,0001,023d,020c,0238,020c,
[vu:xgkick-step] sample=1 cycle=685240 pc=0x1ba0 lower=0x8000033c upper=0x01f158be vi=0000,0000,0233,0002,7fff,0233,db88,7fff,02bd,0000,02bd,0001,023d,020c,0238,020c,
[vu:xgkick-step] sample=1 cycle=685241 pc=0x1ba8 lower=0x8000033c upper=0x01f1634b vi=0000,0000,0233,0002,7fff,0233,db88,7fff,02bd,0000,02bd,0001,023d,020c,0238,020c,
[vu:xgkick-step] sample=1 cycle=685242 pc=0x1bb0 lower=0x8000033c upper=0x01f249bc vi=0000,0000,0233,0002,7fff,0233,db88,7fff,02bd,0000,02bd,0001,023d,020c,0238,020c,
[vu:xgkick-step] sample=1 cycle=685243 pc=0x1bb8 lower=0x8000033c upper=0x01f250bd vi=0000,0000,0233,0002,7fff,0233,db88,7fff,02bd,0000,02bd,0001,023d,020c,0238,020c,
[vu:xgkick-step] sample=1 cycle=685244 pc=0x1bc0 lower=0x8000033c upper=0x01f258be vi=0000,0000,0233,0002,7fff,0233,db88,7fff,02bd,0000,02bd,0001,023d,020c,0238,020c,
[vu:xgkick-step] sample=1 cycle=685245 pc=0x1bc8 lower=0x03e0681b upper=0x01f2638b vi=0000,0000,0233,0002,7fff,0233,db88,7fff,02bd,0000,02bd,0001,023d,020c,0238,020c,
[vu:xgkick-step] sample=1 cycle=685246 pc=0x1bd0 lower=0x8000033c upper=0x01f349bc vi=0000,0000,0233,0002,7fff,0233,db88,7fff,02bd,0000,02bd,0001,023d,020c,0238,020c,
[vu:xgkick-step] sample=1 cycle=685247 pc=0x1bd8 lower=0x8000033c upper=0x01f350bd vi=0000,0000,0233,0002,7fff,0233,db88,7fff,02bd,0000,02bd,0001,023d,020c,0238,020c,
[vu:xgkick-step] sample=1 cycle=685248 pc=0x1be0 lower=0x8000033c upper=0x01f358be vi=0000,0000,0233,0002,7fff,0233,db88,7fff,02bd,0000,02bd,0001,023d,020c,0238,020c,
[vu:xgkick-step] sample=1 cycle=685249 pc=0x1be8 lower=0x8000033c upper=0x01f363cb vi=0000,0000,0233,0002,7fff,0233,db88,7fff,02bd,0000,02bd,0001,023d,020c,0238,020c,
[vu:xgkick-step] sample=1 cycle=685250 pc=0x1bf0 lower=0x03e0701c upper=0x01f449bc vi=0000,0000,0233,0002,7fff,0233,db88,7fff,02bd,0000,02bd,0001,023d,020c,0238,020c,
[vu:xgkick-step] sample=1 cycle=685251 pc=0x1bf8 lower=0x8000033c upper=0x01f450bd vi=0000,0000,0233,0002,7fff,0233,db88,7fff,02bd,0000,02bd,0001,023d,020c,0238,020c,
[vu:xgkick-step] sample=1 cycle=685252 pc=0x1c00 lower=0x8000033c upper=0x01f458be vi=0000,0000,0233,0002,7fff,0233,db88,7fff,02bd,0000,02bd,0001,023d,020c,0238,020c,
[vu:xgkick-step] sample=1 cycle=685253 pc=0x1c08 lower=0x8000033c upper=0x01f4640b vi=0000,0000,0233,0002,7fff,0233,db88,7fff,02bd,0000,02bd,0001,023d,020c,0238,020c,
[vu:xgkick-step] sample=1 cycle=685254 pc=0x1c10 lower=0x03e0781d upper=0x01f1c9bc vi=0000,0000,0233,0002,7fff,0233,db88,7fff,02bd,0000,02bd,0001,023d,020c,0238,020c,
[vu:xgkick-step] sample=1 cycle=685255 pc=0x1c18 lower=0x8000033c upper=0x01f1d0bd vi=0000,0000,0233,0002,7fff,0233,db88,7fff,02bd,0000,02bd,0001,023d,020c,0238,020c,
[vu:xgkick-step] sample=1 cycle=685256 pc=0x1c20 lower=0x8000033c upper=0x01f1d8be vi=0000,0000,0233,0002,7fff,0233,db88,7fff,02bd,0000,02bd,0001,023d,020c,0238,020c,
[vu:xgkick-step] sample=1 cycle=685257 pc=0x1c28 lower=0x03e0801e upper=0x01f1e34b vi=0000,0000,0233,0002,7fff,0233,db88,7fff,02bd,0000,02bd,0001,023d,020c,0238,020c,
[vu:xgkick-step] sample=1 cycle=685258 pc=0x1c30 lower=0x8000033c upper=0x01f2c9bc vi=0000,0000,0233,0002,7fff,0233,db88,7fff,02bd,0000,02bd,0001,023d,020c,0238,020c,
[vu:xgkick-step] sample=1 cycle=685259 pc=0x1c38 lower=0x3c000000 upper=0x81f2d0bd vi=0000,0000,0233,0002,7fff,0233,db88,7fff,02bd,0000,02bd,0001,023d,020c,0238,020c,
[vu:xgkick-step] sample=1 cycle=685260 pc=0x1c40 lower=0x01e50015 upper=0x01f2d8be vi=0000,0000,0233,0002,7fff,0233,db88,7fff,02bd,0000,02bd,0001,023d,020c,0238,020c,
[vu:xgkick-step] sample=1 cycle=685261 pc=0x1c48 lower=0x03e068b0 upper=0x01f2e38b vi=0000,0000,0233,0002,7fff,0233,db88,7fff,02bd,0000,02bd,0001,023d,020c,0238,020c,
[vu:xgkick-step] sample=1 cycle=685262 pc=0x1c50 lower=0x01e60004 upper=0x01f3c9bc vi=0000,0000,0233,0002,7fff,0233,db88,7fff,02bd,0000,02bd,0001,023d,020c,0238,020c,
[vu:xgkick-step] sample=1 cycle=685263 pc=0x1c58 lower=0x01ff0005 upper=0x01f3d0bd vi=0000,0000,0233,0002,7fff,0233,db88,7fff,02bd,0000,02bd,0001,023d,020c,0238,020c,
[vu:xgkick-step] sample=1 cycle=685264 pc=0x1c60 lower=0x01eb0014 upper=0x01f3d8be vi=0000,0000,0233,0002,7fff,0233,db88,7fff,02bd,0000,02bd,0001,023d,020c,0238,020c,
[vu:xgkick-step] sample=1 cycle=685265 pc=0x1c68 lower=0x03e070b1 upper=0x01f3e3cb vi=0000,0000,0233,0002,7fff,0233,db88,7fff,02bd,0000,02bd,0001,023d,020c,0238,020c,
[vu:xgkick-step] sample=1 cycle=685266 pc=0x1c70 lower=0x01f20015 upper=0x01f4c9bc vi=0000,0000,0233,0002,7fff,0233,db88,7fff,02bd,0000,02bd,0001,023d,020c,0238,020c,
[vu:xgkick-step] sample=1 cycle=685267 pc=0x1c78 lower=0x01f30004 upper=0x01f4d0bd vi=0000,0000,0233,0002,7fff,0233,db88,7fff,02bd,0000,02bd,0001,023d,020c,0238,020c,
[vu:xgkick-step] sample=1 cycle=685268 pc=0x1c80 lower=0x8000033c upper=0x01f4d8be vi=0000,0000,0233,0002,7fff,0233,db88,7fff,02bd,0000,02bd,0001,023d,020c,0238,020c,
[vu:xgkick-step] sample=1 cycle=685269 pc=0x1c88 lower=0x03e078b2 upper=0x01f4e40b vi=0000,0000,0233,0002,7fff,0233,db88,7fff,02bd,0000,02bd,0001,023d,020c,0238,020c,
[vu:xgkick-step] sample=1 cycle=685271 pc=0x1c90 lower=0x10020238 upper=0x0053085a vi=0000,0000,0233,0002,7fff,0233,db88,7fff,02bd,0000,02bd,0001,023d,020c,0238,020c,
[vu:xgkick-step] sample=1 cycle=685272 pc=0x1c98 lower=0x100e0238 upper=0x0053109a vi=0000,0000,0238,0002,7fff,0233,db88,7fff,02bd,0000,02bd,0001,023d,020c,0238,020c,
[vu:xgkick-step] sample=1 cycle=685273 pc=0x1ca0 lower=0x01ed03e4 upper=0x405318da vi=0000,0000,0238,0002,7fff,0233,db88,7fff,02bd,0000,02bd,0001,023d,020c,0238,020c,
[vu:xgkick-step] sample=1 cycle=685274 pc=0x1ca8 lower=0x03e080b3 upper=0x0053211a vi=0000,0000,0238,0002,7fff,0233,db88,7fff,02bd,0000,02bd,0001,023d,020c,0238,020c,
[vu:xgkick-step] sample=1 cycle=685278 pc=0x30 lower=0x40000003 upper=0x000002ff vi=0000,0000,0238,0002,7fff,0233,db88,7fff,02bd,0000,02bd,0001,023d,020c,0238,020c,
[vu:xgkick-step] sample=1 cycle=685279 pc=0x38 lower=0x8000033c upper=0x000002ff vi=0000,0000,0238,0002,7fff,0233,db88,7fff,02bd,0000,02bd,0001,023d,020c,0238,020c,
[vu:xgkick-step] sample=1 cycle=685280 pc=0x50 lower=0x1008006c upper=0x000002ff vi=0000,0000,0238,0002,7fff,0233,db88,7fff,02bd,0000,02bd,0001,023d,020c,0238,020c,
[vu:xgkick-step] sample=1 cycle=685281 pc=0x58 lower=0x800046fc upper=0x000002ff vi=0000,0000,0238,0002,7fff,0233,db88,7fff,006c,0000,02bd,0001,023d,020c,0238,020c,
[vu:xgkick-store] sample=1 phase=issue cycle=685245 pc=0x1bc8 address=0x1b0 mask=0xf words=c4669464,445000cc,c4669464,00000000
[vu:xgkick-store] sample=1 phase=commit cycle=685246 pc=0x1bd0 address=0x1b0 mask=0xf words=c4669464,445000cc,c4669464,00000000
[vu:xgkick-store] sample=1 phase=issue cycle=685250 pc=0x1bf0 address=0x1c0 mask=0xf words=bcd2f5c4,bcd2fa55,bcd2f5c4,00000000
[vu:xgkick-store] sample=1 phase=commit cycle=685251 pc=0x1bf8 address=0x1c0 mask=0xf words=bcd2f5c4,bcd2fa55,bcd2f5c4,00000000
[vu:xgkick-store] sample=1 phase=issue cycle=685254 pc=0x1c10 address=0x1d0 mask=0xf words=c3996cef,c3997041,c3996cef,00000000
[vu:xgkick-store] sample=1 phase=commit cycle=685255 pc=0x1c18 address=0x1d0 mask=0xf words=c3996cef,c3997041,c3996cef,00000000
[vu:xgkick-store] sample=1 phase=issue cycle=685257 pc=0x1c28 address=0x1e0 mask=0xf words=c425a644,43bab24d,c425a644,00000000
[vu:xgkick-store] sample=1 phase=commit cycle=685258 pc=0x1c30 address=0x1e0 mask=0xf words=c425a644,43bab24d,c425a644,00000000
[vu:xgkick-store] sample=1 phase=issue cycle=685261 pc=0x1c48 address=0xb00 mask=0xf words=c4669464,445000cc,c4669464,00000000
[vu:xgkick-store] sample=1 phase=commit cycle=685262 pc=0x1c50 address=0xb00 mask=0xf words=c4669464,445000cc,c4669464,00000000
[vu:xgkick-store] sample=1 phase=issue cycle=685265 pc=0x1c68 address=0xb10 mask=0xf words=bcd2f5c4,bcd2fa55,bcd2f5c4,00000000
[vu:xgkick-store] sample=1 phase=commit cycle=685266 pc=0x1c70 address=0xb10 mask=0xf words=bcd2f5c4,bcd2fa55,bcd2f5c4,00000000
[vu:xgkick-store] sample=1 phase=issue cycle=685269 pc=0x1c88 address=0xb20 mask=0xf words=c3996cef,c3997041,c3996cef,00000000
[vu:xgkick-store] sample=1 phase=commit cycle=685270 pc=0x1c90 address=0xb20 mask=0xf words=c3996cef,c3997041,c3996cef,00000000
[vu:xgkick-store] sample=1 phase=issue cycle=685274 pc=0x1ca8 address=0xb30 mask=0xf words=c425a644,43bab24d,c425a644,00000000
[vu:xgkick-store] sample=1 phase=commit cycle=685275 pc=0x1cb0 address=0xb30 mask=0xf words=c425a644,43bab24d,c425a644,00000000
[VU1 reserved lower] cycle=685282 pc=0x60 instruction=0xfffffffb
[vu:xgkick-error] sample=16 reason=tag-limit cycle=694452 pc=0x1000 source_qw=563 tag_offset=0 copied=16 tag_lo=0x0000990300005e5b tag_hi=0x0000000000000000 nloop=24155 format=0 nreg=0 requested=6183696 limit=65536
[VU1 reserved lower] cycle=694452 pc=0x1000 instruction=0xfffffffb
[vu:xgkick-error] sample=17 reason=tag-limit cycle=694456 pc=0x60 source_qw=108 tag_offset=0 copied=16 tag_lo=0x43aa148fc3996ea7 tag_hi=0x00000000c3996ea7 nloop=28327 format=0 nreg=4 requested=1812944 limit=65536
[vu:xgkick-history] sample=2 source_qw=108 steps=9234 stores=1044
[vu:xgkick-step] sample=2 cycle=694392 pc=0x1158 lower=0x03c85000 upper=0x01e021bf vi=0000,0020,0233,0095,7fff,0233,3fe4,7fff,02ba,0000,02bd,0093,023d,020c,0238,0219,
[vu:xgkick-step] sample=2 cycle=694393 pc=0x1160 lower=0x01e94005 upper=0x01cd29ff vi=0000,0020,0233,0095,7fff,0233,3fe4,7fff,02ba,0000,02bd,0093,023d,020c,0238,0219,
[vu:xgkick-step] sample=2 cycle=694394 pc=0x1168 lower=0x81ca7b3c upper=0x0020c610 vi=0000,0020,0233,0095,7fff,0233,3fe4,7fff,02ba,0000,02bd,0093,023d,020c,0238,0219,
[vu:xgkick-step] sample=2 cycle=694395 pc=0x1170 lower=0x81fc2b3c upper=0x01feb97c vi=0000,0020,0233,0095,7fff,0233,3fe4,7fff,02ba,0000,02bd,0093,023d,020c,0238,0219,
[vu:xgkick-step] sample=2 cycle=694396 pc=0x1178 lower=0x80377b3c upper=0x01f408bc vi=0000,0020,0233,0095,7fff,0233,3fe4,7fff,02ba,0000,02bd,0093,023d,020c,0238,0219,
[vu:xgkick-step] sample=2 cycle=694397 pc=0x1180 lower=0x2402fbef upper=0x01f410bd vi=0000,0020,0233,0095,7fff,0233,3fe4,7fff,02ba,0000,02bd,0093,023d,020c,0238,0219,
[vu:xgkick-step] sample=2 cycle=694398 pc=0x1188 lower=0x520100f7 upper=0x01f41e4a vi=0000,0001,0233,0095,7fff,0233,3fe4,7fff,02ba,0000,02bd,0093,023d,020c,0238,0219,
[vu:xgkick-step] sample=2 cycle=694399 pc=0x1190 lower=0x03e8f001 upper=0x00385e03 vi=0000,0001,0233,0095,7fff,0233,3fe4,7fff,02ba,0000,02bd,0093,023d,020c,0238,0219,
[vu:xgkick-step] sample=2 cycle=694400 pc=0x1948 lower=0x45000000 upper=0x800002ff vi=0000,0001,0233,0095,7fff,0233,3fe4,7fff,02ba,0000,02bd,0093,023d,020c,0238,0219,
[vu:xgkick-step] sample=2 cycle=694401 pc=0x1950 lower=0x800862f1 upper=0x01e05a7e vi=0000,0001,0233,0095,7fff,0233,3fe4,7fff,02ba,0000,02bd,0093,023d,020c,0238,0219,
[vu:xgkick-step] sample=2 cycle=694402 pc=0x1958 lower=0x10010010 upper=0x000002ff vi=0000,0001,0233,0095,7fff,0233,3fe4,7fff,02ba,0000,02bd,ff83,023d,020c,0238,0219,
[vu:xgkick-step] sample=2 cycle=694403 pc=0x1960 lower=0x5e00582d upper=0x000002ff vi=0000,0010,0233,0095,7fff,0233,3fe4,7fff,02ba,0000,02bd,ff83,023d,020c,0238,0219,
[vu:xgkick-step] sample=2 cycle=694404 pc=0x1968 lower=0x082347fa upper=0x000002ff vi=0000,0010,0233,0095,7fff,0233,3fe4,7fff,02ba,0000,02bd,ff83,023d,020c,0238,0219,
[vu:xgkick-step] sample=2 cycle=694405 pc=0x1970 lower=0x34010800 upper=0x000002ff vi=0000,0010,0233,0095,7fff,0233,3fe4,7fff,02ba,0000,02bd,ff83,023d,020c,0238,0219,
[vu:xgkick-step] sample=2 cycle=694406 pc=0x1978 lower=0x5001002a upper=0x000002ff vi=0000,0010,0233,0095,7fff,0233,3fe4,7fff,02ba,0000,02bd,ff83,023d,020c,0238,0219,
[vu:xgkick-step] sample=2 cycle=694407 pc=0x1980 lower=0x01fb001e upper=0x000002ff vi=0000,0010,0233,0095,7fff,0233,3fe4,7fff,02ba,0000,02bd,ff83,023d,020c,0238,0219,
[vu:xgkick-step] sample=2 cycle=694408 pc=0x1988 lower=0x082b47fd upper=0x0020c622 vi=0000,0010,0233,0093,7fff,0233,3fe4,7fff,02ba,0000,02bd,ff83,023d,020c,0238,0219,
[vu:xgkick-step] sample=2 cycle=694409 pc=0x1990 lower=0x01f518b5 upper=0x000002ff vi=0000,0010,0233,0093,7fff,0233,3fe4,7fff,02ba,0000,02bd,ff83,023d,020c,0238,0219,
[vu:xgkick-step] sample=2 cycle=694410 pc=0x1998 lower=0x01ef001b upper=0x000002ff vi=0000,0010,0233,0093,7fff,0233,3fe4,7fff,02ba,0000,02bd,ff83,023d,020c,0238,0219,
[vu:xgkick-step] sample=2 cycle=694411 pc=0x19a0 lower=0x01f0001c upper=0x000002ff vi=0000,0010,0233,0093,7fff,0233,3fe4,7fff,02ba,0000,02bd,ff83,023d,020c,0238,0219,
[vu:xgkick-step] sample=2 cycle=694412 pc=0x19a8 lower=0x01eb001d upper=0x000002ff vi=0000,0010,0233,0093,7fff,0233,3fe4,7fff,02ba,0000,02bd,007d,023d,020c,0238,0219,
[vu:xgkick-step] sample=2 cycle=694413 pc=0x19b0 lower=0x01fe58b5 upper=0x01e0d9bf vi=0000,0010,0233,0093,7fff,0233,3fe4,7fff,02ba,0000,02bd,007d,023d,020c,0238,0219,
[vu:xgkick-step] sample=2 cycle=694414 pc=0x19b8 lower=0x08214000 upper=0x01f578bc vi=0000,0010,0233,0093,7fff,0233,3fe4,7fff,02ba,0000,02bd,007d,023d,020c,0238,0219,
[vu:xgkick-step] sample=2 cycle=694415 pc=0x19c0 lower=0x01d147fa upper=0x01f580bd vi=0000,0010,0233,0093,7fff,0233,3fe4,7fff,02ba,0000,02bd,007d,023d,020c,0238,0219,
[vu:xgkick-step] sample=2 cycle=694416 pc=0x19c8 lower=0x01c547fd upper=0x01f5598a vi=0000,0010,0233,0093,7fff,0233,3fe4,7fff,02ba,0000,02bd,007d,023d,020c,0238,0219,
[vu:xgkick-step] sample=2 cycle=694417 pc=0x19d0 lower=0x01d64000 upper=0x01fe79bc vi=0000,0010,0233,0093,7fff,0233,3fe4,7fff,02ba,0000,02bd,007d,023d,020c,0238,0219,
[vu:xgkick-step] sample=2 cycle=694418 pc=0x19d8 lower=0x01ec08b5 upper=0x01fe80bd vi=0000,0080,0233,0093,7fff,0233,3fe4,7fff,02ba,0000,02bd,007d,023d,020c,0238,0219,
[vu:xgkick-step] sample=2 cycle=694419 pc=0x19e0 lower=0x817103bc upper=0x01fe58be vi=0000,0080,0233,0093,7fff,0233,3fe4,7fff,02ba,0000,02bd,007d,023d,020c,0238,0219,
[vu:xgkick-step] sample=2 cycle=694420 pc=0x19e8 lower=0x800439f5 upper=0x01c631ff vi=0000,0080,0233,0093,7fff,0233,3fe4,7fff,02ba,0000,02bd,007d,023d,020c,0238,0219,
[vu:xgkick-step] sample=2 cycle=694421 pc=0x19f0 lower=0x8000033c upper=0x01e0decb vi=0000,0080,0233,0093,7fff,0233,3fe4,7fff,02ba,0000,02bd,007d,023d,020c,0238,0219,
[vu:xgkick-step] sample=2 cycle=694422 pc=0x19f8 lower=0x01e6001e upper=0x01ec79bc vi=0000,0080,0233,0093,7fff,0233,3fe4,7fff,02ba,0000,02bd,007d,023d,020c,0238,0219,
[vu:xgkick-step] sample=2 cycle=694423 pc=0x1a00 lower=0x8000033c upper=0x01ec80bd vi=0000,0080,0233,0093,7fff,0233,3fe4,7fff,02ba,0000,02bd,007d,023d,020c,0238,0219,
[vu:xgkick-step] sample=2 cycle=694424 pc=0x1a08 lower=0x8000033c upper=0x01ec58be vi=0000,0080,0233,0093,7fff,0233,3fe4,7fff,02ba,0000,02bd,007d,023d,020c,0238,0219,
[vu:xgkick-step] sample=2 cycle=694425 pc=0x1a10 lower=0x8000033c upper=0x01dbd9ff vi=0000,0080,0233,0093,7fff,0233,3fe4,7fff,02ba,0000,02bd,007d,023d,020c,0238,0219,
[vu:xgkick-step] sample=2 cycle=694426 pc=0x1a18 lower=0x816503bc upper=0x01e0318b vi=0000,0080,0233,0093,7fff,0233,3fe4,7fff,02ba,0000,02bd,007d,023d,020c,0238,0219,
[vu:xgkick-step] sample=2 cycle=694427 pc=0x1a20 lower=0x8000033c upper=0x01808c5c vi=0000,0080,0233,0093,7fff,0233,3fe4,7fff,02ba,0000,02bd,007d,023d,020c,0238,0219,
[vu:xgkick-step] sample=2 cycle=694428 pc=0x1a28 lower=0x8000033c upper=0x00400443 vi=0000,0080,0233,0093,7fff,0233,3fe4,7fff,02ba,0000,02bd,007d,023d,020c,0238,0219,
[vu:xgkick-step] sample=2 cycle=694429 pc=0x1a30 lower=0x8000033c upper=0x000002ff vi=0000,0080,0233,0093,7fff,0233,3fe4,7fff,02ba,0000,02bd,007d,023d,020c,0238,0219,
[vu:xgkick-step] sample=2 cycle=694430 pc=0x1a38 lower=0x8000033c upper=0x01c631ff vi=0000,0080,0233,0093,7fff,0233,3fe4,7fff,02ba,0000,02bd,007d,023d,020c,0238,0219,
[vu:xgkick-step] sample=2 cycle=694431 pc=0x1a40 lower=0x8000033c upper=0x000002ff vi=0000,0080,0233,0093,7fff,0233,3fe4,7fff,02ba,0000,02bd,007d,023d,020c,0238,0219,
[vu:xgkick-step] sample=2 cycle=694432 pc=0x1a48 lower=0x8000033c upper=0x000002ff vi=0000,0080,0233,0093,7fff,0233,3fe4,7fff,02ba,0000,02bd,007d,023d,020c,0238,0219,
[vu:xgkick-step] sample=2 cycle=694433 pc=0x1a50 lower=0x817603bc upper=0x0180295c vi=0000,0080,0233,0093,7fff,0233,3fe4,7fff,02ba,0000,02bd,007d,023d,020c,0238,0219,
[vu:xgkick-step] sample=2 cycle=694434 pc=0x1a58 lower=0x26fdf7df upper=0x00400143 vi=0000,0080,0233,0093,7fff,0233,3fe4,7fff,02ba,0000,02bd,007d,023d,020c,0238,0219,
[vu:xgkick-step] sample=2 cycle=694435 pc=0x1a60 lower=0x5201000b upper=0x000002ff vi=0000,0001,0233,0093,7fff,0233,3fe4,7fff,02ba,0000,02bd,007d,023d,020c,0238,0219,
[vu:xgkick-step] sample=2 cycle=694436 pc=0x1a68 lower=0x26ffbefb upper=0x000002ff vi=0000,0001,0233,0093,7fff,0233,3fe4,7fff,02ba,0000,02bd,007d,023d,020c,0238,0219,
[vu:xgkick-step] sample=2 cycle=694437 pc=0x1ac0 lower=0x8000033c upper=0x01cde9ff vi=0000,0000,0233,0093,7fff,0233,3fe4,7fff,02ba,0000,02bd,007d,023d,020c,0238,0219,
[vu:xgkick-step] sample=2 cycle=694438 pc=0x1ac8 lower=0x8000033c upper=0x01cde1ff vi=0000,0000,0233,0093,7fff,0233,3fe4,7fff,02ba,0000,02bd,007d,023d,020c,0238,0219,
[vu:xgkick-step] sample=2 cycle=694439 pc=0x1ad0 lower=0x48002800 upper=0x000002ff vi=0000,0000,0233,0093,7fff,0233,3fe4,7fff,02ba,0000,02bd,007d,023d,020c,0238,0219,
[vu:xgkick-step] sample=2 cycle=694440 pc=0x1ad8 lower=0x437f0000 upper=0x800002ff vi=0000,0000,0233,0093,7fff,0233,3fe4,7fff,02ba,0000,02bd,007d,023d,020c,0238,0219,
[vu:xgkick-step] sample=2 cycle=694441 pc=0x1198 lower=0x10084003 upper=0x0037bddb vi=0000,0000,0233,0093,7fff,0233,3fe4,7fff,02ba,0000,02bd,007d,023d,020c,0238,0219,
[vu:xgkick-step] sample=2 cycle=694442 pc=0x11a0 lower=0x81fde33c upper=0x01e839ea vi=0000,0000,0233,0093,7fff,0233,3fe4,7fff,02bd,0000,02bd,007d,023d,020c,0238,0219,
[vu:xgkick-step] sample=2 cycle=694443 pc=0x11a8 lower=0x81f903bc upper=0x01e9493e vi=0000,0000,0233,0093,7fff,0233,3fe4,7fff,02bd,0000,02bd,007d,023d,020c,0238,0219,
[vu:xgkick-step] sample=2 cycle=694444 pc=0x11b0 lower=0x803ecb3c upper=0x01f8c17d vi=0000,0000,0233,0093,7fff,0233,3fe4,7fff,02bd,0000,02bd,007d,023d,020c,0238,0219,
[vu:xgkick-step] sample=2 cycle=694445 pc=0x11b8 lower=0x8039933c upper=0x01f7f9bf vi=0000,0000,0233,0093,7fff,0233,3fe4,7fff,02bd,0000,02bd,007d,023d,020c,0238,0219,
[vu:xgkick-step] sample=2 cycle=694446 pc=0x11c0 lower=0x8000033c upper=0x01c0d0bf vi=0000,0000,0233,0093,7fff,0233,3fe4,7fff,02bd,0000,02bd,007d,023d,020c,0238,0219,
[vu:xgkick-step] sample=2 cycle=694447 pc=0x11c8 lower=0x520a47e8 upper=0x01ea3de9 vi=0000,0000,0233,0093,7fff,0233,3fe4,7fff,02bd,0000,02bd,007d,023d,020c,0238,0219,
[vu:xgkick-step] sample=2 cycle=694448 pc=0x11d0 lower=0x03e8c7ff upper=0x01934a68 vi=0000,0000,0233,0093,7fff,0233,3fe4,7fff,02bd,0000,02bd,007d,023d,020c,0238,0219,
[vu:xgkick-step] sample=2 cycle=694449 pc=0x11d8 lower=0x400007c3 upper=0x000002ff vi=0000,0000,0233,0093,7fff,0233,3fe4,7fff,02bd,0000,02bd,007d,023d,020c,0238,0219,
[vu:xgkick-step] sample=2 cycle=694450 pc=0x11e0 lower=0x8000033c upper=0x000002ff vi=0000,0000,0233,0093,7fff,0233,3fe4,7fff,02bd,0000,02bd,007d,023d,020c,0238,0219,
[vu:xgkick-step] sample=2 cycle=694451 pc=0xff8 lower=0x800016fc upper=0x000002ff vi=0000,0000,0233,0093,7fff,0233,3fe4,7fff,02bd,0000,02bd,007d,023d,020c,0238,0219,
[vu:xgkick-step] sample=2 cycle=694452 pc=0x30 lower=0x40000003 upper=0x000002ff vi=0000,0000,0233,0093,7fff,0233,3fe4,7fff,02bd,0000,02bd,007d,023d,020c,0238,0219,
[vu:xgkick-step] sample=2 cycle=694453 pc=0x38 lower=0x8000033c upper=0x000002ff vi=0000,0000,0233,0093,7fff,0233,3fe4,7fff,02bd,0000,02bd,007d,023d,020c,0238,0219,
[vu:xgkick-step] sample=2 cycle=694454 pc=0x50 lower=0x1008006c upper=0x000002ff vi=0000,0000,0233,0093,7fff,0233,3fe4,7fff,02bd,0000,02bd,007d,023d,020c,0238,0219,
[vu:xgkick-step] sample=2 cycle=694455 pc=0x58 lower=0x800046fc upper=0x000002ff vi=0000,0000,0233,0093,7fff,0233,3fe4,7fff,006c,0000,02bd,007d,023d,020c,0238,0219,
[vu:xgkick-store] sample=2 phase=issue cycle=694118 pc=0x11d0 address=0x2ad0 mask=0xf words=7fffffff,80000000,7fffffff,ff89af10
[vu:xgkick-store] sample=2 phase=commit cycle=694119 pc=0x1110 address=0x2ad0 mask=0xf words=7fffffff,80000000,7fffffff,ff89af10
[vu:xgkick-store] sample=2 phase=issue cycle=694128 pc=0x1158 address=0x2ae0 mask=0xe words=bf23e000,bf575000,489e5e13,3f800000
[vu:xgkick-store] sample=2 phase=commit cycle=694129 pc=0x1160 address=0x2ae0 mask=0xe words=bf23e000,bf575000,489e5e13,3f800000
[vu:xgkick-store] sample=2 phase=issue cycle=694135 pc=0x1190 address=0x2af0 mask=0xf words=ffffc0b8,ffffda1c,ffffd3c3,00000080
[vu:xgkick-store] sample=2 phase=commit cycle=694136 pc=0x1948 address=0x2af0 mask=0xf words=ffffc0b8,ffffda1c,ffffd3c3,00000080
[vu:xgkick-store] sample=2 phase=issue cycle=694184 pc=0x11d0 address=0x2b00 mask=0xf words=7fffffff,80000000,7fffffff,ff89af10
[vu:xgkick-store] sample=2 phase=commit cycle=694185 pc=0x1110 address=0x2b00 mask=0xf words=7fffffff,80000000,7fffffff,ff89af10
[vu:xgkick-store] sample=2 phase=issue cycle=694194 pc=0x1158 address=0x2b10 mask=0xe words=bf2c8000,bf5d6000,489e5e13,3f800000
[vu:xgkick-store] sample=2 phase=commit cycle=694195 pc=0x1160 address=0x2b10 mask=0xe words=bf2c8000,bf5d6000,489e5e13,3f800000
[vu:xgkick-store] sample=2 phase=issue cycle=694201 pc=0x1190 address=0x2b20 mask=0xf words=ffffb250,ffffd177,ffffc9ae,00000080
[vu:xgkick-store] sample=2 phase=commit cycle=694202 pc=0x1948 address=0x2b20 mask=0xf words=ffffb250,ffffd177,ffffc9ae,00000080
[vu:xgkick-store] sample=2 phase=issue cycle=694250 pc=0x11d0 address=0x2b30 mask=0xf words=7fffffff,80000000,7fffffff,ff89af10
[vu:xgkick-store] sample=2 phase=commit cycle=694251 pc=0x1110 address=0x2b30 mask=0xf words=7fffffff,80000000,7fffffff,ff89af10
[vu:xgkick-store] sample=2 phase=issue cycle=694260 pc=0x1158 address=0x2b40 mask=0xe words=bf23c000,bf5f6000,489e5e13,3f800000
[vu:xgkick-store] sample=2 phase=commit cycle=694261 pc=0x1160 address=0x2b40 mask=0xe words=bf23c000,bf5f6000,489e5e13,3f800000
[vu:xgkick-store] sample=2 phase=issue cycle=694267 pc=0x1190 address=0x2b50 mask=0xf words=ffffc0a0,ffffda0e,ffffd3b2,00000080
[vu:xgkick-store] sample=2 phase=commit cycle=694268 pc=0x1948 address=0x2b50 mask=0xf words=ffffc0a0,ffffda0e,ffffd3b2,00000080
[vu:xgkick-store] sample=2 phase=issue cycle=694316 pc=0x11d0 address=0x2b60 mask=0xf words=7fffffff,80000000,7fffffff,ff89af10
[vu:xgkick-store] sample=2 phase=commit cycle=694317 pc=0x1110 address=0x2b60 mask=0xf words=7fffffff,80000000,7fffffff,ff89af10
[vu:xgkick-store] sample=2 phase=issue cycle=694326 pc=0x1158 address=0x2b70 mask=0xe words=bf240000,bf676000,489e5e13,3f800000
[vu:xgkick-store] sample=2 phase=commit cycle=694327 pc=0x1160 address=0x2b70 mask=0xe words=bf240000,bf676000,489e5e13,3f800000
[vu:xgkick-store] sample=2 phase=issue cycle=694333 pc=0x1190 address=0x2b80 mask=0xf words=ffffb950,ffffd5ab,ffffce94,00000080
[vu:xgkick-store] sample=2 phase=commit cycle=694334 pc=0x1948 address=0x2b80 mask=0xf words=ffffb950,ffffd5ab,ffffce94,00000080
[vu:xgkick-store] sample=2 phase=issue cycle=694382 pc=0x11d0 address=0x2b90 mask=0xf words=7fffffff,80000000,7fffffff,ff89af10
[vu:xgkick-store] sample=2 phase=commit cycle=694383 pc=0x1110 address=0x2b90 mask=0xf words=7fffffff,80000000,7fffffff,ff89af10
[vu:xgkick-store] sample=2 phase=issue cycle=694392 pc=0x1158 address=0x2ba0 mask=0xe words=bf1e8000,bf694000,489e5e13,3f800000
[vu:xgkick-store] sample=2 phase=commit cycle=694393 pc=0x1160 address=0x2ba0 mask=0xe words=bf1e8000,bf694000,489e5e13,3f800000
[vu:xgkick-store] sample=2 phase=issue cycle=694399 pc=0x1190 address=0x2bb0 mask=0xf words=ffffd878,ffffe85c,ffffe06a,00000080
[vu:xgkick-store] sample=2 phase=commit cycle=694400 pc=0x1948 address=0x2bb0 mask=0xf words=ffffd878,ffffe85c,ffffe06a,00000080
[vu:xgkick-store] sample=2 phase=issue cycle=694448 pc=0x11d0 address=0x2bc0 mask=0xf words=7fffffff,80000000,7fffffff,ff89af10
[vu:xgkick-store] sample=2 phase=commit cycle=694449 pc=0x11d8 address=0x2bc0 mask=0xf words=7fffffff,80000000,7fffffff,ff89af10
[VU1 reserved lower] cycle=694456 pc=0x60 instruction=0xfffffffb
[vu:xgkick-error] sample=18 reason=tag-limit cycle=703586 pc=0x1000 source_qw=563 tag_offset=0 copied=16 tag_lo=0x0000990300005e5b tag_hi=0x0000000000000000 nloop=24155 format=0 nreg=0 requested=6183696 limit=65536
[VU1 reserved lower] cycle=703586 pc=0x1000 instruction=0xfffffffb
[vu:xgkick-error] sample=19 reason=tag-limit cycle=703590 pc=0x60 source_qw=108 tag_offset=0 copied=16 tag_lo=0x43aa148fc3996ea7 tag_hi=0x00000000c3996ea7 nloop=28327 format=0 nreg=4 requested=1812944 limit=65536
[vu:xgkick-history] sample=3 source_qw=108 steps=18364 stores=2060
[vu:xgkick-step] sample=3 cycle=703526 pc=0x1158 lower=0x03c85000 upper=0x01e021bf vi=0000,0020,0233,008a,7fff,0233,e360,7fff,02ba,0000,02bd,002c,023d,020c,0238,0219,
[vu:xgkick-step] sample=3 cycle=703527 pc=0x1160 lower=0x01e94005 upper=0x01cd29ff vi=0000,0020,0233,008a,7fff,0233,e360,7fff,02ba,0000,02bd,002c,023d,020c,0238,0219,
[vu:xgkick-step] sample=3 cycle=703528 pc=0x1168 lower=0x81ca7b3c upper=0x0020c610 vi=0000,0020,0233,008a,7fff,0233,e360,7fff,02ba,0000,02bd,002c,023d,020c,0238,0219,
[vu:xgkick-step] sample=3 cycle=703529 pc=0x1170 lower=0x81fc2b3c upper=0x01feb97c vi=0000,0020,0233,008a,7fff,0233,e360,7fff,02ba,0000,02bd,002c,023d,020c,0238,0219,
[vu:xgkick-step] sample=3 cycle=703530 pc=0x1178 lower=0x80377b3c upper=0x01f408bc vi=0000,0020,0233,008a,7fff,0233,e360,7fff,02ba,0000,02bd,002c,023d,020c,0238,0219,
[vu:xgkick-step] sample=3 cycle=703531 pc=0x1180 lower=0x2402fbef upper=0x01f410bd vi=0000,0020,0233,008a,7fff,0233,e360,7fff,02ba,0000,02bd,002c,023d,020c,0238,0219,
[vu:xgkick-step] sample=3 cycle=703532 pc=0x1188 lower=0x520100f7 upper=0x01f41e4a vi=0000,0001,0233,008a,7fff,0233,e360,7fff,02ba,0000,02bd,002c,023d,020c,0238,0219,
[vu:xgkick-step] sample=3 cycle=703533 pc=0x1190 lower=0x03e8f001 upper=0x00385e03 vi=0000,0001,0233,008a,7fff,0233,e360,7fff,02ba,0000,02bd,002c,023d,020c,0238,0219,
[vu:xgkick-step] sample=3 cycle=703534 pc=0x1948 lower=0x45000000 upper=0x800002ff vi=0000,0001,0233,008a,7fff,0233,e360,7fff,02ba,0000,02bd,002c,023d,020c,0238,0219,
[vu:xgkick-step] sample=3 cycle=703535 pc=0x1950 lower=0x800862f1 upper=0x01e05a7e vi=0000,0001,0233,008a,7fff,0233,e360,7fff,02ba,0000,02bd,002c,023d,020c,0238,0219,
[vu:xgkick-step] sample=3 cycle=703536 pc=0x1958 lower=0x10010010 upper=0x000002ff vi=0000,0001,0233,008a,7fff,0233,e360,7fff,02ba,0000,02bd,ff83,023d,020c,0238,0219,
[vu:xgkick-step] sample=3 cycle=703537 pc=0x1960 lower=0x5e00582d upper=0x000002ff vi=0000,0010,0233,008a,7fff,0233,e360,7fff,02ba,0000,02bd,ff83,023d,020c,0238,0219,
[vu:xgkick-step] sample=3 cycle=703538 pc=0x1968 lower=0x082347fa upper=0x000002ff vi=0000,0010,0233,008a,7fff,0233,e360,7fff,02ba,0000,02bd,ff83,023d,020c,0238,0219,
[vu:xgkick-step] sample=3 cycle=703539 pc=0x1970 lower=0x34010800 upper=0x000002ff vi=0000,0010,0233,008a,7fff,0233,e360,7fff,02ba,0000,02bd,ff83,023d,020c,0238,0219,
[vu:xgkick-step] sample=3 cycle=703540 pc=0x1978 lower=0x5001002a upper=0x000002ff vi=0000,0010,0233,008a,7fff,0233,e360,7fff,02ba,0000,02bd,ff83,023d,020c,0238,0219,
[vu:xgkick-step] sample=3 cycle=703541 pc=0x1980 lower=0x01fb001e upper=0x000002ff vi=0000,0010,0233,008a,7fff,0233,e360,7fff,02ba,0000,02bd,ff83,023d,020c,0238,0219,
[vu:xgkick-step] sample=3 cycle=703542 pc=0x1988 lower=0x082b47fd upper=0x0020c622 vi=0000,0010,0233,002c,7fff,0233,e360,7fff,02ba,0000,02bd,ff83,023d,020c,0238,0219,
[vu:xgkick-step] sample=3 cycle=703543 pc=0x1990 lower=0x01f518b5 upper=0x000002ff vi=0000,0010,0233,002c,7fff,0233,e360,7fff,02ba,0000,02bd,ff83,023d,020c,0238,0219,
[vu:xgkick-step] sample=3 cycle=703544 pc=0x1998 lower=0x01ef001b upper=0x000002ff vi=0000,0010,0233,002c,7fff,0233,e360,7fff,02ba,0000,02bd,ff83,023d,020c,0238,0219,
[vu:xgkick-step] sample=3 cycle=703545 pc=0x19a0 lower=0x01f0001c upper=0x000002ff vi=0000,0010,0233,002c,7fff,0233,e360,7fff,02ba,0000,02bd,ff83,023d,020c,0238,0219,
[vu:xgkick-step] sample=3 cycle=703546 pc=0x19a8 lower=0x01eb001d upper=0x000002ff vi=0000,0010,0233,002c,7fff,0233,e360,7fff,02ba,0000,02bd,0089,023d,020c,0238,0219,
[vu:xgkick-step] sample=3 cycle=703547 pc=0x19b0 lower=0x01fe58b5 upper=0x01e0d9bf vi=0000,0010,0233,002c,7fff,0233,e360,7fff,02ba,0000,02bd,0089,023d,020c,0238,0219,
[vu:xgkick-step] sample=3 cycle=703548 pc=0x19b8 lower=0x08214000 upper=0x01f578bc vi=0000,0010,0233,002c,7fff,0233,e360,7fff,02ba,0000,02bd,0089,023d,020c,0238,0219,
[vu:xgkick-step] sample=3 cycle=703549 pc=0x19c0 lower=0x01d147fa upper=0x01f580bd vi=0000,0010,0233,002c,7fff,0233,e360,7fff,02ba,0000,02bd,0089,023d,020c,0238,0219,
[vu:xgkick-step] sample=3 cycle=703550 pc=0x19c8 lower=0x01c547fd upper=0x01f5598a vi=0000,0010,0233,002c,7fff,0233,e360,7fff,02ba,0000,02bd,0089,023d,020c,0238,0219,
[vu:xgkick-step] sample=3 cycle=703551 pc=0x19d0 lower=0x01d64000 upper=0x01fe79bc vi=0000,0010,0233,002c,7fff,0233,e360,7fff,02ba,0000,02bd,0089,023d,020c,0238,0219,
[vu:xgkick-step] sample=3 cycle=703552 pc=0x19d8 lower=0x01ec08b5 upper=0x01fe80bd vi=0000,008b,0233,002c,7fff,0233,e360,7fff,02ba,0000,02bd,0089,023d,020c,0238,0219,
[vu:xgkick-step] sample=3 cycle=703553 pc=0x19e0 lower=0x817103bc upper=0x01fe58be vi=0000,008b,0233,002c,7fff,0233,e360,7fff,02ba,0000,02bd,0089,023d,020c,0238,0219,
[vu:xgkick-step] sample=3 cycle=703554 pc=0x19e8 lower=0x800439f5 upper=0x01c631ff vi=0000,008b,0233,002c,7fff,0233,e360,7fff,02ba,0000,02bd,0089,023d,020c,0238,0219,
[vu:xgkick-step] sample=3 cycle=703555 pc=0x19f0 lower=0x8000033c upper=0x01e0decb vi=0000,008b,0233,002c,7fff,0233,e360,7fff,02ba,0000,02bd,0089,023d,020c,0238,0219,
[vu:xgkick-step] sample=3 cycle=703556 pc=0x19f8 lower=0x01e6001e upper=0x01ec79bc vi=0000,008b,0233,002c,7fff,0233,e360,7fff,02ba,0000,02bd,0089,023d,020c,0238,0219,
[vu:xgkick-step] sample=3 cycle=703557 pc=0x1a00 lower=0x8000033c upper=0x01ec80bd vi=0000,008b,0233,002c,7fff,0233,e360,7fff,02ba,0000,02bd,0089,023d,020c,0238,0219,
[vu:xgkick-step] sample=3 cycle=703558 pc=0x1a08 lower=0x8000033c upper=0x01ec58be vi=0000,008b,0233,002c,7fff,0233,e360,7fff,02ba,0000,02bd,0089,023d,020c,0238,0219,
[vu:xgkick-step] sample=3 cycle=703559 pc=0x1a10 lower=0x8000033c upper=0x01dbd9ff vi=0000,008b,0233,002c,7fff,0233,e360,7fff,02ba,0000,02bd,0089,023d,020c,0238,0219,
[vu:xgkick-step] sample=3 cycle=703560 pc=0x1a18 lower=0x816503bc upper=0x01e0318b vi=0000,008b,0233,002c,7fff,0233,e360,7fff,02ba,0000,02bd,0089,023d,020c,0238,0219,
[vu:xgkick-step] sample=3 cycle=703561 pc=0x1a20 lower=0x8000033c upper=0x01808c5c vi=0000,008b,0233,002c,7fff,0233,e360,7fff,02ba,0000,02bd,0089,023d,020c,0238,0219,
[vu:xgkick-step] sample=3 cycle=703562 pc=0x1a28 lower=0x8000033c upper=0x00400443 vi=0000,008b,0233,002c,7fff,0233,e360,7fff,02ba,0000,02bd,0089,023d,020c,0238,0219,
[vu:xgkick-step] sample=3 cycle=703563 pc=0x1a30 lower=0x8000033c upper=0x000002ff vi=0000,008b,0233,002c,7fff,0233,e360,7fff,02ba,0000,02bd,0089,023d,020c,0238,0219,
[vu:xgkick-step] sample=3 cycle=703564 pc=0x1a38 lower=0x8000033c upper=0x01c631ff vi=0000,008b,0233,002c,7fff,0233,e360,7fff,02ba,0000,02bd,0089,023d,020c,0238,0219,
[vu:xgkick-step] sample=3 cycle=703565 pc=0x1a40 lower=0x8000033c upper=0x000002ff vi=0000,008b,0233,002c,7fff,0233,e360,7fff,02ba,0000,02bd,0089,023d,020c,0238,0219,
[vu:xgkick-step] sample=3 cycle=703566 pc=0x1a48 lower=0x8000033c upper=0x000002ff vi=0000,008b,0233,002c,7fff,0233,e360,7fff,02ba,0000,02bd,0089,023d,020c,0238,0219,
[vu:xgkick-step] sample=3 cycle=703567 pc=0x1a50 lower=0x817603bc upper=0x0180295c vi=0000,008b,0233,002c,7fff,0233,e360,7fff,02ba,0000,02bd,0089,023d,020c,0238,0219,
[vu:xgkick-step] sample=3 cycle=703568 pc=0x1a58 lower=0x26fdf7df upper=0x00400143 vi=0000,008b,0233,002c,7fff,0233,e360,7fff,02ba,0000,02bd,0089,023d,020c,0238,0219,
[vu:xgkick-step] sample=3 cycle=703569 pc=0x1a60 lower=0x5201000b upper=0x000002ff vi=0000,0001,0233,002c,7fff,0233,e360,7fff,02ba,0000,02bd,0089,023d,020c,0238,0219,
[vu:xgkick-step] sample=3 cycle=703570 pc=0x1a68 lower=0x26ffbefb upper=0x000002ff vi=0000,0001,0233,002c,7fff,0233,e360,7fff,02ba,0000,02bd,0089,023d,020c,0238,0219,
[vu:xgkick-step] sample=3 cycle=703571 pc=0x1ac0 lower=0x8000033c upper=0x01cde9ff vi=0000,0000,0233,002c,7fff,0233,e360,7fff,02ba,0000,02bd,0089,023d,020c,0238,0219,
[vu:xgkick-step] sample=3 cycle=703572 pc=0x1ac8 lower=0x8000033c upper=0x01cde1ff vi=0000,0000,0233,002c,7fff,0233,e360,7fff,02ba,0000,02bd,0089,023d,020c,0238,0219,
[vu:xgkick-step] sample=3 cycle=703573 pc=0x1ad0 lower=0x48002800 upper=0x000002ff vi=0000,0000,0233,002c,7fff,0233,e360,7fff,02ba,0000,02bd,0089,023d,020c,0238,0219,
[vu:xgkick-step] sample=3 cycle=703574 pc=0x1ad8 lower=0x437f0000 upper=0x800002ff vi=0000,0000,0233,002c,7fff,0233,e360,7fff,02ba,0000,02bd,0089,023d,020c,0238,0219,
[vu:xgkick-step] sample=3 cycle=703575 pc=0x1198 lower=0x10084003 upper=0x0037bddb vi=0000,0000,0233,002c,7fff,0233,e360,7fff,02ba,0000,02bd,0089,023d,020c,0238,0219,
[vu:xgkick-step] sample=3 cycle=703576 pc=0x11a0 lower=0x81fde33c upper=0x01e839ea vi=0000,0000,0233,002c,7fff,0233,e360,7fff,02bd,0000,02bd,0089,023d,020c,0238,0219,
[vu:xgkick-step] sample=3 cycle=703577 pc=0x11a8 lower=0x81f903bc upper=0x01e9493e vi=0000,0000,0233,002c,7fff,0233,e360,7fff,02bd,0000,02bd,0089,023d,020c,0238,0219,
[vu:xgkick-step] sample=3 cycle=703578 pc=0x11b0 lower=0x803ecb3c upper=0x01f8c17d vi=0000,0000,0233,002c,7fff,0233,e360,7fff,02bd,0000,02bd,0089,023d,020c,0238,0219,
[vu:xgkick-step] sample=3 cycle=703579 pc=0x11b8 lower=0x8039933c upper=0x01f7f9bf vi=0000,0000,0233,002c,7fff,0233,e360,7fff,02bd,0000,02bd,0089,023d,020c,0238,0219,
[vu:xgkick-step] sample=3 cycle=703580 pc=0x11c0 lower=0x8000033c upper=0x01c0d0bf vi=0000,0000,0233,002c,7fff,0233,e360,7fff,02bd,0000,02bd,0089,023d,020c,0238,0219,
[vu:xgkick-step] sample=3 cycle=703581 pc=0x11c8 lower=0x520a47e8 upper=0x01ea3de9 vi=0000,0000,0233,002c,7fff,0233,e360,7fff,02bd,0000,02bd,0089,023d,020c,0238,0219,
[vu:xgkick-step] sample=3 cycle=703582 pc=0x11d0 lower=0x03e8c7ff upper=0x01934a68 vi=0000,0000,0233,002c,7fff,0233,e360,7fff,02bd,0000,02bd,0089,023d,020c,0238,0219,
[vu:xgkick-step] sample=3 cycle=703583 pc=0x11d8 lower=0x400007c3 upper=0x000002ff vi=0000,0000,0233,002c,7fff,0233,e360,7fff,02bd,0000,02bd,0089,023d,020c,0238,0219,
[vu:xgkick-step] sample=3 cycle=703584 pc=0x11e0 lower=0x8000033c upper=0x000002ff vi=0000,0000,0233,002c,7fff,0233,e360,7fff,02bd,0000,02bd,0089,023d,020c,0238,0219,
[vu:xgkick-step] sample=3 cycle=703585 pc=0xff8 lower=0x800016fc upper=0x000002ff vi=0000,0000,0233,002c,7fff,0233,e360,7fff,02bd,0000,02bd,0089,023d,020c,0238,0219,
[vu:xgkick-step] sample=3 cycle=703586 pc=0x30 lower=0x40000003 upper=0x000002ff vi=0000,0000,0233,002c,7fff,0233,e360,7fff,02bd,0000,02bd,0089,023d,020c,0238,0219,
[vu:xgkick-step] sample=3 cycle=703587 pc=0x38 lower=0x8000033c upper=0x000002ff vi=0000,0000,0233,002c,7fff,0233,e360,7fff,02bd,0000,02bd,0089,023d,020c,0238,0219,
[vu:xgkick-step] sample=3 cycle=703588 pc=0x50 lower=0x1008006c upper=0x000002ff vi=0000,0000,0233,002c,7fff,0233,e360,7fff,02bd,0000,02bd,0089,023d,020c,0238,0219,
[vu:xgkick-step] sample=3 cycle=703589 pc=0x58 lower=0x800046fc upper=0x000002ff vi=0000,0000,0233,002c,7fff,0233,e360,7fff,006c,0000,02bd,0089,023d,020c,0238,0219,
[vu:xgkick-store] sample=3 phase=issue cycle=703252 pc=0x11d0 address=0x2ad0 mask=0xf words=7fffffff,80000000,7fffffff,ff89af10
[vu:xgkick-store] sample=3 phase=commit cycle=703253 pc=0x1110 address=0x2ad0 mask=0xf words=7fffffff,80000000,7fffffff,ff89af10
[vu:xgkick-store] sample=3 phase=issue cycle=703262 pc=0x1158 address=0x2ae0 mask=0xe words=bf72d000,bf237000,489e5e13,3f800000
[vu:xgkick-store] sample=3 phase=commit cycle=703263 pc=0x1160 address=0x2ae0 mask=0xe words=bf72d000,bf237000,489e5e13,3f800000
[vu:xgkick-store] sample=3 phase=issue cycle=703269 pc=0x1190 address=0x2af0 mask=0xf words=ffffa203,000000ff,ffffa203,00000080
[vu:xgkick-store] sample=3 phase=commit cycle=703270 pc=0x1948 address=0x2af0 mask=0xf words=ffffa203,000000ff,ffffa203,00000080
[vu:xgkick-store] sample=3 phase=issue cycle=703318 pc=0x11d0 address=0x2b00 mask=0xf words=7fffffff,80000000,7fffffff,ff89af10
[vu:xgkick-store] sample=3 phase=commit cycle=703319 pc=0x1110 address=0x2b00 mask=0xf words=7fffffff,80000000,7fffffff,ff89af10
[vu:xgkick-store] sample=3 phase=issue cycle=703328 pc=0x1158 address=0x2b10 mask=0xe words=bf779000,bf225000,489e5e13,3f800000
[vu:xgkick-store] sample=3 phase=commit cycle=703329 pc=0x1160 address=0x2b10 mask=0xe words=bf779000,bf225000,489e5e13,3f800000
[vu:xgkick-store] sample=3 phase=issue cycle=703335 pc=0x1190 address=0x2b20 mask=0xf words=ffffdbe1,fffff6b0,ffffd7d7,00000080
[vu:xgkick-store] sample=3 phase=commit cycle=703336 pc=0x1948 address=0x2b20 mask=0xf words=ffffdbe1,fffff6b0,ffffd7d7,00000080
[vu:xgkick-store] sample=3 phase=issue cycle=703384 pc=0x11d0 address=0x2b30 mask=0xf words=7fffffff,80000000,7fffffff,ff89af10
[vu:xgkick-store] sample=3 phase=commit cycle=703385 pc=0x1110 address=0x2b30 mask=0xf words=7fffffff,80000000,7fffffff,ff89af10
[vu:xgkick-store] sample=3 phase=issue cycle=703394 pc=0x1158 address=0x2b40 mask=0xe words=bf754000,bf1f6000,489e5e13,3f800000
[vu:xgkick-store] sample=3 phase=commit cycle=703395 pc=0x1160 address=0x2b40 mask=0xe words=bf754000,bf1f6000,489e5e13,3f800000
[vu:xgkick-store] sample=3 phase=issue cycle=703401 pc=0x1190 address=0x2b50 mask=0xf words=ffff8ff0,000000ff,ffff8ff0,00000080
[vu:xgkick-store] sample=3 phase=commit cycle=703402 pc=0x1948 address=0x2b50 mask=0xf words=ffff8ff0,000000ff,ffff8ff0,00000080
[vu:xgkick-store] sample=3 phase=issue cycle=703450 pc=0x11d0 address=0x2b60 mask=0xf words=7fffffff,80000000,7fffffff,ff89af10
[vu:xgkick-store] sample=3 phase=commit cycle=703451 pc=0x1110 address=0x2b60 mask=0xf words=7fffffff,80000000,7fffffff,ff89af10
[vu:xgkick-store] sample=3 phase=issue cycle=703460 pc=0x1158 address=0x2b70 mask=0xe words=bf7cd000,bf1c5000,489e5e13,3f800000
[vu:xgkick-store] sample=3 phase=commit cycle=703461 pc=0x1160 address=0x2b70 mask=0xe words=bf7cd000,bf1c5000,489e5e13,3f800000
[vu:xgkick-store] sample=3 phase=issue cycle=703467 pc=0x1190 address=0x2b80 mask=0xf words=ffff1970,000000ff,ffff1970,00000080
[vu:xgkick-store] sample=3 phase=commit cycle=703468 pc=0x1948 address=0x2b80 mask=0xf words=ffff1970,000000ff,ffff1970,00000080
[vu:xgkick-store] sample=3 phase=issue cycle=703516 pc=0x11d0 address=0x2b90 mask=0xf words=7fffffff,80000000,7fffffff,ff89af10
[vu:xgkick-store] sample=3 phase=commit cycle=703517 pc=0x1110 address=0x2b90 mask=0xf words=7fffffff,80000000,7fffffff,ff89af10
[vu:xgkick-store] sample=3 phase=issue cycle=703526 pc=0x1158 address=0x2ba0 mask=0xe words=bf7cd000,bf17b000,489e5e13,3f800000
[vu:xgkick-store] sample=3 phase=commit cycle=703527 pc=0x1160 address=0x2ba0 mask=0xe words=bf7cd000,bf17b000,489e5e13,3f800000
[vu:xgkick-store] sample=3 phase=issue cycle=703533 pc=0x1190 address=0x2bb0 mask=0xf words=ffff14ec,000000ff,ffff14ec,00000080
[vu:xgkick-store] sample=3 phase=commit cycle=703534 pc=0x1948 address=0x2bb0 mask=0xf words=ffff14ec,000000ff,ffff14ec,00000080
[vu:xgkick-store] sample=3 phase=issue cycle=703582 pc=0x11d0 address=0x2bc0 mask=0xf words=7fffffff,80000000,7fffffff,ff89af10
[vu:xgkick-store] sample=3 phase=commit cycle=703583 pc=0x11d8 address=0x2bc0 mask=0xf words=7fffffff,80000000,7fffffff,ff89af10
[VU1 reserved lower] cycle=703590 pc=0x60 instruction=0xfffffffb
[vu:xgkick-error] sample=20 reason=tag-limit cycle=712918 pc=0x1000 source_qw=563 tag_offset=0 copied=16 tag_lo=0x0000990300005e5b tag_hi=0x0000000000000000 nloop=24155 format=0 nreg=0 requested=6183696 limit=65536
[VU1 reserved lower] cycle=712918 pc=0x1000 instruction=0xfffffffb
[vu:xgkick-error] sample=21 reason=tag-limit cycle=712986 pc=0x60 source_qw=108 tag_offset=0 copied=16 tag_lo=0x43aa148fc3996ea7 tag_hi=0x00000000c3996ea7 nloop=28327 format=0 nreg=4 requested=1812944 limit=65536
[vu:xgkick-history] sample=1 source_qw=108 steps=64 stores=16
[vu:xgkick-step] sample=1 cycle=712918 pc=0x1050 lower=0x420f0151 upper=0x000002ff vi=0000,0000,0233,00ab,7fff,0233,148f,7fff,02bd,0000,02bd,0098,023d,020c,0238,0219,
[vu:xgkick-step] sample=1 cycle=712919 pc=0x1058 lower=0x100d020c upper=0x000002ff vi=0000,0000,0233,00ab,7fff,0233,148f,7fff,02bd,0000,02bd,0098,023d,020c,0238,020c,
[vu:xgkick-step] sample=1 cycle=712920 pc=0x1ae0 lower=0x01f10000 upper=0x000002ff vi=0000,0000,0233,00ab,7fff,0233,148f,7fff,02bd,0000,02bd,0098,023d,020c,0238,020c,
[vu:xgkick-step] sample=1 cycle=712921 pc=0x1ae8 lower=0x01e90009 upper=0x000002ff vi=0000,0000,0233,00ab,7fff,0233,148f,7fff,02bd,0000,02bd,0098,023d,020c,0238,020c,
[vu:xgkick-step] sample=1 cycle=712922 pc=0x1af0 lower=0x01ea000a upper=0x000002ff vi=0000,0000,0233,00ab,7fff,0233,148f,7fff,02bd,0000,02bd,0098,023d,020c,0238,020c,
[vu:xgkick-step] sample=1 cycle=712923 pc=0x1af8 lower=0x01eb000b upper=0x000002ff vi=0000,0000,0233,00ab,7fff,0233,148f,7fff,02bd,0000,02bd,0098,023d,020c,0238,020c,
[vu:xgkick-step] sample=1 cycle=712924 pc=0x1b00 lower=0x01ec000c upper=0x000002ff vi=0000,0000,0233,00ab,7fff,0233,148f,7fff,02bd,0000,02bd,0098,023d,020c,0238,020c,
[vu:xgkick-step] sample=1 cycle=712925 pc=0x1b08 lower=0x01f20001 upper=0x01f149bc vi=0000,0000,0233,00ab,7fff,0233,148f,7fff,02bd,0000,02bd,0098,023d,020c,0238,020c,
[vu:xgkick-step] sample=1 cycle=712926 pc=0x1b10 lower=0x01f30002 upper=0x01f150bd vi=0000,0000,0233,00ab,7fff,0233,148f,7fff,02bd,0000,02bd,0098,023d,020c,0238,020c,
[vu:xgkick-step] sample=1 cycle=712927 pc=0x1b18 lower=0x01f40003 upper=0x01f158be vi=0000,0000,0233,00ab,7fff,0233,148f,7fff,02bd,0000,02bd,0098,023d,020c,0238,020c,
[vu:xgkick-step] sample=1 cycle=712928 pc=0x1b20 lower=0x01f9000d upper=0x01f1604b vi=0000,0000,0233,00ab,7fff,0233,148f,7fff,02bd,0000,02bd,0098,023d,020c,0238,020c,
[vu:xgkick-step] sample=1 cycle=712929 pc=0x1b28 lower=0x01fa000e upper=0x01f249bc vi=0000,0000,0233,00ab,7fff,0233,148f,7fff,02bd,0000,02bd,0098,023d,020c,0238,020c,
[vu:xgkick-step] sample=1 cycle=712930 pc=0x1b30 lower=0x01fb000f upper=0x01f250bd vi=0000,0000,0233,00ab,7fff,0233,148f,7fff,02bd,0000,02bd,0098,023d,020c,0238,020c,
[vu:xgkick-step] sample=1 cycle=712931 pc=0x1b38 lower=0x01fc0010 upper=0x01f258be vi=0000,0000,0233,00ab,7fff,0233,148f,7fff,02bd,0000,02bd,0098,023d,020c,0238,020c,
[vu:xgkick-step] sample=1 cycle=712932 pc=0x1b40 lower=0x8000033c upper=0x01f2608b vi=0000,0000,0233,00ab,7fff,0233,148f,7fff,02bd,0000,02bd,0098,023d,020c,0238,020c,
[vu:xgkick-step] sample=1 cycle=712933 pc=0x1b48 lower=0x11e407ff upper=0x01f349bc vi=0000,0000,0233,00ab,7fff,0233,148f,7fff,02bd,0000,02bd,0098,023d,020c,0238,020c,
[vu:xgkick-step] sample=1 cycle=712934 pc=0x1b50 lower=0x8000033c upper=0x01f350bd vi=0000,0000,0233,00ab,7fff,0233,148f,7fff,02bd,0000,02bd,0098,023d,020c,0238,020c,
[vu:xgkick-step] sample=1 cycle=712935 pc=0x1b58 lower=0x8000033c upper=0x01f358be vi=0000,0000,0233,00ab,7fff,0233,148f,7fff,02bd,0000,02bd,0098,023d,020c,0238,020c,
[vu:xgkick-step] sample=1 cycle=712936 pc=0x1b60 lower=0x8000033c upper=0x01f360cb vi=0000,0000,0233,00ab,7fff,0233,148f,7fff,02bd,0000,02bd,0098,023d,020c,0238,020c,
[vu:xgkick-step] sample=1 cycle=712937 pc=0x1b68 lower=0x8000033c upper=0x01f449bc vi=0000,0000,0233,00ab,7fff,0233,148f,7fff,02bd,0000,02bd,0098,023d,020c,0238,020c,
[vu:xgkick-step] sample=1 cycle=712938 pc=0x1b70 lower=0x01e90016 upper=0x01f450bd vi=0000,0000,0233,00ab,7fff,0233,148f,7fff,02bd,0000,02bd,0098,023d,020c,0238,020c,
[vu:xgkick-step] sample=1 cycle=712939 pc=0x1b78 lower=0x01ea0017 upper=0x01f458be vi=0000,0000,0233,00ab,7fff,0233,148f,7fff,02bd,0000,02bd,0098,023d,020c,0238,020c,
[vu:xgkick-step] sample=1 cycle=712940 pc=0x1b80 lower=0x01eb0018 upper=0x01f4610b vi=0000,0000,0233,00ab,7fff,0233,148f,7fff,02bd,0000,02bd,0098,023d,020c,0238,020c,
[vu:xgkick-step] sample=1 cycle=712941 pc=0x1b88 lower=0x01ec0019 upper=0x000002ff vi=0000,0000,0233,00ab,7fff,0233,148f,7fff,02bd,0000,02bd,0098,023d,020c,0238,020c,
[vu:xgkick-step] sample=1 cycle=712942 pc=0x1b90 lower=0x8000033c upper=0x01f149bc vi=0000,0000,0233,00ab,7fff,0233,148f,7fff,02bd,0000,02bd,0098,023d,020c,0238,020c,
[vu:xgkick-step] sample=1 cycle=712943 pc=0x1b98 lower=0x8000033c upper=0x01f150bd vi=0000,0000,0233,00ab,7fff,0233,148f,7fff,02bd,0000,02bd,0098,023d,020c,0238,020c,
[vu:xgkick-step] sample=1 cycle=712944 pc=0x1ba0 lower=0x8000033c upper=0x01f158be vi=0000,0000,0233,00ab,7fff,0233,148f,7fff,02bd,0000,02bd,0098,023d,020c,0238,020c,
[vu:xgkick-step] sample=1 cycle=712945 pc=0x1ba8 lower=0x8000033c upper=0x01f1634b vi=0000,0000,0233,00ab,7fff,0233,148f,7fff,02bd,0000,02bd,0098,023d,020c,0238,020c,
[vu:xgkick-step] sample=1 cycle=712946 pc=0x1bb0 lower=0x8000033c upper=0x01f249bc vi=0000,0000,0233,00ab,7fff,0233,148f,7fff,02bd,0000,02bd,0098,023d,020c,0238,020c,
[vu:xgkick-step] sample=1 cycle=712947 pc=0x1bb8 lower=0x8000033c upper=0x01f250bd vi=0000,0000,0233,00ab,7fff,0233,148f,7fff,02bd,0000,02bd,0098,023d,020c,0238,020c,
[vu:xgkick-step] sample=1 cycle=712948 pc=0x1bc0 lower=0x8000033c upper=0x01f258be vi=0000,0000,0233,00ab,7fff,0233,148f,7fff,02bd,0000,02bd,0098,023d,020c,0238,020c,
[vu:xgkick-step] sample=1 cycle=712949 pc=0x1bc8 lower=0x03e0681b upper=0x01f2638b vi=0000,0000,0233,00ab,7fff,0233,148f,7fff,02bd,0000,02bd,0098,023d,020c,0238,020c,
[vu:xgkick-step] sample=1 cycle=712950 pc=0x1bd0 lower=0x8000033c upper=0x01f349bc vi=0000,0000,0233,00ab,7fff,0233,148f,7fff,02bd,0000,02bd,0098,023d,020c,0238,020c,
[vu:xgkick-step] sample=1 cycle=712951 pc=0x1bd8 lower=0x8000033c upper=0x01f350bd vi=0000,0000,0233,00ab,7fff,0233,148f,7fff,02bd,0000,02bd,0098,023d,020c,0238,020c,
[vu:xgkick-step] sample=1 cycle=712952 pc=0x1be0 lower=0x8000033c upper=0x01f358be vi=0000,0000,0233,00ab,7fff,0233,148f,7fff,02bd,0000,02bd,0098,023d,020c,0238,020c,
[vu:xgkick-step] sample=1 cycle=712953 pc=0x1be8 lower=0x8000033c upper=0x01f363cb vi=0000,0000,0233,00ab,7fff,0233,148f,7fff,02bd,0000,02bd,0098,023d,020c,0238,020c,
[vu:xgkick-step] sample=1 cycle=712954 pc=0x1bf0 lower=0x03e0701c upper=0x01f449bc vi=0000,0000,0233,00ab,7fff,0233,148f,7fff,02bd,0000,02bd,0098,023d,020c,0238,020c,
[vu:xgkick-step] sample=1 cycle=712955 pc=0x1bf8 lower=0x8000033c upper=0x01f450bd vi=0000,0000,0233,00ab,7fff,0233,148f,7fff,02bd,0000,02bd,0098,023d,020c,0238,020c,
[vu:xgkick-step] sample=1 cycle=712956 pc=0x1c00 lower=0x8000033c upper=0x01f458be vi=0000,0000,0233,00ab,7fff,0233,148f,7fff,02bd,0000,02bd,0098,023d,020c,0238,020c,
[vu:xgkick-step] sample=1 cycle=712957 pc=0x1c08 lower=0x8000033c upper=0x01f4640b vi=0000,0000,0233,00ab,7fff,0233,148f,7fff,02bd,0000,02bd,0098,023d,020c,0238,020c,
[vu:xgkick-step] sample=1 cycle=712958 pc=0x1c10 lower=0x03e0781d upper=0x01f1c9bc vi=0000,0000,0233,00ab,7fff,0233,148f,7fff,02bd,0000,02bd,0098,023d,020c,0238,020c,
[vu:xgkick-step] sample=1 cycle=712959 pc=0x1c18 lower=0x8000033c upper=0x01f1d0bd vi=0000,0000,0233,00ab,7fff,0233,148f,7fff,02bd,0000,02bd,0098,023d,020c,0238,020c,
[vu:xgkick-step] sample=1 cycle=712960 pc=0x1c20 lower=0x8000033c upper=0x01f1d8be vi=0000,0000,0233,00ab,7fff,0233,148f,7fff,02bd,0000,02bd,0098,023d,020c,0238,020c,
[vu:xgkick-step] sample=1 cycle=712961 pc=0x1c28 lower=0x03e0801e upper=0x01f1e34b vi=0000,0000,0233,00ab,7fff,0233,148f,7fff,02bd,0000,02bd,0098,023d,020c,0238,020c,
[vu:xgkick-step] sample=1 cycle=712962 pc=0x1c30 lower=0x8000033c upper=0x01f2c9bc vi=0000,0000,0233,00ab,7fff,0233,148f,7fff,02bd,0000,02bd,0098,023d,020c,0238,020c,
[vu:xgkick-step] sample=1 cycle=712963 pc=0x1c38 lower=0x3c000000 upper=0x81f2d0bd vi=0000,0000,0233,00ab,7fff,0233,148f,7fff,02bd,0000,02bd,0098,023d,020c,0238,020c,
[vu:xgkick-step] sample=1 cycle=712964 pc=0x1c40 lower=0x01e50015 upper=0x01f2d8be vi=0000,0000,0233,00ab,7fff,0233,148f,7fff,02bd,0000,02bd,0098,023d,020c,0238,020c,
[vu:xgkick-step] sample=1 cycle=712965 pc=0x1c48 lower=0x03e068b0 upper=0x01f2e38b vi=0000,0000,0233,00ab,7fff,0233,148f,7fff,02bd,0000,02bd,0098,023d,020c,0238,020c,
[vu:xgkick-step] sample=1 cycle=712966 pc=0x1c50 lower=0x01e60004 upper=0x01f3c9bc vi=0000,0000,0233,00ab,7fff,0233,148f,7fff,02bd,0000,02bd,0098,023d,020c,0238,020c,
[vu:xgkick-step] sample=1 cycle=712967 pc=0x1c58 lower=0x01ff0005 upper=0x01f3d0bd vi=0000,0000,0233,00ab,7fff,0233,148f,7fff,02bd,0000,02bd,0098,023d,020c,0238,020c,
[vu:xgkick-step] sample=1 cycle=712968 pc=0x1c60 lower=0x01eb0014 upper=0x01f3d8be vi=0000,0000,0233,00ab,7fff,0233,148f,7fff,02bd,0000,02bd,0098,023d,020c,0238,020c,
[vu:xgkick-step] sample=1 cycle=712969 pc=0x1c68 lower=0x03e070b1 upper=0x01f3e3cb vi=0000,0000,0233,00ab,7fff,0233,148f,7fff,02bd,0000,02bd,0098,023d,020c,0238,020c,
[vu:xgkick-step] sample=1 cycle=712970 pc=0x1c70 lower=0x01f20015 upper=0x01f4c9bc vi=0000,0000,0233,00ab,7fff,0233,148f,7fff,02bd,0000,02bd,0098,023d,020c,0238,020c,
[vu:xgkick-step] sample=1 cycle=712971 pc=0x1c78 lower=0x01f30004 upper=0x01f4d0bd vi=0000,0000,0233,00ab,7fff,0233,148f,7fff,02bd,0000,02bd,0098,023d,020c,0238,020c,
[vu:xgkick-step] sample=1 cycle=712972 pc=0x1c80 lower=0x8000033c upper=0x01f4d8be vi=0000,0000,0233,00ab,7fff,0233,148f,7fff,02bd,0000,02bd,0098,023d,020c,0238,020c,
[vu:xgkick-step] sample=1 cycle=712973 pc=0x1c88 lower=0x03e078b2 upper=0x01f4e40b vi=0000,0000,0233,00ab,7fff,0233,148f,7fff,02bd,0000,02bd,0098,023d,020c,0238,020c,
[vu:xgkick-step] sample=1 cycle=712975 pc=0x1c90 lower=0x10020238 upper=0x0053085a vi=0000,0000,0233,00ab,7fff,0233,148f,7fff,02bd,0000,02bd,0098,023d,020c,0238,020c,
[vu:xgkick-step] sample=1 cycle=712976 pc=0x1c98 lower=0x100e0238 upper=0x0053109a vi=0000,0000,0238,00ab,7fff,0233,148f,7fff,02bd,0000,02bd,0098,023d,020c,0238,020c,
[vu:xgkick-step] sample=1 cycle=712977 pc=0x1ca0 lower=0x01ed03e4 upper=0x405318da vi=0000,0000,0238,00ab,7fff,0233,148f,7fff,02bd,0000,02bd,0098,023d,020c,0238,020c,
[vu:xgkick-step] sample=1 cycle=712978 pc=0x1ca8 lower=0x03e080b3 upper=0x0053211a vi=0000,0000,0238,00ab,7fff,0233,148f,7fff,02bd,0000,02bd,0098,023d,020c,0238,020c,
[vu:xgkick-step] sample=1 cycle=712982 pc=0x30 lower=0x40000003 upper=0x000002ff vi=0000,0000,0238,00ab,7fff,0233,148f,7fff,02bd,0000,02bd,0098,023d,020c,0238,020c,
[vu:xgkick-step] sample=1 cycle=712983 pc=0x38 lower=0x8000033c upper=0x000002ff vi=0000,0000,0238,00ab,7fff,0233,148f,7fff,02bd,0000,02bd,0098,023d,020c,0238,020c,
[vu:xgkick-step] sample=1 cycle=712984 pc=0x50 lower=0x1008006c upper=0x000002ff vi=0000,0000,0238,00ab,7fff,0233,148f,7fff,02bd,0000,02bd,0098,023d,020c,0238,020c,
[vu:xgkick-step] sample=1 cycle=712985 pc=0x58 lower=0x800046fc upper=0x000002ff vi=0000,0000,0238,00ab,7fff,0233,148f,7fff,006c,0000,02bd,0098,023d,020c,0238,020c,
[vu:xgkick-store] sample=1 phase=issue cycle=712949 pc=0x1bc8 address=0x1b0 mask=0xf words=c4669464,445000cc,c4669464,00000000
[vu:xgkick-store] sample=1 phase=commit cycle=712950 pc=0x1bd0 address=0x1b0 mask=0xf words=c4669464,445000cc,c4669464,00000000
[vu:xgkick-store] sample=1 phase=issue cycle=712954 pc=0x1bf0 address=0x1c0 mask=0xf words=bcd2f5c4,bcd2fa55,bcd2f5c4,00000000
[vu:xgkick-store] sample=1 phase=commit cycle=712955 pc=0x1bf8 address=0x1c0 mask=0xf words=bcd2f5c4,bcd2fa55,bcd2f5c4,00000000
[vu:xgkick-store] sample=1 phase=issue cycle=712958 pc=0x1c10 address=0x1d0 mask=0xf words=c3996cef,c3997041,c3996cef,00000000
[vu:xgkick-store] sample=1 phase=commit cycle=712959 pc=0x1c18 address=0x1d0 mask=0xf words=c3996cef,c3997041,c3996cef,00000000
[vu:xgkick-store] sample=1 phase=issue cycle=712961 pc=0x1c28 address=0x1e0 mask=0xf words=c425a644,43bab24d,c425a644,00000000
[vu:xgkick-store] sample=1 phase=commit cycle=712962 pc=0x1c30 address=0x1e0 mask=0xf words=c425a644,43bab24d,c425a644,00000000
[vu:xgkick-store] sample=1 phase=issue cycle=712965 pc=0x1c48 address=0xb00 mask=0xf words=c4669464,445000cc,c4669464,00000000
[vu:xgkick-store] sample=1 phase=commit cycle=712966 pc=0x1c50 address=0xb00 mask=0xf words=c4669464,445000cc,c4669464,00000000
[vu:xgkick-store] sample=1 phase=issue cycle=712969 pc=0x1c68 address=0xb10 mask=0xf words=bcd2f5c4,bcd2fa55,bcd2f5c4,00000000
[vu:xgkick-store] sample=1 phase=commit cycle=712970 pc=0x1c70 address=0xb10 mask=0xf words=bcd2f5c4,bcd2fa55,bcd2f5c4,00000000
[vu:xgkick-store] sample=1 phase=issue cycle=712973 pc=0x1c88 address=0xb20 mask=0xf words=c3996cef,c3997041,c3996cef,00000000
[vu:xgkick-store] sample=1 phase=commit cycle=712974 pc=0x1c90 address=0xb20 mask=0xf words=c3996cef,c3997041,c3996cef,00000000
[vu:xgkick-store] sample=1 phase=issue cycle=712978 pc=0x1ca8 address=0xb30 mask=0xf words=c425a644,43bab24d,c425a644,00000000
[vu:xgkick-store] sample=1 phase=commit cycle=712979 pc=0x1cb0 address=0xb30 mask=0xf words=c425a644,43bab24d,c425a644,00000000
[VU1 reserved lower] cycle=712986 pc=0x60 instruction=0xfffffffb
[vu:xgkick-error] sample=22 reason=tag-limit cycle=716022 pc=0x1000 source_qw=563 tag_offset=0 copied=16 tag_lo=0x0000990300005e5b tag_hi=0x0000000000000000 nloop=24155 format=0 nreg=0 requested=6183696 limit=65536
[VU1 reserved lower] cycle=716022 pc=0x1000 instruction=0xfffffffb
[vu:xgkick-error] sample=23 reason=tag-limit cycle=716090 pc=0x60 source_qw=108 tag_offset=0 copied=16 tag_lo=0x43aa148fc3996ea7 tag_hi=0x00000000c3996ea7 nloop=28327 format=0 nreg=4 requested=1812944 limit=65536
[vu:xgkick-history] sample=1 source_qw=108 steps=64 stores=16
[vu:xgkick-step] sample=1 cycle=716022 pc=0x1050 lower=0x420f0151 upper=0x000002ff vi=0000,0000,0233,000a,7fff,0233,148f,7fff,02ba,00aa,02ba,000d,023d,020c,0238,0219,
[vu:xgkick-step] sample=1 cycle=716023 pc=0x1058 lower=0x100d020c upper=0x000002ff vi=0000,0000,0233,000a,7fff,0233,148f,7fff,02ba,00aa,02ba,000d,023d,020c,0238,020c,
[vu:xgkick-step] sample=1 cycle=716024 pc=0x1ae0 lower=0x01f10000 upper=0x000002ff vi=0000,0000,0233,000a,7fff,0233,148f,7fff,02ba,00aa,02ba,000d,023d,020c,0238,020c,
[vu:xgkick-step] sample=1 cycle=716025 pc=0x1ae8 lower=0x01e90009 upper=0x000002ff vi=0000,0000,0233,000a,7fff,0233,148f,7fff,02ba,00aa,02ba,000d,023d,020c,0238,020c,
[vu:xgkick-step] sample=1 cycle=716026 pc=0x1af0 lower=0x01ea000a upper=0x000002ff vi=0000,0000,0233,000a,7fff,0233,148f,7fff,02ba,00aa,02ba,000d,023d,020c,0238,020c,
[vu:xgkick-step] sample=1 cycle=716027 pc=0x1af8 lower=0x01eb000b upper=0x000002ff vi=0000,0000,0233,000a,7fff,0233,148f,7fff,02ba,00aa,02ba,000d,023d,020c,0238,020c,
[vu:xgkick-step] sample=1 cycle=716028 pc=0x1b00 lower=0x01ec000c upper=0x000002ff vi=0000,0000,0233,000a,7fff,0233,148f,7fff,02ba,00aa,02ba,000d,023d,020c,0238,020c,
[vu:xgkick-step] sample=1 cycle=716029 pc=0x1b08 lower=0x01f20001 upper=0x01f149bc vi=0000,0000,0233,000a,7fff,0233,148f,7fff,02ba,00aa,02ba,000d,023d,020c,0238,020c,
[vu:xgkick-step] sample=1 cycle=716030 pc=0x1b10 lower=0x01f30002 upper=0x01f150bd vi=0000,0000,0233,000a,7fff,0233,148f,7fff,02ba,00aa,02ba,000d,023d,020c,0238,020c,
[vu:xgkick-step] sample=1 cycle=716031 pc=0x1b18 lower=0x01f40003 upper=0x01f158be vi=0000,0000,0233,000a,7fff,0233,148f,7fff,02ba,00aa,02ba,000d,023d,020c,0238,020c,
[vu:xgkick-step] sample=1 cycle=716032 pc=0x1b20 lower=0x01f9000d upper=0x01f1604b vi=0000,0000,0233,000a,7fff,0233,148f,7fff,02ba,00aa,02ba,000d,023d,020c,0238,020c,
[vu:xgkick-step] sample=1 cycle=716033 pc=0x1b28 lower=0x01fa000e upper=0x01f249bc vi=0000,0000,0233,000a,7fff,0233,148f,7fff,02ba,00aa,02ba,000d,023d,020c,0238,020c,
[vu:xgkick-step] sample=1 cycle=716034 pc=0x1b30 lower=0x01fb000f upper=0x01f250bd vi=0000,0000,0233,000a,7fff,0233,148f,7fff,02ba,00aa,02ba,000d,023d,020c,0238,020c,
[vu:xgkick-step] sample=1 cycle=716035 pc=0x1b38 lower=0x01fc0010 upper=0x01f258be vi=0000,0000,0233,000a,7fff,0233,148f,7fff,02ba,00aa,02ba,000d,023d,020c,0238,020c,
[vu:xgkick-step] sample=1 cycle=716036 pc=0x1b40 lower=0x8000033c upper=0x01f2608b vi=0000,0000,0233,000a,7fff,0233,148f,7fff,02ba,00aa,02ba,000d,023d,020c,0238,020c,
[vu:xgkick-step] sample=1 cycle=716037 pc=0x1b48 lower=0x11e407ff upper=0x01f349bc vi=0000,0000,0233,000a,7fff,0233,148f,7fff,02ba,00aa,02ba,000d,023d,020c,0238,020c,
[vu:xgkick-step] sample=1 cycle=716038 pc=0x1b50 lower=0x8000033c upper=0x01f350bd vi=0000,0000,0233,000a,7fff,0233,148f,7fff,02ba,00aa,02ba,000d,023d,020c,0238,020c,
[vu:xgkick-step] sample=1 cycle=716039 pc=0x1b58 lower=0x8000033c upper=0x01f358be vi=0000,0000,0233,000a,7fff,0233,148f,7fff,02ba,00aa,02ba,000d,023d,020c,0238,020c,
[vu:xgkick-step] sample=1 cycle=716040 pc=0x1b60 lower=0x8000033c upper=0x01f360cb vi=0000,0000,0233,000a,7fff,0233,148f,7fff,02ba,00aa,02ba,000d,023d,020c,0238,020c,
[vu:xgkick-step] sample=1 cycle=716041 pc=0x1b68 lower=0x8000033c upper=0x01f449bc vi=0000,0000,0233,000a,7fff,0233,148f,7fff,02ba,00aa,02ba,000d,023d,020c,0238,020c,
[vu:xgkick-step] sample=1 cycle=716042 pc=0x1b70 lower=0x01e90016 upper=0x01f450bd vi=0000,0000,0233,000a,7fff,0233,148f,7fff,02ba,00aa,02ba,000d,023d,020c,0238,020c,
[vu:xgkick-step] sample=1 cycle=716043 pc=0x1b78 lower=0x01ea0017 upper=0x01f458be vi=0000,0000,0233,000a,7fff,0233,148f,7fff,02ba,00aa,02ba,000d,023d,020c,0238,020c,
[vu:xgkick-step] sample=1 cycle=716044 pc=0x1b80 lower=0x01eb0018 upper=0x01f4610b vi=0000,0000,0233,000a,7fff,0233,148f,7fff,02ba,00aa,02ba,000d,023d,020c,0238,020c,
[vu:xgkick-step] sample=1 cycle=716045 pc=0x1b88 lower=0x01ec0019 upper=0x000002ff vi=0000,0000,0233,000a,7fff,0233,148f,7fff,02ba,00aa,02ba,000d,023d,020c,0238,020c,
[vu:xgkick-step] sample=1 cycle=716046 pc=0x1b90 lower=0x8000033c upper=0x01f149bc vi=0000,0000,0233,000a,7fff,0233,148f,7fff,02ba,00aa,02ba,000d,023d,020c,0238,020c,
[vu:xgkick-step] sample=1 cycle=716047 pc=0x1b98 lower=0x8000033c upper=0x01f150bd vi=0000,0000,0233,000a,7fff,0233,148f,7fff,02ba,00aa,02ba,000d,023d,020c,0238,020c,
[vu:xgkick-step] sample=1 cycle=716048 pc=0x1ba0 lower=0x8000033c upper=0x01f158be vi=0000,0000,0233,000a,7fff,0233,148f,7fff,02ba,00aa,02ba,000d,023d,020c,0238,020c,
[vu:xgkick-step] sample=1 cycle=716049 pc=0x1ba8 lower=0x8000033c upper=0x01f1634b vi=0000,0000,0233,000a,7fff,0233,148f,7fff,02ba,00aa,02ba,000d,023d,020c,0238,020c,
[vu:xgkick-step] sample=1 cycle=716050 pc=0x1bb0 lower=0x8000033c upper=0x01f249bc vi=0000,0000,0233,000a,7fff,0233,148f,7fff,02ba,00aa,02ba,000d,023d,020c,0238,020c,
[vu:xgkick-step] sample=1 cycle=716051 pc=0x1bb8 lower=0x8000033c upper=0x01f250bd vi=0000,0000,0233,000a,7fff,0233,148f,7fff,02ba,00aa,02ba,000d,023d,020c,0238,020c,
[vu:xgkick-step] sample=1 cycle=716052 pc=0x1bc0 lower=0x8000033c upper=0x01f258be vi=0000,0000,0233,000a,7fff,0233,148f,7fff,02ba,00aa,02ba,000d,023d,020c,0238,020c,
[vu:xgkick-step] sample=1 cycle=716053 pc=0x1bc8 lower=0x03e0681b upper=0x01f2638b vi=0000,0000,0233,000a,7fff,0233,148f,7fff,02ba,00aa,02ba,000d,023d,020c,0238,020c,
[vu:xgkick-step] sample=1 cycle=716054 pc=0x1bd0 lower=0x8000033c upper=0x01f349bc vi=0000,0000,0233,000a,7fff,0233,148f,7fff,02ba,00aa,02ba,000d,023d,020c,0238,020c,
[vu:xgkick-step] sample=1 cycle=716055 pc=0x1bd8 lower=0x8000033c upper=0x01f350bd vi=0000,0000,0233,000a,7fff,0233,148f,7fff,02ba,00aa,02ba,000d,023d,020c,0238,020c,
[vu:xgkick-step] sample=1 cycle=716056 pc=0x1be0 lower=0x8000033c upper=0x01f358be vi=0000,0000,0233,000a,7fff,0233,148f,7fff,02ba,00aa,02ba,000d,023d,020c,0238,020c,
[vu:xgkick-step] sample=1 cycle=716057 pc=0x1be8 lower=0x8000033c upper=0x01f363cb vi=0000,0000,0233,000a,7fff,0233,148f,7fff,02ba,00aa,02ba,000d,023d,020c,0238,020c,
[vu:xgkick-step] sample=1 cycle=716058 pc=0x1bf0 lower=0x03e0701c upper=0x01f449bc vi=0000,0000,0233,000a,7fff,0233,148f,7fff,02ba,00aa,02ba,000d,023d,020c,0238,020c,
[vu:xgkick-step] sample=1 cycle=716059 pc=0x1bf8 lower=0x8000033c upper=0x01f450bd vi=0000,0000,0233,000a,7fff,0233,148f,7fff,02ba,00aa,02ba,000d,023d,020c,0238,020c,
[vu:xgkick-step] sample=1 cycle=716060 pc=0x1c00 lower=0x8000033c upper=0x01f458be vi=0000,0000,0233,000a,7fff,0233,148f,7fff,02ba,00aa,02ba,000d,023d,020c,0238,020c,
[vu:xgkick-step] sample=1 cycle=716061 pc=0x1c08 lower=0x8000033c upper=0x01f4640b vi=0000,0000,0233,000a,7fff,0233,148f,7fff,02ba,00aa,02ba,000d,023d,020c,0238,020c,
[vu:xgkick-step] sample=1 cycle=716062 pc=0x1c10 lower=0x03e0781d upper=0x01f1c9bc vi=0000,0000,0233,000a,7fff,0233,148f,7fff,02ba,00aa,02ba,000d,023d,020c,0238,020c,
[vu:xgkick-step] sample=1 cycle=716063 pc=0x1c18 lower=0x8000033c upper=0x01f1d0bd vi=0000,0000,0233,000a,7fff,0233,148f,7fff,02ba,00aa,02ba,000d,023d,020c,0238,020c,
[vu:xgkick-step] sample=1 cycle=716064 pc=0x1c20 lower=0x8000033c upper=0x01f1d8be vi=0000,0000,0233,000a,7fff,0233,148f,7fff,02ba,00aa,02ba,000d,023d,020c,0238,020c,
[vu:xgkick-step] sample=1 cycle=716065 pc=0x1c28 lower=0x03e0801e upper=0x01f1e34b vi=0000,0000,0233,000a,7fff,0233,148f,7fff,02ba,00aa,02ba,000d,023d,020c,0238,020c,
[vu:xgkick-step] sample=1 cycle=716066 pc=0x1c30 lower=0x8000033c upper=0x01f2c9bc vi=0000,0000,0233,000a,7fff,0233,148f,7fff,02ba,00aa,02ba,000d,023d,020c,0238,020c,
[vu:xgkick-step] sample=1 cycle=716067 pc=0x1c38 lower=0x3c000000 upper=0x81f2d0bd vi=0000,0000,0233,000a,7fff,0233,148f,7fff,02ba,00aa,02ba,000d,023d,020c,0238,020c,
[vu:xgkick-step] sample=1 cycle=716068 pc=0x1c40 lower=0x01e50015 upper=0x01f2d8be vi=0000,0000,0233,000a,7fff,0233,148f,7fff,02ba,00aa,02ba,000d,023d,020c,0238,020c,
[vu:xgkick-step] sample=1 cycle=716069 pc=0x1c48 lower=0x03e068b0 upper=0x01f2e38b vi=0000,0000,0233,000a,7fff,0233,148f,7fff,02ba,00aa,02ba,000d,023d,020c,0238,020c,
[vu:xgkick-step] sample=1 cycle=716070 pc=0x1c50 lower=0x01e60004 upper=0x01f3c9bc vi=0000,0000,0233,000a,7fff,0233,148f,7fff,02ba,00aa,02ba,000d,023d,020c,0238,020c,
[vu:xgkick-step] sample=1 cycle=716071 pc=0x1c58 lower=0x01ff0005 upper=0x01f3d0bd vi=0000,0000,0233,000a,7fff,0233,148f,7fff,02ba,00aa,02ba,000d,023d,020c,0238,020c,
[vu:xgkick-step] sample=1 cycle=716072 pc=0x1c60 lower=0x01eb0014 upper=0x01f3d8be vi=0000,0000,0233,000a,7fff,0233,148f,7fff,02ba,00aa,02ba,000d,023d,020c,0238,020c,
[vu:xgkick-step] sample=1 cycle=716073 pc=0x1c68 lower=0x03e070b1 upper=0x01f3e3cb vi=0000,0000,0233,000a,7fff,0233,148f,7fff,02ba,00aa,02ba,000d,023d,020c,0238,020c,
[vu:xgkick-step] sample=1 cycle=716074 pc=0x1c70 lower=0x01f20015 upper=0x01f4c9bc vi=0000,0000,0233,000a,7fff,0233,148f,7fff,02ba,00aa,02ba,000d,023d,020c,0238,020c,
[vu:xgkick-step] sample=1 cycle=716075 pc=0x1c78 lower=0x01f30004 upper=0x01f4d0bd vi=0000,0000,0233,000a,7fff,0233,148f,7fff,02ba,00aa,02ba,000d,023d,020c,0238,020c,
[vu:xgkick-step] sample=1 cycle=716076 pc=0x1c80 lower=0x8000033c upper=0x01f4d8be vi=0000,0000,0233,000a,7fff,0233,148f,7fff,02ba,00aa,02ba,000d,023d,020c,0238,020c,
[vu:xgkick-step] sample=1 cycle=716077 pc=0x1c88 lower=0x03e078b2 upper=0x01f4e40b vi=0000,0000,0233,000a,7fff,0233,148f,7fff,02ba,00aa,02ba,000d,023d,020c,0238,020c,
[vu:xgkick-step] sample=1 cycle=716079 pc=0x1c90 lower=0x10020238 upper=0x0053085a vi=0000,0000,0233,000a,7fff,0233,148f,7fff,02ba,00aa,02ba,000d,023d,020c,0238,020c,
[vu:xgkick-step] sample=1 cycle=716080 pc=0x1c98 lower=0x100e0238 upper=0x0053109a vi=0000,0000,0238,000a,7fff,0233,148f,7fff,02ba,00aa,02ba,000d,023d,020c,0238,020c,
[vu:xgkick-step] sample=1 cycle=716081 pc=0x1ca0 lower=0x01ed03e4 upper=0x405318da vi=0000,0000,0238,000a,7fff,0233,148f,7fff,02ba,00aa,02ba,000d,023d,020c,0238,020c,
[vu:xgkick-step] sample=1 cycle=716082 pc=0x1ca8 lower=0x03e080b3 upper=0x0053211a vi=0000,0000,0238,000a,7fff,0233,148f,7fff,02ba,00aa,02ba,000d,023d,020c,0238,020c,
[vu:xgkick-step] sample=1 cycle=716086 pc=0x30 lower=0x40000003 upper=0x000002ff vi=0000,0000,0238,000a,7fff,0233,148f,7fff,02ba,00aa,02ba,000d,023d,020c,0238,020c,
[vu:xgkick-step] sample=1 cycle=716087 pc=0x38 lower=0x8000033c upper=0x000002ff vi=0000,0000,0238,000a,7fff,0233,148f,7fff,02ba,00aa,02ba,000d,023d,020c,0238,020c,
[vu:xgkick-step] sample=1 cycle=716088 pc=0x50 lower=0x1008006c upper=0x000002ff vi=0000,0000,0238,000a,7fff,0233,148f,7fff,02ba,00aa,02ba,000d,023d,020c,0238,020c,
[vu:xgkick-step] sample=1 cycle=716089 pc=0x58 lower=0x800046fc upper=0x000002ff vi=0000,0000,0238,000a,7fff,0233,148f,7fff,006c,00aa,02ba,000d,023d,020c,0238,020c,
[vu:xgkick-store] sample=1 phase=issue cycle=716053 pc=0x1bc8 address=0x1b0 mask=0xf words=c4669464,445000cc,c4669464,00000000
[vu:xgkick-store] sample=1 phase=commit cycle=716054 pc=0x1bd0 address=0x1b0 mask=0xf words=c4669464,445000cc,c4669464,00000000
[vu:xgkick-store] sample=1 phase=issue cycle=716058 pc=0x1bf0 address=0x1c0 mask=0xf words=bcd2f5c4,bcd2fa55,bcd2f5c4,00000000
[vu:xgkick-store] sample=1 phase=commit cycle=716059 pc=0x1bf8 address=0x1c0 mask=0xf words=bcd2f5c4,bcd2fa55,bcd2f5c4,00000000
[vu:xgkick-store] sample=1 phase=issue cycle=716062 pc=0x1c10 address=0x1d0 mask=0xf words=c3996cef,c3997041,c3996cef,00000000
[vu:xgkick-store] sample=1 phase=commit cycle=716063 pc=0x1c18 address=0x1d0 mask=0xf words=c3996cef,c3997041,c3996cef,00000000
[vu:xgkick-store] sample=1 phase=issue cycle=716065 pc=0x1c28 address=0x1e0 mask=0xf words=c425a644,43bab24d,c425a644,00000000
[vu:xgkick-store] sample=1 phase=commit cycle=716066 pc=0x1c30 address=0x1e0 mask=0xf words=c425a644,43bab24d,c425a644,00000000
[vu:xgkick-store] sample=1 phase=issue cycle=716069 pc=0x1c48 address=0xb00 mask=0xf words=c4669464,445000cc,c4669464,00000000
[vu:xgkick-store] sample=1 phase=commit cycle=716070 pc=0x1c50 address=0xb00 mask=0xf words=c4669464,445000cc,c4669464,00000000
[vu:xgkick-store] sample=1 phase=issue cycle=716073 pc=0x1c68 address=0xb10 mask=0xf words=bcd2f5c4,bcd2fa55,bcd2f5c4,00000000
[vu:xgkick-store] sample=1 phase=commit cycle=716074 pc=0x1c70 address=0xb10 mask=0xf words=bcd2f5c4,bcd2fa55,bcd2f5c4,00000000
[vu:xgkick-store] sample=1 phase=issue cycle=716077 pc=0x1c88 address=0xb20 mask=0xf words=c3996cef,c3997041,c3996cef,00000000
[vu:xgkick-store] sample=1 phase=commit cycle=716078 pc=0x1c90 address=0xb20 mask=0xf words=c3996cef,c3997041,c3996cef,00000000
[vu:xgkick-store] sample=1 phase=issue cycle=716082 pc=0x1ca8 address=0xb30 mask=0xf words=c425a644,43bab24d,c425a644,00000000
[vu:xgkick-store] sample=1 phase=commit cycle=716083 pc=0x1cb0 address=0xb30 mask=0xf words=c425a644,43bab24d,c425a644,00000000
[VU1 reserved lower] cycle=716090 pc=0x60 instruction=0xfffffffb
[vu:xgkick-error] sample=24 reason=tag-limit cycle=722096 pc=0x1000 source_qw=563 tag_offset=0 copied=16 tag_lo=0x0000990300005e5b tag_hi=0x0000000000000000 nloop=24155 format=0 nreg=0 requested=6183696 limit=65536
[VU1 reserved lower] cycle=722096 pc=0x1000 instruction=0xfffffffb
[vu:xgkick-error] sample=25 reason=tag-limit cycle=722164 pc=0x60 source_qw=108 tag_offset=0 copied=16 tag_lo=0x43aa148fc3996ea7 tag_hi=0x00000000c3996ea7 nloop=28327 format=0 nreg=4 requested=1812944 limit=65536
[vu:xgkick-history] sample=1 source_qw=108 steps=64 stores=16
[vu:xgkick-step] sample=1 cycle=722096 pc=0x1050 lower=0x420f0151 upper=0x000002ff vi=0000,0000,0233,0048,7fff,0233,1a56,7fff,02b7,000b,02b7,004d,023d,020c,0238,0219,
[vu:xgkick-step] sample=1 cycle=722097 pc=0x1058 lower=0x100d020c upper=0x000002ff vi=0000,0000,0233,0048,7fff,0233,1a56,7fff,02b7,000b,02b7,004d,023d,020c,0238,020c,
[vu:xgkick-step] sample=1 cycle=722098 pc=0x1ae0 lower=0x01f10000 upper=0x000002ff vi=0000,0000,0233,0048,7fff,0233,1a56,7fff,02b7,000b,02b7,004d,023d,020c,0238,020c,
[vu:xgkick-step] sample=1 cycle=722099 pc=0x1ae8 lower=0x01e90009 upper=0x000002ff vi=0000,0000,0233,0048,7fff,0233,1a56,7fff,02b7,000b,02b7,004d,023d,020c,0238,020c,
[vu:xgkick-step] sample=1 cycle=722100 pc=0x1af0 lower=0x01ea000a upper=0x000002ff vi=0000,0000,0233,0048,7fff,0233,1a56,7fff,02b7,000b,02b7,004d,023d,020c,0238,020c,
[vu:xgkick-step] sample=1 cycle=722101 pc=0x1af8 lower=0x01eb000b upper=0x000002ff vi=0000,0000,0233,0048,7fff,0233,1a56,7fff,02b7,000b,02b7,004d,023d,020c,0238,020c,
[vu:xgkick-step] sample=1 cycle=722102 pc=0x1b00 lower=0x01ec000c upper=0x000002ff vi=0000,0000,0233,0048,7fff,0233,1a56,7fff,02b7,000b,02b7,004d,023d,020c,0238,020c,
[vu:xgkick-step] sample=1 cycle=722103 pc=0x1b08 lower=0x01f20001 upper=0x01f149bc vi=0000,0000,0233,0048,7fff,0233,1a56,7fff,02b7,000b,02b7,004d,023d,020c,0238,020c,
[vu:xgkick-step] sample=1 cycle=722104 pc=0x1b10 lower=0x01f30002 upper=0x01f150bd vi=0000,0000,0233,0048,7fff,0233,1a56,7fff,02b7,000b,02b7,004d,023d,020c,0238,020c,
[vu:xgkick-step] sample=1 cycle=722105 pc=0x1b18 lower=0x01f40003 upper=0x01f158be vi=0000,0000,0233,0048,7fff,0233,1a56,7fff,02b7,000b,02b7,004d,023d,020c,0238,020c,
[vu:xgkick-step] sample=1 cycle=722106 pc=0x1b20 lower=0x01f9000d upper=0x01f1604b vi=0000,0000,0233,0048,7fff,0233,1a56,7fff,02b7,000b,02b7,004d,023d,020c,0238,020c,
[vu:xgkick-step] sample=1 cycle=722107 pc=0x1b28 lower=0x01fa000e upper=0x01f249bc vi=0000,0000,0233,0048,7fff,0233,1a56,7fff,02b7,000b,02b7,004d,023d,020c,0238,020c,
[vu:xgkick-step] sample=1 cycle=722108 pc=0x1b30 lower=0x01fb000f upper=0x01f250bd vi=0000,0000,0233,0048,7fff,0233,1a56,7fff,02b7,000b,02b7,004d,023d,020c,0238,020c,
[vu:xgkick-step] sample=1 cycle=722109 pc=0x1b38 lower=0x01fc0010 upper=0x01f258be vi=0000,0000,0233,0048,7fff,0233,1a56,7fff,02b7,000b,02b7,004d,023d,020c,0238,020c,
[vu:xgkick-step] sample=1 cycle=722110 pc=0x1b40 lower=0x8000033c upper=0x01f2608b vi=0000,0000,0233,0048,7fff,0233,1a56,7fff,02b7,000b,02b7,004d,023d,020c,0238,020c,
[vu:xgkick-step] sample=1 cycle=722111 pc=0x1b48 lower=0x11e407ff upper=0x01f349bc vi=0000,0000,0233,0048,7fff,0233,1a56,7fff,02b7,000b,02b7,004d,023d,020c,0238,020c,
[vu:xgkick-step] sample=1 cycle=722112 pc=0x1b50 lower=0x8000033c upper=0x01f350bd vi=0000,0000,0233,0048,7fff,0233,1a56,7fff,02b7,000b,02b7,004d,023d,020c,0238,020c,
[vu:xgkick-step] sample=1 cycle=722113 pc=0x1b58 lower=0x8000033c upper=0x01f358be vi=0000,0000,0233,0048,7fff,0233,1a56,7fff,02b7,000b,02b7,004d,023d,020c,0238,020c,
[vu:xgkick-step] sample=1 cycle=722114 pc=0x1b60 lower=0x8000033c upper=0x01f360cb vi=0000,0000,0233,0048,7fff,0233,1a56,7fff,02b7,000b,02b7,004d,023d,020c,0238,020c,
[vu:xgkick-step] sample=1 cycle=722115 pc=0x1b68 lower=0x8000033c upper=0x01f449bc vi=0000,0000,0233,0048,7fff,0233,1a56,7fff,02b7,000b,02b7,004d,023d,020c,0238,020c,
[vu:xgkick-step] sample=1 cycle=722116 pc=0x1b70 lower=0x01e90016 upper=0x01f450bd vi=0000,0000,0233,0048,7fff,0233,1a56,7fff,02b7,000b,02b7,004d,023d,020c,0238,020c,
[vu:xgkick-step] sample=1 cycle=722117 pc=0x1b78 lower=0x01ea0017 upper=0x01f458be vi=0000,0000,0233,0048,7fff,0233,1a56,7fff,02b7,000b,02b7,004d,023d,020c,0238,020c,
[vu:xgkick-step] sample=1 cycle=722118 pc=0x1b80 lower=0x01eb0018 upper=0x01f4610b vi=0000,0000,0233,0048,7fff,0233,1a56,7fff,02b7,000b,02b7,004d,023d,020c,0238,020c,
[vu:xgkick-step] sample=1 cycle=722119 pc=0x1b88 lower=0x01ec0019 upper=0x000002ff vi=0000,0000,0233,0048,7fff,0233,1a56,7fff,02b7,000b,02b7,004d,023d,020c,0238,020c,
[vu:xgkick-step] sample=1 cycle=722120 pc=0x1b90 lower=0x8000033c upper=0x01f149bc vi=0000,0000,0233,0048,7fff,0233,1a56,7fff,02b7,000b,02b7,004d,023d,020c,0238,020c,
[vu:xgkick-step] sample=1 cycle=722121 pc=0x1b98 lower=0x8000033c upper=0x01f150bd vi=0000,0000,0233,0048,7fff,0233,1a56,7fff,02b7,000b,02b7,004d,023d,020c,0238,020c,
[vu:xgkick-step] sample=1 cycle=722122 pc=0x1ba0 lower=0x8000033c upper=0x01f158be vi=0000,0000,0233,0048,7fff,0233,1a56,7fff,02b7,000b,02b7,004d,023d,020c,0238,020c,
[vu:xgkick-step] sample=1 cycle=722123 pc=0x1ba8 lower=0x8000033c upper=0x01f1634b vi=0000,0000,0233,0048,7fff,0233,1a56,7fff,02b7,000b,02b7,004d,023d,020c,0238,020c,
[vu:xgkick-step] sample=1 cycle=722124 pc=0x1bb0 lower=0x8000033c upper=0x01f249bc vi=0000,0000,0233,0048,7fff,0233,1a56,7fff,02b7,000b,02b7,004d,023d,020c,0238,020c,
[vu:xgkick-step] sample=1 cycle=722125 pc=0x1bb8 lower=0x8000033c upper=0x01f250bd vi=0000,0000,0233,0048,7fff,0233,1a56,7fff,02b7,000b,02b7,004d,023d,020c,0238,020c,
[vu:xgkick-step] sample=1 cycle=722126 pc=0x1bc0 lower=0x8000033c upper=0x01f258be vi=0000,0000,0233,0048,7fff,0233,1a56,7fff,02b7,000b,02b7,004d,023d,020c,0238,020c,
[vu:xgkick-step] sample=1 cycle=722127 pc=0x1bc8 lower=0x03e0681b upper=0x01f2638b vi=0000,0000,0233,0048,7fff,0233,1a56,7fff,02b7,000b,02b7,004d,023d,020c,0238,020c,
[vu:xgkick-step] sample=1 cycle=722128 pc=0x1bd0 lower=0x8000033c upper=0x01f349bc vi=0000,0000,0233,0048,7fff,0233,1a56,7fff,02b7,000b,02b7,004d,023d,020c,0238,020c,
[vu:xgkick-step] sample=1 cycle=722129 pc=0x1bd8 lower=0x8000033c upper=0x01f350bd vi=0000,0000,0233,0048,7fff,0233,1a56,7fff,02b7,000b,02b7,004d,023d,020c,0238,020c,
[vu:xgkick-step] sample=1 cycle=722130 pc=0x1be0 lower=0x8000033c upper=0x01f358be vi=0000,0000,0233,0048,7fff,0233,1a56,7fff,02b7,000b,02b7,004d,023d,020c,0238,020c,
[vu:xgkick-step] sample=1 cycle=722131 pc=0x1be8 lower=0x8000033c upper=0x01f363cb vi=0000,0000,0233,0048,7fff,0233,1a56,7fff,02b7,000b,02b7,004d,023d,020c,0238,020c,
[vu:xgkick-step] sample=1 cycle=722132 pc=0x1bf0 lower=0x03e0701c upper=0x01f449bc vi=0000,0000,0233,0048,7fff,0233,1a56,7fff,02b7,000b,02b7,004d,023d,020c,0238,020c,
[vu:xgkick-step] sample=1 cycle=722133 pc=0x1bf8 lower=0x8000033c upper=0x01f450bd vi=0000,0000,0233,0048,7fff,0233,1a56,7fff,02b7,000b,02b7,004d,023d,020c,0238,020c,
[vu:xgkick-step] sample=1 cycle=722134 pc=0x1c00 lower=0x8000033c upper=0x01f458be vi=0000,0000,0233,0048,7fff,0233,1a56,7fff,02b7,000b,02b7,004d,023d,020c,0238,020c,
[vu:xgkick-step] sample=1 cycle=722135 pc=0x1c08 lower=0x8000033c upper=0x01f4640b vi=0000,0000,0233,0048,7fff,0233,1a56,7fff,02b7,000b,02b7,004d,023d,020c,0238,020c,
[vu:xgkick-step] sample=1 cycle=722136 pc=0x1c10 lower=0x03e0781d upper=0x01f1c9bc vi=0000,0000,0233,0048,7fff,0233,1a56,7fff,02b7,000b,02b7,004d,023d,020c,0238,020c,
[vu:xgkick-step] sample=1 cycle=722137 pc=0x1c18 lower=0x8000033c upper=0x01f1d0bd vi=0000,0000,0233,0048,7fff,0233,1a56,7fff,02b7,000b,02b7,004d,023d,020c,0238,020c,
[vu:xgkick-step] sample=1 cycle=722138 pc=0x1c20 lower=0x8000033c upper=0x01f1d8be vi=0000,0000,0233,0048,7fff,0233,1a56,7fff,02b7,000b,02b7,004d,023d,020c,0238,020c,
[vu:xgkick-step] sample=1 cycle=722139 pc=0x1c28 lower=0x03e0801e upper=0x01f1e34b vi=0000,0000,0233,0048,7fff,0233,1a56,7fff,02b7,000b,02b7,004d,023d,020c,0238,020c,
[vu:xgkick-step] sample=1 cycle=722140 pc=0x1c30 lower=0x8000033c upper=0x01f2c9bc vi=0000,0000,0233,0048,7fff,0233,1a56,7fff,02b7,000b,02b7,004d,023d,020c,0238,020c,
[vu:xgkick-step] sample=1 cycle=722141 pc=0x1c38 lower=0x3c000000 upper=0x81f2d0bd vi=0000,0000,0233,0048,7fff,0233,1a56,7fff,02b7,000b,02b7,004d,023d,020c,0238,020c,
[vu:xgkick-step] sample=1 cycle=722142 pc=0x1c40 lower=0x01e50015 upper=0x01f2d8be vi=0000,0000,0233,0048,7fff,0233,1a56,7fff,02b7,000b,02b7,004d,023d,020c,0238,020c,
[vu:xgkick-step] sample=1 cycle=722143 pc=0x1c48 lower=0x03e068b0 upper=0x01f2e38b vi=0000,0000,0233,0048,7fff,0233,1a56,7fff,02b7,000b,02b7,004d,023d,020c,0238,020c,
[vu:xgkick-step] sample=1 cycle=722144 pc=0x1c50 lower=0x01e60004 upper=0x01f3c9bc vi=0000,0000,0233,0048,7fff,0233,1a56,7fff,02b7,000b,02b7,004d,023d,020c,0238,020c,
[vu:xgkick-step] sample=1 cycle=722145 pc=0x1c58 lower=0x01ff0005 upper=0x01f3d0bd vi=0000,0000,0233,0048,7fff,0233,1a56,7fff,02b7,000b,02b7,004d,023d,020c,0238,020c,
[vu:xgkick-step] sample=1 cycle=722146 pc=0x1c60 lower=0x01eb0014 upper=0x01f3d8be vi=0000,0000,0233,0048,7fff,0233,1a56,7fff,02b7,000b,02b7,004d,023d,020c,0238,020c,
[vu:xgkick-step] sample=1 cycle=722147 pc=0x1c68 lower=0x03e070b1 upper=0x01f3e3cb vi=0000,0000,0233,0048,7fff,0233,1a56,7fff,02b7,000b,02b7,004d,023d,020c,0238,020c,
[vu:xgkick-step] sample=1 cycle=722148 pc=0x1c70 lower=0x01f20015 upper=0x01f4c9bc vi=0000,0000,0233,0048,7fff,0233,1a56,7fff,02b7,000b,02b7,004d,023d,020c,0238,020c,
[vu:xgkick-step] sample=1 cycle=722149 pc=0x1c78 lower=0x01f30004 upper=0x01f4d0bd vi=0000,0000,0233,0048,7fff,0233,1a56,7fff,02b7,000b,02b7,004d,023d,020c,0238,020c,
[vu:xgkick-step] sample=1 cycle=722150 pc=0x1c80 lower=0x8000033c upper=0x01f4d8be vi=0000,0000,0233,0048,7fff,0233,1a56,7fff,02b7,000b,02b7,004d,023d,020c,0238,020c,
[vu:xgkick-step] sample=1 cycle=722151 pc=0x1c88 lower=0x03e078b2 upper=0x01f4e40b vi=0000,0000,0233,0048,7fff,0233,1a56,7fff,02b7,000b,02b7,004d,023d,020c,0238,020c,
[vu:xgkick-step] sample=1 cycle=722153 pc=0x1c90 lower=0x10020238 upper=0x0053085a vi=0000,0000,0233,0048,7fff,0233,1a56,7fff,02b7,000b,02b7,004d,023d,020c,0238,020c,
[vu:xgkick-step] sample=1 cycle=722154 pc=0x1c98 lower=0x100e0238 upper=0x0053109a vi=0000,0000,0238,0048,7fff,0233,1a56,7fff,02b7,000b,02b7,004d,023d,020c,0238,020c,
[vu:xgkick-step] sample=1 cycle=722155 pc=0x1ca0 lower=0x01ed03e4 upper=0x405318da vi=0000,0000,0238,0048,7fff,0233,1a56,7fff,02b7,000b,02b7,004d,023d,020c,0238,020c,
[vu:xgkick-step] sample=1 cycle=722156 pc=0x1ca8 lower=0x03e080b3 upper=0x0053211a vi=0000,0000,0238,0048,7fff,0233,1a56,7fff,02b7,000b,02b7,004d,023d,020c,0238,020c,
[vu:xgkick-step] sample=1 cycle=722160 pc=0x30 lower=0x40000003 upper=0x000002ff vi=0000,0000,0238,0048,7fff,0233,1a56,7fff,02b7,000b,02b7,004d,023d,020c,0238,020c,
[vu:xgkick-step] sample=1 cycle=722161 pc=0x38 lower=0x8000033c upper=0x000002ff vi=0000,0000,0238,0048,7fff,0233,1a56,7fff,02b7,000b,02b7,004d,023d,020c,0238,020c,
[vu:xgkick-step] sample=1 cycle=722162 pc=0x50 lower=0x1008006c upper=0x000002ff vi=0000,0000,0238,0048,7fff,0233,1a56,7fff,02b7,000b,02b7,004d,023d,020c,0238,020c,
[vu:xgkick-step] sample=1 cycle=722163 pc=0x58 lower=0x800046fc upper=0x000002ff vi=0000,0000,0238,0048,7fff,0233,1a56,7fff,006c,000b,02b7,004d,023d,020c,0238,020c,
[vu:xgkick-store] sample=1 phase=issue cycle=722127 pc=0x1bc8 address=0x1b0 mask=0xf words=c4669464,445000cc,c4669464,00000000
[vu:xgkick-store] sample=1 phase=commit cycle=722128 pc=0x1bd0 address=0x1b0 mask=0xf words=c4669464,445000cc,c4669464,00000000
[vu:xgkick-store] sample=1 phase=issue cycle=722132 pc=0x1bf0 address=0x1c0 mask=0xf words=bcd2f5c4,bcd2fa55,bcd2f5c4,00000000
[vu:xgkick-store] sample=1 phase=commit cycle=722133 pc=0x1bf8 address=0x1c0 mask=0xf words=bcd2f5c4,bcd2fa55,bcd2f5c4,00000000
[vu:xgkick-store] sample=1 phase=issue cycle=722136 pc=0x1c10 address=0x1d0 mask=0xf words=c3996cef,c3997041,c3996cef,00000000
[vu:xgkick-store] sample=1 phase=commit cycle=722137 pc=0x1c18 address=0x1d0 mask=0xf words=c3996cef,c3997041,c3996cef,00000000
[vu:xgkick-store] sample=1 phase=issue cycle=722139 pc=0x1c28 address=0x1e0 mask=0xf words=c425a644,43bab24d,c425a644,00000000
[vu:xgkick-store] sample=1 phase=commit cycle=722140 pc=0x1c30 address=0x1e0 mask=0xf words=c425a644,43bab24d,c425a644,00000000
[vu:xgkick-store] sample=1 phase=issue cycle=722143 pc=0x1c48 address=0xb00 mask=0xf words=c4669464,445000cc,c4669464,00000000
[vu:xgkick-store] sample=1 phase=commit cycle=722144 pc=0x1c50 address=0xb00 mask=0xf words=c4669464,445000cc,c4669464,00000000
[vu:xgkick-store] sample=1 phase=issue cycle=722147 pc=0x1c68 address=0xb10 mask=0xf words=bcd2f5c4,bcd2fa55,bcd2f5c4,00000000
[vu:xgkick-store] sample=1 phase=commit cycle=722148 pc=0x1c70 address=0xb10 mask=0xf words=bcd2f5c4,bcd2fa55,bcd2f5c4,00000000
[vu:xgkick-store] sample=1 phase=issue cycle=722151 pc=0x1c88 address=0xb20 mask=0xf words=c3996cef,c3997041,c3996cef,00000000
[vu:xgkick-store] sample=1 phase=commit cycle=722152 pc=0x1c90 address=0xb20 mask=0xf words=c3996cef,c3997041,c3996cef,00000000
[vu:xgkick-store] sample=1 phase=issue cycle=722156 pc=0x1ca8 address=0xb30 mask=0xf words=c425a644,43bab24d,c425a644,00000000
[vu:xgkick-store] sample=1 phase=commit cycle=722157 pc=0x1cb0 address=0xb30 mask=0xf words=c425a644,43bab24d,c425a644,00000000
[VU1 reserved lower] cycle=722164 pc=0x60 instruction=0xfffffffb
[vu:xgkick-error] sample=26 reason=tag-limit cycle=731238 pc=0x1000 source_qw=563 tag_offset=0 copied=16 tag_lo=0x0000990300005e5b tag_hi=0x0000000000000000 nloop=24155 format=0 nreg=0 requested=6183696 limit=65536
[VU1 reserved lower] cycle=731238 pc=0x1000 instruction=0xfffffffb
[vu:xgkick-error] sample=27 reason=tag-limit cycle=731242 pc=0x60 source_qw=108 tag_offset=0 copied=16 tag_lo=0x43aa148fc3996ea7 tag_hi=0x00000000c3996ea7 nloop=28327 format=0 nreg=4 requested=1812944 limit=65536
[vu:xgkick-history] sample=2 source_qw=108 steps=9138 stores=1040
[vu:xgkick-step] sample=2 cycle=731178 pc=0x1158 lower=0x03c85000 upper=0x01e021bf vi=0000,0020,0233,003f,7fff,0233,3328,7fff,02ba,0000,02bd,005d,023d,020c,0238,0219,
[vu:xgkick-step] sample=2 cycle=731179 pc=0x1160 lower=0x01e94005 upper=0x01cd29ff vi=0000,0020,0233,003f,7fff,0233,3328,7fff,02ba,0000,02bd,005d,023d,020c,0238,0219,
[vu:xgkick-step] sample=2 cycle=731180 pc=0x1168 lower=0x81ca7b3c upper=0x0020c610 vi=0000,0020,0233,003f,7fff,0233,3328,7fff,02ba,0000,02bd,005d,023d,020c,0238,0219,
[vu:xgkick-step] sample=2 cycle=731181 pc=0x1170 lower=0x81fc2b3c upper=0x01feb97c vi=0000,0020,0233,003f,7fff,0233,3328,7fff,02ba,0000,02bd,005d,023d,020c,0238,0219,
[vu:xgkick-step] sample=2 cycle=731182 pc=0x1178 lower=0x80377b3c upper=0x01f408bc vi=0000,0020,0233,003f,7fff,0233,3328,7fff,02ba,0000,02bd,005d,023d,020c,0238,0219,
[vu:xgkick-step] sample=2 cycle=731183 pc=0x1180 lower=0x2402fbef upper=0x01f410bd vi=0000,0020,0233,003f,7fff,0233,3328,7fff,02ba,0000,02bd,005d,023d,020c,0238,0219,
[vu:xgkick-step] sample=2 cycle=731184 pc=0x1188 lower=0x520100f7 upper=0x01f41e4a vi=0000,0001,0233,003f,7fff,0233,3328,7fff,02ba,0000,02bd,005d,023d,020c,0238,0219,
[vu:xgkick-step] sample=2 cycle=731185 pc=0x1190 lower=0x03e8f001 upper=0x00385e03 vi=0000,0001,0233,003f,7fff,0233,3328,7fff,02ba,0000,02bd,005d,023d,020c,0238,0219,
[vu:xgkick-step] sample=2 cycle=731186 pc=0x1948 lower=0x45000000 upper=0x800002ff vi=0000,0001,0233,003f,7fff,0233,3328,7fff,02ba,0000,02bd,005d,023d,020c,0238,0219,
[vu:xgkick-step] sample=2 cycle=731187 pc=0x1950 lower=0x800862f1 upper=0x01e05a7e vi=0000,0001,0233,003f,7fff,0233,3328,7fff,02ba,0000,02bd,005d,023d,020c,0238,0219,
[vu:xgkick-step] sample=2 cycle=731188 pc=0x1958 lower=0x10010010 upper=0x000002ff vi=0000,0001,0233,003f,7fff,0233,3328,7fff,02ba,0000,02bd,ff83,023d,020c,0238,0219,
[vu:xgkick-step] sample=2 cycle=731189 pc=0x1960 lower=0x5e00582d upper=0x000002ff vi=0000,0010,0233,003f,7fff,0233,3328,7fff,02ba,0000,02bd,ff83,023d,020c,0238,0219,
[vu:xgkick-step] sample=2 cycle=731190 pc=0x1968 lower=0x082347fa upper=0x000002ff vi=0000,0010,0233,003f,7fff,0233,3328,7fff,02ba,0000,02bd,ff83,023d,020c,0238,0219,
[vu:xgkick-step] sample=2 cycle=731191 pc=0x1970 lower=0x34010800 upper=0x000002ff vi=0000,0010,0233,003f,7fff,0233,3328,7fff,02ba,0000,02bd,ff83,023d,020c,0238,0219,
[vu:xgkick-step] sample=2 cycle=731192 pc=0x1978 lower=0x5001002a upper=0x000002ff vi=0000,0010,0233,003f,7fff,0233,3328,7fff,02ba,0000,02bd,ff83,023d,020c,0238,0219,
[vu:xgkick-step] sample=2 cycle=731193 pc=0x1980 lower=0x01fb001e upper=0x000002ff vi=0000,0010,0233,003f,7fff,0233,3328,7fff,02ba,0000,02bd,ff83,023d,020c,0238,0219,
[vu:xgkick-step] sample=2 cycle=731194 pc=0x1988 lower=0x082b47fd upper=0x0020c622 vi=0000,0010,0233,005d,7fff,0233,3328,7fff,02ba,0000,02bd,ff83,023d,020c,0238,0219,
[vu:xgkick-step] sample=2 cycle=731195 pc=0x1990 lower=0x01f518b5 upper=0x000002ff vi=0000,0010,0233,005d,7fff,0233,3328,7fff,02ba,0000,02bd,ff83,023d,020c,0238,0219,
[vu:xgkick-step] sample=2 cycle=731196 pc=0x1998 lower=0x01ef001b upper=0x000002ff vi=0000,0010,0233,005d,7fff,0233,3328,7fff,02ba,0000,02bd,ff83,023d,020c,0238,0219,
[vu:xgkick-step] sample=2 cycle=731197 pc=0x19a0 lower=0x01f0001c upper=0x000002ff vi=0000,0010,0233,005d,7fff,0233,3328,7fff,02ba,0000,02bd,ff83,023d,020c,0238,0219,
[vu:xgkick-step] sample=2 cycle=731198 pc=0x19a8 lower=0x01eb001d upper=0x000002ff vi=0000,0010,0233,005d,7fff,0233,3328,7fff,02ba,0000,02bd,006c,023d,020c,0238,0219,
[vu:xgkick-step] sample=2 cycle=731199 pc=0x19b0 lower=0x01fe58b5 upper=0x01e0d9bf vi=0000,0010,0233,005d,7fff,0233,3328,7fff,02ba,0000,02bd,006c,023d,020c,0238,0219,
[vu:xgkick-step] sample=2 cycle=731200 pc=0x19b8 lower=0x08214000 upper=0x01f578bc vi=0000,0010,0233,005d,7fff,0233,3328,7fff,02ba,0000,02bd,006c,023d,020c,0238,0219,
[vu:xgkick-step] sample=2 cycle=731201 pc=0x19c0 lower=0x01d147fa upper=0x01f580bd vi=0000,0010,0233,005d,7fff,0233,3328,7fff,02ba,0000,02bd,006c,023d,020c,0238,0219,
[vu:xgkick-step] sample=2 cycle=731202 pc=0x19c8 lower=0x01c547fd upper=0x01f5598a vi=0000,0010,0233,005d,7fff,0233,3328,7fff,02ba,0000,02bd,006c,023d,020c,0238,0219,
[vu:xgkick-step] sample=2 cycle=731203 pc=0x19d0 lower=0x01d64000 upper=0x01fe79bc vi=0000,0010,0233,005d,7fff,0233,3328,7fff,02ba,0000,02bd,006c,023d,020c,0238,0219,
[vu:xgkick-step] sample=2 cycle=731204 pc=0x19d8 lower=0x01ec08b5 upper=0x01fe80bd vi=0000,005e,0233,005d,7fff,0233,3328,7fff,02ba,0000,02bd,006c,023d,020c,0238,0219,
[vu:xgkick-step] sample=2 cycle=731205 pc=0x19e0 lower=0x817103bc upper=0x01fe58be vi=0000,005e,0233,005d,7fff,0233,3328,7fff,02ba,0000,02bd,006c,023d,020c,0238,0219,
[vu:xgkick-step] sample=2 cycle=731206 pc=0x19e8 lower=0x800439f5 upper=0x01c631ff vi=0000,005e,0233,005d,7fff,0233,3328,7fff,02ba,0000,02bd,006c,023d,020c,0238,0219,
[vu:xgkick-step] sample=2 cycle=731207 pc=0x19f0 lower=0x8000033c upper=0x01e0decb vi=0000,005e,0233,005d,7fff,0233,3328,7fff,02ba,0000,02bd,006c,023d,020c,0238,0219,
[vu:xgkick-step] sample=2 cycle=731208 pc=0x19f8 lower=0x01e6001e upper=0x01ec79bc vi=0000,005e,0233,005d,7fff,0233,3328,7fff,02ba,0000,02bd,006c,023d,020c,0238,0219,
[vu:xgkick-step] sample=2 cycle=731209 pc=0x1a00 lower=0x8000033c upper=0x01ec80bd vi=0000,005e,0233,005d,7fff,0233,3328,7fff,02ba,0000,02bd,006c,023d,020c,0238,0219,
[vu:xgkick-step] sample=2 cycle=731210 pc=0x1a08 lower=0x8000033c upper=0x01ec58be vi=0000,005e,0233,005d,7fff,0233,3328,7fff,02ba,0000,02bd,006c,023d,020c,0238,0219,
[vu:xgkick-step] sample=2 cycle=731211 pc=0x1a10 lower=0x8000033c upper=0x01dbd9ff vi=0000,005e,0233,005d,7fff,0233,3328,7fff,02ba,0000,02bd,006c,023d,020c,0238,0219,
[vu:xgkick-step] sample=2 cycle=731212 pc=0x1a18 lower=0x816503bc upper=0x01e0318b vi=0000,005e,0233,005d,7fff,0233,3328,7fff,02ba,0000,02bd,006c,023d,020c,0238,0219,
[vu:xgkick-step] sample=2 cycle=731213 pc=0x1a20 lower=0x8000033c upper=0x01808c5c vi=0000,005e,0233,005d,7fff,0233,3328,7fff,02ba,0000,02bd,006c,023d,020c,0238,0219,
[vu:xgkick-step] sample=2 cycle=731214 pc=0x1a28 lower=0x8000033c upper=0x00400443 vi=0000,005e,0233,005d,7fff,0233,3328,7fff,02ba,0000,02bd,006c,023d,020c,0238,0219,
[vu:xgkick-step] sample=2 cycle=731215 pc=0x1a30 lower=0x8000033c upper=0x000002ff vi=0000,005e,0233,005d,7fff,0233,3328,7fff,02ba,0000,02bd,006c,023d,020c,0238,0219,
[vu:xgkick-step] sample=2 cycle=731216 pc=0x1a38 lower=0x8000033c upper=0x01c631ff vi=0000,005e,0233,005d,7fff,0233,3328,7fff,02ba,0000,02bd,006c,023d,020c,0238,0219,
[vu:xgkick-step] sample=2 cycle=731217 pc=0x1a40 lower=0x8000033c upper=0x000002ff vi=0000,005e,0233,005d,7fff,0233,3328,7fff,02ba,0000,02bd,006c,023d,020c,0238,0219,
[vu:xgkick-step] sample=2 cycle=731218 pc=0x1a48 lower=0x8000033c upper=0x000002ff vi=0000,005e,0233,005d,7fff,0233,3328,7fff,02ba,0000,02bd,006c,023d,020c,0238,0219,
[vu:xgkick-step] sample=2 cycle=731219 pc=0x1a50 lower=0x817603bc upper=0x0180295c vi=0000,005e,0233,005d,7fff,0233,3328,7fff,02ba,0000,02bd,006c,023d,020c,0238,0219,
[vu:xgkick-step] sample=2 cycle=731220 pc=0x1a58 lower=0x26fdf7df upper=0x00400143 vi=0000,005e,0233,005d,7fff,0233,3328,7fff,02ba,0000,02bd,006c,023d,020c,0238,0219,
[vu:xgkick-step] sample=2 cycle=731221 pc=0x1a60 lower=0x5201000b upper=0x000002ff vi=0000,0001,0233,005d,7fff,0233,3328,7fff,02ba,0000,02bd,006c,023d,020c,0238,0219,
[vu:xgkick-step] sample=2 cycle=731222 pc=0x1a68 lower=0x26ffbefb upper=0x000002ff vi=0000,0001,0233,005d,7fff,0233,3328,7fff,02ba,0000,02bd,006c,023d,020c,0238,0219,
[vu:xgkick-step] sample=2 cycle=731223 pc=0x1ac0 lower=0x8000033c upper=0x01cde9ff vi=0000,0000,0233,005d,7fff,0233,3328,7fff,02ba,0000,02bd,006c,023d,020c,0238,0219,
[vu:xgkick-step] sample=2 cycle=731224 pc=0x1ac8 lower=0x8000033c upper=0x01cde1ff vi=0000,0000,0233,005d,7fff,0233,3328,7fff,02ba,0000,02bd,006c,023d,020c,0238,0219,
[vu:xgkick-step] sample=2 cycle=731225 pc=0x1ad0 lower=0x48002800 upper=0x000002ff vi=0000,0000,0233,005d,7fff,0233,3328,7fff,02ba,0000,02bd,006c,023d,020c,0238,0219,
[vu:xgkick-step] sample=2 cycle=731226 pc=0x1ad8 lower=0x437f0000 upper=0x800002ff vi=0000,0000,0233,005d,7fff,0233,3328,7fff,02ba,0000,02bd,006c,023d,020c,0238,0219,
[vu:xgkick-step] sample=2 cycle=731227 pc=0x1198 lower=0x10084003 upper=0x0037bddb vi=0000,0000,0233,005d,7fff,0233,3328,7fff,02ba,0000,02bd,006c,023d,020c,0238,0219,
[vu:xgkick-step] sample=2 cycle=731228 pc=0x11a0 lower=0x81fde33c upper=0x01e839ea vi=0000,0000,0233,005d,7fff,0233,3328,7fff,02bd,0000,02bd,006c,023d,020c,0238,0219,
[vu:xgkick-step] sample=2 cycle=731229 pc=0x11a8 lower=0x81f903bc upper=0x01e9493e vi=0000,0000,0233,005d,7fff,0233,3328,7fff,02bd,0000,02bd,006c,023d,020c,0238,0219,
[vu:xgkick-step] sample=2 cycle=731230 pc=0x11b0 lower=0x803ecb3c upper=0x01f8c17d vi=0000,0000,0233,005d,7fff,0233,3328,7fff,02bd,0000,02bd,006c,023d,020c,0238,0219,
[vu:xgkick-step] sample=2 cycle=731231 pc=0x11b8 lower=0x8039933c upper=0x01f7f9bf vi=0000,0000,0233,005d,7fff,0233,3328,7fff,02bd,0000,02bd,006c,023d,020c,0238,0219,
[vu:xgkick-step] sample=2 cycle=731232 pc=0x11c0 lower=0x8000033c upper=0x01c0d0bf vi=0000,0000,0233,005d,7fff,0233,3328,7fff,02bd,0000,02bd,006c,023d,020c,0238,0219,
[vu:xgkick-step] sample=2 cycle=731233 pc=0x11c8 lower=0x520a47e8 upper=0x01ea3de9 vi=0000,0000,0233,005d,7fff,0233,3328,7fff,02bd,0000,02bd,006c,023d,020c,0238,0219,
[vu:xgkick-step] sample=2 cycle=731234 pc=0x11d0 lower=0x03e8c7ff upper=0x01934a68 vi=0000,0000,0233,005d,7fff,0233,3328,7fff,02bd,0000,02bd,006c,023d,020c,0238,0219,
[vu:xgkick-step] sample=2 cycle=731235 pc=0x11d8 lower=0x400007c3 upper=0x000002ff vi=0000,0000,0233,005d,7fff,0233,3328,7fff,02bd,0000,02bd,006c,023d,020c,0238,0219,
[vu:xgkick-step] sample=2 cycle=731236 pc=0x11e0 lower=0x8000033c upper=0x000002ff vi=0000,0000,0233,005d,7fff,0233,3328,7fff,02bd,0000,02bd,006c,023d,020c,0238,0219,
[vu:xgkick-step] sample=2 cycle=731237 pc=0xff8 lower=0x800016fc upper=0x000002ff vi=0000,0000,0233,005d,7fff,0233,3328,7fff,02bd,0000,02bd,006c,023d,020c,0238,0219,
[vu:xgkick-step] sample=2 cycle=731238 pc=0x30 lower=0x40000003 upper=0x000002ff vi=0000,0000,0233,005d,7fff,0233,3328,7fff,02bd,0000,02bd,006c,023d,020c,0238,0219,
[vu:xgkick-step] sample=2 cycle=731239 pc=0x38 lower=0x8000033c upper=0x000002ff vi=0000,0000,0233,005d,7fff,0233,3328,7fff,02bd,0000,02bd,006c,023d,020c,0238,0219,
[vu:xgkick-step] sample=2 cycle=731240 pc=0x50 lower=0x1008006c upper=0x000002ff vi=0000,0000,0233,005d,7fff,0233,3328,7fff,02bd,0000,02bd,006c,023d,020c,0238,0219,
[vu:xgkick-step] sample=2 cycle=731241 pc=0x58 lower=0x800046fc upper=0x000002ff vi=0000,0000,0233,005d,7fff,0233,3328,7fff,006c,0000,02bd,006c,023d,020c,0238,0219,
[vu:xgkick-store] sample=2 phase=issue cycle=730904 pc=0x11d0 address=0x2ad0 mask=0xf words=7fffffff,80000000,7fffffff,ff89af10
[vu:xgkick-store] sample=2 phase=commit cycle=730905 pc=0x1110 address=0x2ad0 mask=0xf words=7fffffff,80000000,7fffffff,ff89af10
[vu:xgkick-store] sample=2 phase=issue cycle=730914 pc=0x1158 address=0x2ae0 mask=0xe words=bd180000,bf1cf000,489e5e13,3f800000
[vu:xgkick-store] sample=2 phase=commit cycle=730915 pc=0x1160 address=0x2ae0 mask=0xe words=bd180000,bf1cf000,489e5e13,3f800000
[vu:xgkick-store] sample=2 phase=issue cycle=730921 pc=0x1190 address=0x2af0 mask=0xf words=ffffec8e,000000ff,ffffec8e,00000080
[vu:xgkick-store] sample=2 phase=commit cycle=730922 pc=0x1948 address=0x2af0 mask=0xf words=ffffec8e,000000ff,ffffec8e,00000080
[vu:xgkick-store] sample=2 phase=issue cycle=730970 pc=0x11d0 address=0x2b00 mask=0xf words=7fffffff,80000000,7fffffff,ff89af10
[vu:xgkick-store] sample=2 phase=commit cycle=730971 pc=0x1110 address=0x2b00 mask=0xf words=7fffffff,80000000,7fffffff,ff89af10
[vu:xgkick-store] sample=2 phase=issue cycle=730980 pc=0x1158 address=0x2b10 mask=0xe words=bd140000,bf145000,489e5e13,3f800000
[vu:xgkick-store] sample=2 phase=commit cycle=730981 pc=0x1160 address=0x2b10 mask=0xe words=bd140000,bf145000,489e5e13,3f800000
[vu:xgkick-store] sample=2 phase=issue cycle=730987 pc=0x1190 address=0x2b20 mask=0xf words=ffffc37d,000000ff,ffffbcbe,00000080
[vu:xgkick-store] sample=2 phase=commit cycle=730988 pc=0x1948 address=0x2b20 mask=0xf words=ffffc37d,000000ff,ffffbcbe,00000080
[vu:xgkick-store] sample=2 phase=issue cycle=731036 pc=0x11d0 address=0x2b30 mask=0xf words=7fffffff,80000000,7fffffff,ff89af10
[vu:xgkick-store] sample=2 phase=commit cycle=731037 pc=0x1110 address=0x2b30 mask=0xf words=7fffffff,80000000,7fffffff,ff89af10
[vu:xgkick-store] sample=2 phase=issue cycle=731046 pc=0x1158 address=0x2b40 mask=0xe words=bd888000,bf1c6000,489e5e13,3f800000
[vu:xgkick-store] sample=2 phase=commit cycle=731047 pc=0x1160 address=0x2b40 mask=0xe words=bd888000,bf1c6000,489e5e13,3f800000
[vu:xgkick-store] sample=2 phase=issue cycle=731053 pc=0x1190 address=0x2b50 mask=0xf words=ffffb32b,000000ff,ffffb32b,00000080
[vu:xgkick-store] sample=2 phase=commit cycle=731054 pc=0x1948 address=0x2b50 mask=0xf words=ffffb32b,000000ff,ffffb32b,00000080
[vu:xgkick-store] sample=2 phase=issue cycle=731102 pc=0x11d0 address=0x2b60 mask=0xf words=7fffffff,80000000,7fffffff,ff89af10
[vu:xgkick-store] sample=2 phase=commit cycle=731103 pc=0x1110 address=0x2b60 mask=0xf words=7fffffff,80000000,7fffffff,ff89af10
[vu:xgkick-store] sample=2 phase=issue cycle=731112 pc=0x1158 address=0x2b70 mask=0xe words=bd828000,bf167000,489e5e13,3f800000
[vu:xgkick-store] sample=2 phase=commit cycle=731113 pc=0x1160 address=0x2b70 mask=0xe words=bd828000,bf167000,489e5e13,3f800000
[vu:xgkick-store] sample=2 phase=issue cycle=731119 pc=0x1190 address=0x2b80 mask=0xf words=ffff6d1e,000000ff,ffff4859,00000080
[vu:xgkick-store] sample=2 phase=commit cycle=731120 pc=0x1948 address=0x2b80 mask=0xf words=ffff6d1e,000000ff,ffff4859,00000080
[vu:xgkick-store] sample=2 phase=issue cycle=731168 pc=0x11d0 address=0x2b90 mask=0xf words=7fffffff,80000000,7fffffff,ff89af10
[vu:xgkick-store] sample=2 phase=commit cycle=731169 pc=0x1110 address=0x2b90 mask=0xf words=7fffffff,80000000,7fffffff,ff89af10
[vu:xgkick-store] sample=2 phase=issue cycle=731178 pc=0x1158 address=0x2ba0 mask=0xe words=bdbe8000,bf16c000,489e5e13,3f800000
[vu:xgkick-store] sample=2 phase=commit cycle=731179 pc=0x1160 address=0x2ba0 mask=0xe words=bdbe8000,bf16c000,489e5e13,3f800000
[vu:xgkick-store] sample=2 phase=issue cycle=731185 pc=0x1190 address=0x2bb0 mask=0xf words=ffff4670,000000ff,ffff1800,00000080
[vu:xgkick-store] sample=2 phase=commit cycle=731186 pc=0x1948 address=0x2bb0 mask=0xf words=ffff4670,000000ff,ffff1800,00000080
[vu:xgkick-store] sample=2 phase=issue cycle=731234 pc=0x11d0 address=0x2bc0 mask=0xf words=7fffffff,80000000,7fffffff,ff89af10
[vu:xgkick-store] sample=2 phase=commit cycle=731235 pc=0x11d8 address=0x2bc0 mask=0xf words=7fffffff,80000000,7fffffff,ff89af10
[VU1 reserved lower] cycle=731242 pc=0x60 instruction=0xfffffffb
[vu:xgkick-error] sample=28 reason=tag-limit cycle=737254 pc=0x1000 source_qw=563 tag_offset=0 copied=16 tag_lo=0x0000990300005e5b tag_hi=0x0000000000000000 nloop=24155 format=0 nreg=0 requested=6183696 limit=65536
[VU1 reserved lower] cycle=737254 pc=0x1000 instruction=0xfffffffb
[vu:xgkick-error] sample=29 reason=tag-limit cycle=737322 pc=0x60 source_qw=108 tag_offset=0 copied=16 tag_lo=0x43aa148fc3996ea7 tag_hi=0x00000000c3996ea7 nloop=28327 format=0 nreg=4 requested=1812944 limit=65536
[vu:xgkick-history] sample=1 source_qw=108 steps=64 stores=16
[vu:xgkick-step] sample=1 cycle=737254 pc=0x1050 lower=0x420f0151 upper=0x000002ff vi=0000,0000,0233,003b,7fff,0233,6a9f,7fff,02b7,00a4,02b7,0061,023d,020c,0238,0219,
[vu:xgkick-step] sample=1 cycle=737255 pc=0x1058 lower=0x100d020c upper=0x000002ff vi=0000,0000,0233,003b,7fff,0233,6a9f,7fff,02b7,00a4,02b7,0061,023d,020c,0238,020c,
[vu:xgkick-step] sample=1 cycle=737256 pc=0x1ae0 lower=0x01f10000 upper=0x000002ff vi=0000,0000,0233,003b,7fff,0233,6a9f,7fff,02b7,00a4,02b7,0061,023d,020c,0238,020c,
[vu:xgkick-step] sample=1 cycle=737257 pc=0x1ae8 lower=0x01e90009 upper=0x000002ff vi=0000,0000,0233,003b,7fff,0233,6a9f,7fff,02b7,00a4,02b7,0061,023d,020c,0238,020c,
[vu:xgkick-step] sample=1 cycle=737258 pc=0x1af0 lower=0x01ea000a upper=0x000002ff vi=0000,0000,0233,003b,7fff,0233,6a9f,7fff,02b7,00a4,02b7,0061,023d,020c,0238,020c,
[vu:xgkick-step] sample=1 cycle=737259 pc=0x1af8 lower=0x01eb000b upper=0x000002ff vi=0000,0000,0233,003b,7fff,0233,6a9f,7fff,02b7,00a4,02b7,0061,023d,020c,0238,020c,
[vu:xgkick-step] sample=1 cycle=737260 pc=0x1b00 lower=0x01ec000c upper=0x000002ff vi=0000,0000,0233,003b,7fff,0233,6a9f,7fff,02b7,00a4,02b7,0061,023d,020c,0238,020c,
[vu:xgkick-step] sample=1 cycle=737261 pc=0x1b08 lower=0x01f20001 upper=0x01f149bc vi=0000,0000,0233,003b,7fff,0233,6a9f,7fff,02b7,00a4,02b7,0061,023d,020c,0238,020c,
[vu:xgkick-step] sample=1 cycle=737262 pc=0x1b10 lower=0x01f30002 upper=0x01f150bd vi=0000,0000,0233,003b,7fff,0233,6a9f,7fff,02b7,00a4,02b7,0061,023d,020c,0238,020c,
[vu:xgkick-step] sample=1 cycle=737263 pc=0x1b18 lower=0x01f40003 upper=0x01f158be vi=0000,0000,0233,003b,7fff,0233,6a9f,7fff,02b7,00a4,02b7,0061,023d,020c,0238,020c,
[vu:xgkick-step] sample=1 cycle=737264 pc=0x1b20 lower=0x01f9000d upper=0x01f1604b vi=0000,0000,0233,003b,7fff,0233,6a9f,7fff,02b7,00a4,02b7,0061,023d,020c,0238,020c,
[vu:xgkick-step] sample=1 cycle=737265 pc=0x1b28 lower=0x01fa000e upper=0x01f249bc vi=0000,0000,0233,003b,7fff,0233,6a9f,7fff,02b7,00a4,02b7,0061,023d,020c,0238,020c,
[vu:xgkick-step] sample=1 cycle=737266 pc=0x1b30 lower=0x01fb000f upper=0x01f250bd vi=0000,0000,0233,003b,7fff,0233,6a9f,7fff,02b7,00a4,02b7,0061,023d,020c,0238,020c,
[vu:xgkick-step] sample=1 cycle=737267 pc=0x1b38 lower=0x01fc0010 upper=0x01f258be vi=0000,0000,0233,003b,7fff,0233,6a9f,7fff,02b7,00a4,02b7,0061,023d,020c,0238,020c,
[vu:xgkick-step] sample=1 cycle=737268 pc=0x1b40 lower=0x8000033c upper=0x01f2608b vi=0000,0000,0233,003b,7fff,0233,6a9f,7fff,02b7,00a4,02b7,0061,023d,020c,0238,020c,
[vu:xgkick-step] sample=1 cycle=737269 pc=0x1b48 lower=0x11e407ff upper=0x01f349bc vi=0000,0000,0233,003b,7fff,0233,6a9f,7fff,02b7,00a4,02b7,0061,023d,020c,0238,020c,
[vu:xgkick-step] sample=1 cycle=737270 pc=0x1b50 lower=0x8000033c upper=0x01f350bd vi=0000,0000,0233,003b,7fff,0233,6a9f,7fff,02b7,00a4,02b7,0061,023d,020c,0238,020c,
[vu:xgkick-step] sample=1 cycle=737271 pc=0x1b58 lower=0x8000033c upper=0x01f358be vi=0000,0000,0233,003b,7fff,0233,6a9f,7fff,02b7,00a4,02b7,0061,023d,020c,0238,020c,
[vu:xgkick-step] sample=1 cycle=737272 pc=0x1b60 lower=0x8000033c upper=0x01f360cb vi=0000,0000,0233,003b,7fff,0233,6a9f,7fff,02b7,00a4,02b7,0061,023d,020c,0238,020c,
[vu:xgkick-step] sample=1 cycle=737273 pc=0x1b68 lower=0x8000033c upper=0x01f449bc vi=0000,0000,0233,003b,7fff,0233,6a9f,7fff,02b7,00a4,02b7,0061,023d,020c,0238,020c,
[vu:xgkick-step] sample=1 cycle=737274 pc=0x1b70 lower=0x01e90016 upper=0x01f450bd vi=0000,0000,0233,003b,7fff,0233,6a9f,7fff,02b7,00a4,02b7,0061,023d,020c,0238,020c,
[vu:xgkick-step] sample=1 cycle=737275 pc=0x1b78 lower=0x01ea0017 upper=0x01f458be vi=0000,0000,0233,003b,7fff,0233,6a9f,7fff,02b7,00a4,02b7,0061,023d,020c,0238,020c,
[vu:xgkick-step] sample=1 cycle=737276 pc=0x1b80 lower=0x01eb0018 upper=0x01f4610b vi=0000,0000,0233,003b,7fff,0233,6a9f,7fff,02b7,00a4,02b7,0061,023d,020c,0238,020c,
[vu:xgkick-step] sample=1 cycle=737277 pc=0x1b88 lower=0x01ec0019 upper=0x000002ff vi=0000,0000,0233,003b,7fff,0233,6a9f,7fff,02b7,00a4,02b7,0061,023d,020c,0238,020c,
[vu:xgkick-step] sample=1 cycle=737278 pc=0x1b90 lower=0x8000033c upper=0x01f149bc vi=0000,0000,0233,003b,7fff,0233,6a9f,7fff,02b7,00a4,02b7,0061,023d,020c,0238,020c,
[vu:xgkick-step] sample=1 cycle=737279 pc=0x1b98 lower=0x8000033c upper=0x01f150bd vi=0000,0000,0233,003b,7fff,0233,6a9f,7fff,02b7,00a4,02b7,0061,023d,020c,0238,020c,
[vu:xgkick-step] sample=1 cycle=737280 pc=0x1ba0 lower=0x8000033c upper=0x01f158be vi=0000,0000,0233,003b,7fff,0233,6a9f,7fff,02b7,00a4,02b7,0061,023d,020c,0238,020c,
[vu:xgkick-step] sample=1 cycle=737281 pc=0x1ba8 lower=0x8000033c upper=0x01f1634b vi=0000,0000,0233,003b,7fff,0233,6a9f,7fff,02b7,00a4,02b7,0061,023d,020c,0238,020c,
[vu:xgkick-step] sample=1 cycle=737282 pc=0x1bb0 lower=0x8000033c upper=0x01f249bc vi=0000,0000,0233,003b,7fff,0233,6a9f,7fff,02b7,00a4,02b7,0061,023d,020c,0238,020c,
[vu:xgkick-step] sample=1 cycle=737283 pc=0x1bb8 lower=0x8000033c upper=0x01f250bd vi=0000,0000,0233,003b,7fff,0233,6a9f,7fff,02b7,00a4,02b7,0061,023d,020c,0238,020c,
[vu:xgkick-step] sample=1 cycle=737284 pc=0x1bc0 lower=0x8000033c upper=0x01f258be vi=0000,0000,0233,003b,7fff,0233,6a9f,7fff,02b7,00a4,02b7,0061,023d,020c,0238,020c,
[vu:xgkick-step] sample=1 cycle=737285 pc=0x1bc8 lower=0x03e0681b upper=0x01f2638b vi=0000,0000,0233,003b,7fff,0233,6a9f,7fff,02b7,00a4,02b7,0061,023d,020c,0238,020c,
[vu:xgkick-step] sample=1 cycle=737286 pc=0x1bd0 lower=0x8000033c upper=0x01f349bc vi=0000,0000,0233,003b,7fff,0233,6a9f,7fff,02b7,00a4,02b7,0061,023d,020c,0238,020c,
[vu:xgkick-step] sample=1 cycle=737287 pc=0x1bd8 lower=0x8000033c upper=0x01f350bd vi=0000,0000,0233,003b,7fff,0233,6a9f,7fff,02b7,00a4,02b7,0061,023d,020c,0238,020c,
[vu:xgkick-step] sample=1 cycle=737288 pc=0x1be0 lower=0x8000033c upper=0x01f358be vi=0000,0000,0233,003b,7fff,0233,6a9f,7fff,02b7,00a4,02b7,0061,023d,020c,0238,020c,
[vu:xgkick-step] sample=1 cycle=737289 pc=0x1be8 lower=0x8000033c upper=0x01f363cb vi=0000,0000,0233,003b,7fff,0233,6a9f,7fff,02b7,00a4,02b7,0061,023d,020c,0238,020c,
[vu:xgkick-step] sample=1 cycle=737290 pc=0x1bf0 lower=0x03e0701c upper=0x01f449bc vi=0000,0000,0233,003b,7fff,0233,6a9f,7fff,02b7,00a4,02b7,0061,023d,020c,0238,020c,
[vu:xgkick-step] sample=1 cycle=737291 pc=0x1bf8 lower=0x8000033c upper=0x01f450bd vi=0000,0000,0233,003b,7fff,0233,6a9f,7fff,02b7,00a4,02b7,0061,023d,020c,0238,020c,
[vu:xgkick-step] sample=1 cycle=737292 pc=0x1c00 lower=0x8000033c upper=0x01f458be vi=0000,0000,0233,003b,7fff,0233,6a9f,7fff,02b7,00a4,02b7,0061,023d,020c,0238,020c,
[vu:xgkick-step] sample=1 cycle=737293 pc=0x1c08 lower=0x8000033c upper=0x01f4640b vi=0000,0000,0233,003b,7fff,0233,6a9f,7fff,02b7,00a4,02b7,0061,023d,020c,0238,020c,
[vu:xgkick-step] sample=1 cycle=737294 pc=0x1c10 lower=0x03e0781d upper=0x01f1c9bc vi=0000,0000,0233,003b,7fff,0233,6a9f,7fff,02b7,00a4,02b7,0061,023d,020c,0238,020c,
[vu:xgkick-step] sample=1 cycle=737295 pc=0x1c18 lower=0x8000033c upper=0x01f1d0bd vi=0000,0000,0233,003b,7fff,0233,6a9f,7fff,02b7,00a4,02b7,0061,023d,020c,0238,020c,
[vu:xgkick-step] sample=1 cycle=737296 pc=0x1c20 lower=0x8000033c upper=0x01f1d8be vi=0000,0000,0233,003b,7fff,0233,6a9f,7fff,02b7,00a4,02b7,0061,023d,020c,0238,020c,
[vu:xgkick-step] sample=1 cycle=737297 pc=0x1c28 lower=0x03e0801e upper=0x01f1e34b vi=0000,0000,0233,003b,7fff,0233,6a9f,7fff,02b7,00a4,02b7,0061,023d,020c,0238,020c,
[vu:xgkick-step] sample=1 cycle=737298 pc=0x1c30 lower=0x8000033c upper=0x01f2c9bc vi=0000,0000,0233,003b,7fff,0233,6a9f,7fff,02b7,00a4,02b7,0061,023d,020c,0238,020c,
[vu:xgkick-step] sample=1 cycle=737299 pc=0x1c38 lower=0x3c000000 upper=0x81f2d0bd vi=0000,0000,0233,003b,7fff,0233,6a9f,7fff,02b7,00a4,02b7,0061,023d,020c,0238,020c,
[vu:xgkick-step] sample=1 cycle=737300 pc=0x1c40 lower=0x01e50015 upper=0x01f2d8be vi=0000,0000,0233,003b,7fff,0233,6a9f,7fff,02b7,00a4,02b7,0061,023d,020c,0238,020c,
[vu:xgkick-step] sample=1 cycle=737301 pc=0x1c48 lower=0x03e068b0 upper=0x01f2e38b vi=0000,0000,0233,003b,7fff,0233,6a9f,7fff,02b7,00a4,02b7,0061,023d,020c,0238,020c,
[vu:xgkick-step] sample=1 cycle=737302 pc=0x1c50 lower=0x01e60004 upper=0x01f3c9bc vi=0000,0000,0233,003b,7fff,0233,6a9f,7fff,02b7,00a4,02b7,0061,023d,020c,0238,020c,
[vu:xgkick-step] sample=1 cycle=737303 pc=0x1c58 lower=0x01ff0005 upper=0x01f3d0bd vi=0000,0000,0233,003b,7fff,0233,6a9f,7fff,02b7,00a4,02b7,0061,023d,020c,0238,020c,
[vu:xgkick-step] sample=1 cycle=737304 pc=0x1c60 lower=0x01eb0014 upper=0x01f3d8be vi=0000,0000,0233,003b,7fff,0233,6a9f,7fff,02b7,00a4,02b7,0061,023d,020c,0238,020c,
[vu:xgkick-step] sample=1 cycle=737305 pc=0x1c68 lower=0x03e070b1 upper=0x01f3e3cb vi=0000,0000,0233,003b,7fff,0233,6a9f,7fff,02b7,00a4,02b7,0061,023d,020c,0238,020c,
[vu:xgkick-step] sample=1 cycle=737306 pc=0x1c70 lower=0x01f20015 upper=0x01f4c9bc vi=0000,0000,0233,003b,7fff,0233,6a9f,7fff,02b7,00a4,02b7,0061,023d,020c,0238,020c,
[vu:xgkick-step] sample=1 cycle=737307 pc=0x1c78 lower=0x01f30004 upper=0x01f4d0bd vi=0000,0000,0233,003b,7fff,0233,6a9f,7fff,02b7,00a4,02b7,0061,023d,020c,0238,020c,
[vu:xgkick-step] sample=1 cycle=737308 pc=0x1c80 lower=0x8000033c upper=0x01f4d8be vi=0000,0000,0233,003b,7fff,0233,6a9f,7fff,02b7,00a4,02b7,0061,023d,020c,0238,020c,
[vu:xgkick-step] sample=1 cycle=737309 pc=0x1c88 lower=0x03e078b2 upper=0x01f4e40b vi=0000,0000,0233,003b,7fff,0233,6a9f,7fff,02b7,00a4,02b7,0061,023d,020c,0238,020c,
[vu:xgkick-step] sample=1 cycle=737311 pc=0x1c90 lower=0x10020238 upper=0x0053085a vi=0000,0000,0233,003b,7fff,0233,6a9f,7fff,02b7,00a4,02b7,0061,023d,020c,0238,020c,
[vu:xgkick-step] sample=1 cycle=737312 pc=0x1c98 lower=0x100e0238 upper=0x0053109a vi=0000,0000,0238,003b,7fff,0233,6a9f,7fff,02b7,00a4,02b7,0061,023d,020c,0238,020c,
[vu:xgkick-step] sample=1 cycle=737313 pc=0x1ca0 lower=0x01ed03e4 upper=0x405318da vi=0000,0000,0238,003b,7fff,0233,6a9f,7fff,02b7,00a4,02b7,0061,023d,020c,0238,020c,
[vu:xgkick-step] sample=1 cycle=737314 pc=0x1ca8 lower=0x03e080b3 upper=0x0053211a vi=0000,0000,0238,003b,7fff,0233,6a9f,7fff,02b7,00a4,02b7,0061,023d,020c,0238,020c,
[vu:xgkick-step] sample=1 cycle=737318 pc=0x30 lower=0x40000003 upper=0x000002ff vi=0000,0000,0238,003b,7fff,0233,6a9f,7fff,02b7,00a4,02b7,0061,023d,020c,0238,020c,
[vu:xgkick-step] sample=1 cycle=737319 pc=0x38 lower=0x8000033c upper=0x000002ff vi=0000,0000,0238,003b,7fff,0233,6a9f,7fff,02b7,00a4,02b7,0061,023d,020c,0238,020c,
[vu:xgkick-step] sample=1 cycle=737320 pc=0x50 lower=0x1008006c upper=0x000002ff vi=0000,0000,0238,003b,7fff,0233,6a9f,7fff,02b7,00a4,02b7,0061,023d,020c,0238,020c,
[vu:xgkick-step] sample=1 cycle=737321 pc=0x58 lower=0x800046fc upper=0x000002ff vi=0000,0000,0238,003b,7fff,0233,6a9f,7fff,006c,00a4,02b7,0061,023d,020c,0238,020c,
[vu:xgkick-store] sample=1 phase=issue cycle=737285 pc=0x1bc8 address=0x1b0 mask=0xf words=c4669464,445000cc,c4669464,00000000
[vu:xgkick-store] sample=1 phase=commit cycle=737286 pc=0x1bd0 address=0x1b0 mask=0xf words=c4669464,445000cc,c4669464,00000000
[vu:xgkick-store] sample=1 phase=issue cycle=737290 pc=0x1bf0 address=0x1c0 mask=0xf words=bcd2f5c4,bcd2fa55,bcd2f5c4,00000000
[vu:xgkick-store] sample=1 phase=commit cycle=737291 pc=0x1bf8 address=0x1c0 mask=0xf words=bcd2f5c4,bcd2fa55,bcd2f5c4,00000000
[vu:xgkick-store] sample=1 phase=issue cycle=737294 pc=0x1c10 address=0x1d0 mask=0xf words=c3996cef,c3997041,c3996cef,00000000
[vu:xgkick-store] sample=1 phase=commit cycle=737295 pc=0x1c18 address=0x1d0 mask=0xf words=c3996cef,c3997041,c3996cef,00000000
[vu:xgkick-store] sample=1 phase=issue cycle=737297 pc=0x1c28 address=0x1e0 mask=0xf words=c425a644,43bab24d,c425a644,00000000
[vu:xgkick-store] sample=1 phase=commit cycle=737298 pc=0x1c30 address=0x1e0 mask=0xf words=c425a644,43bab24d,c425a644,00000000
[vu:xgkick-store] sample=1 phase=issue cycle=737301 pc=0x1c48 address=0xb00 mask=0xf words=c4669464,445000cc,c4669464,00000000
[vu:xgkick-store] sample=1 phase=commit cycle=737302 pc=0x1c50 address=0xb00 mask=0xf words=c4669464,445000cc,c4669464,00000000
[vu:xgkick-store] sample=1 phase=issue cycle=737305 pc=0x1c68 address=0xb10 mask=0xf words=bcd2f5c4,bcd2fa55,bcd2f5c4,00000000
[vu:xgkick-store] sample=1 phase=commit cycle=737306 pc=0x1c70 address=0xb10 mask=0xf words=bcd2f5c4,bcd2fa55,bcd2f5c4,00000000
[vu:xgkick-store] sample=1 phase=issue cycle=737309 pc=0x1c88 address=0xb20 mask=0xf words=c3996cef,c3997041,c3996cef,00000000
[vu:xgkick-store] sample=1 phase=commit cycle=737310 pc=0x1c90 address=0xb20 mask=0xf words=c3996cef,c3997041,c3996cef,00000000
[vu:xgkick-store] sample=1 phase=issue cycle=737314 pc=0x1ca8 address=0xb30 mask=0xf words=c425a644,43bab24d,c425a644,00000000
[vu:xgkick-store] sample=1 phase=commit cycle=737315 pc=0x1cb0 address=0xb30 mask=0xf words=c425a644,43bab24d,c425a644,00000000
[VU1 reserved lower] cycle=737322 pc=0x60 instruction=0xfffffffb
[vu:xgkick-error] sample=30 reason=tag-limit cycle=740284 pc=0x1000 source_qw=563 tag_offset=0 copied=16 tag_lo=0x0000990300005e5b tag_hi=0x0000000000000000 nloop=24155 format=0 nreg=0 requested=6183696 limit=65536
[VU1 reserved lower] cycle=740284 pc=0x1000 instruction=0xfffffffb
[vu:xgkick-error] sample=31 reason=tag-limit cycle=740352 pc=0x60 source_qw=108 tag_offset=0 copied=16 tag_lo=0x43aa148fc3996ea7 tag_hi=0x00000000c3996ea7 nloop=28327 format=0 nreg=4 requested=1812944 limit=65536
[vu:xgkick-history] sample=1 source_qw=108 steps=64 stores=16
[vu:xgkick-step] sample=1 cycle=740284 pc=0x1050 lower=0x420f0151 upper=0x000002ff vi=0000,0001,0233,001b,7fff,0233,6a9f,7fff,02b1,0039,02b1,000e,023d,020c,0238,0219,
[vu:xgkick-step] sample=1 cycle=740285 pc=0x1058 lower=0x100d020c upper=0x000002ff vi=0000,0001,0233,001b,7fff,0233,6a9f,7fff,02b1,0039,02b1,000e,023d,020c,0238,020c,
[vu:xgkick-step] sample=1 cycle=740286 pc=0x1ae0 lower=0x01f10000 upper=0x000002ff vi=0000,0001,0233,001b,7fff,0233,6a9f,7fff,02b1,0039,02b1,000e,023d,020c,0238,020c,
[vu:xgkick-step] sample=1 cycle=740287 pc=0x1ae8 lower=0x01e90009 upper=0x000002ff vi=0000,0001,0233,001b,7fff,0233,6a9f,7fff,02b1,0039,02b1,000e,023d,020c,0238,020c,
[vu:xgkick-step] sample=1 cycle=740288 pc=0x1af0 lower=0x01ea000a upper=0x000002ff vi=0000,0001,0233,001b,7fff,0233,6a9f,7fff,02b1,0039,02b1,000e,023d,020c,0238,020c,
[vu:xgkick-step] sample=1 cycle=740289 pc=0x1af8 lower=0x01eb000b upper=0x000002ff vi=0000,0001,0233,001b,7fff,0233,6a9f,7fff,02b1,0039,02b1,000e,023d,020c,0238,020c,
[vu:xgkick-step] sample=1 cycle=740290 pc=0x1b00 lower=0x01ec000c upper=0x000002ff vi=0000,0001,0233,001b,7fff,0233,6a9f,7fff,02b1,0039,02b1,000e,023d,020c,0238,020c,
[vu:xgkick-step] sample=1 cycle=740291 pc=0x1b08 lower=0x01f20001 upper=0x01f149bc vi=0000,0001,0233,001b,7fff,0233,6a9f,7fff,02b1,0039,02b1,000e,023d,020c,0238,020c,
[vu:xgkick-step] sample=1 cycle=740292 pc=0x1b10 lower=0x01f30002 upper=0x01f150bd vi=0000,0001,0233,001b,7fff,0233,6a9f,7fff,02b1,0039,02b1,000e,023d,020c,0238,020c,
[vu:xgkick-step] sample=1 cycle=740293 pc=0x1b18 lower=0x01f40003 upper=0x01f158be vi=0000,0001,0233,001b,7fff,0233,6a9f,7fff,02b1,0039,02b1,000e,023d,020c,0238,020c,
[vu:xgkick-step] sample=1 cycle=740294 pc=0x1b20 lower=0x01f9000d upper=0x01f1604b vi=0000,0001,0233,001b,7fff,0233,6a9f,7fff,02b1,0039,02b1,000e,023d,020c,0238,020c,
[vu:xgkick-step] sample=1 cycle=740295 pc=0x1b28 lower=0x01fa000e upper=0x01f249bc vi=0000,0001,0233,001b,7fff,0233,6a9f,7fff,02b1,0039,02b1,000e,023d,020c,0238,020c,
[vu:xgkick-step] sample=1 cycle=740296 pc=0x1b30 lower=0x01fb000f upper=0x01f250bd vi=0000,0001,0233,001b,7fff,0233,6a9f,7fff,02b1,0039,02b1,000e,023d,020c,0238,020c,
[vu:xgkick-step] sample=1 cycle=740297 pc=0x1b38 lower=0x01fc0010 upper=0x01f258be vi=0000,0001,0233,001b,7fff,0233,6a9f,7fff,02b1,0039,02b1,000e,023d,020c,0238,020c,
[vu:xgkick-step] sample=1 cycle=740298 pc=0x1b40 lower=0x8000033c upper=0x01f2608b vi=0000,0001,0233,001b,7fff,0233,6a9f,7fff,02b1,0039,02b1,000e,023d,020c,0238,020c,
[vu:xgkick-step] sample=1 cycle=740299 pc=0x1b48 lower=0x11e407ff upper=0x01f349bc vi=0000,0001,0233,001b,7fff,0233,6a9f,7fff,02b1,0039,02b1,000e,023d,020c,0238,020c,
[vu:xgkick-step] sample=1 cycle=740300 pc=0x1b50 lower=0x8000033c upper=0x01f350bd vi=0000,0001,0233,001b,7fff,0233,6a9f,7fff,02b1,0039,02b1,000e,023d,020c,0238,020c,
[vu:xgkick-step] sample=1 cycle=740301 pc=0x1b58 lower=0x8000033c upper=0x01f358be vi=0000,0001,0233,001b,7fff,0233,6a9f,7fff,02b1,0039,02b1,000e,023d,020c,0238,020c,
[vu:xgkick-step] sample=1 cycle=740302 pc=0x1b60 lower=0x8000033c upper=0x01f360cb vi=0000,0001,0233,001b,7fff,0233,6a9f,7fff,02b1,0039,02b1,000e,023d,020c,0238,020c,
[vu:xgkick-step] sample=1 cycle=740303 pc=0x1b68 lower=0x8000033c upper=0x01f449bc vi=0000,0001,0233,001b,7fff,0233,6a9f,7fff,02b1,0039,02b1,000e,023d,020c,0238,020c,
[vu:xgkick-step] sample=1 cycle=740304 pc=0x1b70 lower=0x01e90016 upper=0x01f450bd vi=0000,0001,0233,001b,7fff,0233,6a9f,7fff,02b1,0039,02b1,000e,023d,020c,0238,020c,
[vu:xgkick-step] sample=1 cycle=740305 pc=0x1b78 lower=0x01ea0017 upper=0x01f458be vi=0000,0001,0233,001b,7fff,0233,6a9f,7fff,02b1,0039,02b1,000e,023d,020c,0238,020c,
[vu:xgkick-step] sample=1 cycle=740306 pc=0x1b80 lower=0x01eb0018 upper=0x01f4610b vi=0000,0001,0233,001b,7fff,0233,6a9f,7fff,02b1,0039,02b1,000e,023d,020c,0238,020c,
[vu:xgkick-step] sample=1 cycle=740307 pc=0x1b88 lower=0x01ec0019 upper=0x000002ff vi=0000,0001,0233,001b,7fff,0233,6a9f,7fff,02b1,0039,02b1,000e,023d,020c,0238,020c,
[vu:xgkick-step] sample=1 cycle=740308 pc=0x1b90 lower=0x8000033c upper=0x01f149bc vi=0000,0001,0233,001b,7fff,0233,6a9f,7fff,02b1,0039,02b1,000e,023d,020c,0238,020c,
[vu:xgkick-step] sample=1 cycle=740309 pc=0x1b98 lower=0x8000033c upper=0x01f150bd vi=0000,0001,0233,001b,7fff,0233,6a9f,7fff,02b1,0039,02b1,000e,023d,020c,0238,020c,
[vu:xgkick-step] sample=1 cycle=740310 pc=0x1ba0 lower=0x8000033c upper=0x01f158be vi=0000,0001,0233,001b,7fff,0233,6a9f,7fff,02b1,0039,02b1,000e,023d,020c,0238,020c,
[vu:xgkick-step] sample=1 cycle=740311 pc=0x1ba8 lower=0x8000033c upper=0x01f1634b vi=0000,0001,0233,001b,7fff,0233,6a9f,7fff,02b1,0039,02b1,000e,023d,020c,0238,020c,
[vu:xgkick-step] sample=1 cycle=740312 pc=0x1bb0 lower=0x8000033c upper=0x01f249bc vi=0000,0001,0233,001b,7fff,0233,6a9f,7fff,02b1,0039,02b1,000e,023d,020c,0238,020c,
[vu:xgkick-step] sample=1 cycle=740313 pc=0x1bb8 lower=0x8000033c upper=0x01f250bd vi=0000,0001,0233,001b,7fff,0233,6a9f,7fff,02b1,0039,02b1,000e,023d,020c,0238,020c,
[vu:xgkick-step] sample=1 cycle=740314 pc=0x1bc0 lower=0x8000033c upper=0x01f258be vi=0000,0001,0233,001b,7fff,0233,6a9f,7fff,02b1,0039,02b1,000e,023d,020c,0238,020c,
[vu:xgkick-step] sample=1 cycle=740315 pc=0x1bc8 lower=0x03e0681b upper=0x01f2638b vi=0000,0001,0233,001b,7fff,0233,6a9f,7fff,02b1,0039,02b1,000e,023d,020c,0238,020c,
[vu:xgkick-step] sample=1 cycle=740316 pc=0x1bd0 lower=0x8000033c upper=0x01f349bc vi=0000,0001,0233,001b,7fff,0233,6a9f,7fff,02b1,0039,02b1,000e,023d,020c,0238,020c,
[vu:xgkick-step] sample=1 cycle=740317 pc=0x1bd8 lower=0x8000033c upper=0x01f350bd vi=0000,0001,0233,001b,7fff,0233,6a9f,7fff,02b1,0039,02b1,000e,023d,020c,0238,020c,
[vu:xgkick-step] sample=1 cycle=740318 pc=0x1be0 lower=0x8000033c upper=0x01f358be vi=0000,0001,0233,001b,7fff,0233,6a9f,7fff,02b1,0039,02b1,000e,023d,020c,0238,020c,
[vu:xgkick-step] sample=1 cycle=740319 pc=0x1be8 lower=0x8000033c upper=0x01f363cb vi=0000,0001,0233,001b,7fff,0233,6a9f,7fff,02b1,0039,02b1,000e,023d,020c,0238,020c,
[vu:xgkick-step] sample=1 cycle=740320 pc=0x1bf0 lower=0x03e0701c upper=0x01f449bc vi=0000,0001,0233,001b,7fff,0233,6a9f,7fff,02b1,0039,02b1,000e,023d,020c,0238,020c,
[vu:xgkick-step] sample=1 cycle=740321 pc=0x1bf8 lower=0x8000033c upper=0x01f450bd vi=0000,0001,0233,001b,7fff,0233,6a9f,7fff,02b1,0039,02b1,000e,023d,020c,0238,020c,
[vu:xgkick-step] sample=1 cycle=740322 pc=0x1c00 lower=0x8000033c upper=0x01f458be vi=0000,0001,0233,001b,7fff,0233,6a9f,7fff,02b1,0039,02b1,000e,023d,020c,0238,020c,
[vu:xgkick-step] sample=1 cycle=740323 pc=0x1c08 lower=0x8000033c upper=0x01f4640b vi=0000,0001,0233,001b,7fff,0233,6a9f,7fff,02b1,0039,02b1,000e,023d,020c,0238,020c,
[vu:xgkick-step] sample=1 cycle=740324 pc=0x1c10 lower=0x03e0781d upper=0x01f1c9bc vi=0000,0001,0233,001b,7fff,0233,6a9f,7fff,02b1,0039,02b1,000e,023d,020c,0238,020c,
[vu:xgkick-step] sample=1 cycle=740325 pc=0x1c18 lower=0x8000033c upper=0x01f1d0bd vi=0000,0001,0233,001b,7fff,0233,6a9f,7fff,02b1,0039,02b1,000e,023d,020c,0238,020c,
[vu:xgkick-step] sample=1 cycle=740326 pc=0x1c20 lower=0x8000033c upper=0x01f1d8be vi=0000,0001,0233,001b,7fff,0233,6a9f,7fff,02b1,0039,02b1,000e,023d,020c,0238,020c,
[vu:xgkick-step] sample=1 cycle=740327 pc=0x1c28 lower=0x03e0801e upper=0x01f1e34b vi=0000,0001,0233,001b,7fff,0233,6a9f,7fff,02b1,0039,02b1,000e,023d,020c,0238,020c,
[vu:xgkick-step] sample=1 cycle=740328 pc=0x1c30 lower=0x8000033c upper=0x01f2c9bc vi=0000,0001,0233,001b,7fff,0233,6a9f,7fff,02b1,0039,02b1,000e,023d,020c,0238,020c,
[vu:xgkick-step] sample=1 cycle=740329 pc=0x1c38 lower=0x3c000000 upper=0x81f2d0bd vi=0000,0001,0233,001b,7fff,0233,6a9f,7fff,02b1,0039,02b1,000e,023d,020c,0238,020c,
[vu:xgkick-step] sample=1 cycle=740330 pc=0x1c40 lower=0x01e50015 upper=0x01f2d8be vi=0000,0001,0233,001b,7fff,0233,6a9f,7fff,02b1,0039,02b1,000e,023d,020c,0238,020c,
[vu:xgkick-step] sample=1 cycle=740331 pc=0x1c48 lower=0x03e068b0 upper=0x01f2e38b vi=0000,0001,0233,001b,7fff,0233,6a9f,7fff,02b1,0039,02b1,000e,023d,020c,0238,020c,
[vu:xgkick-step] sample=1 cycle=740332 pc=0x1c50 lower=0x01e60004 upper=0x01f3c9bc vi=0000,0001,0233,001b,7fff,0233,6a9f,7fff,02b1,0039,02b1,000e,023d,020c,0238,020c,
[vu:xgkick-step] sample=1 cycle=740333 pc=0x1c58 lower=0x01ff0005 upper=0x01f3d0bd vi=0000,0001,0233,001b,7fff,0233,6a9f,7fff,02b1,0039,02b1,000e,023d,020c,0238,020c,
[vu:xgkick-step] sample=1 cycle=740334 pc=0x1c60 lower=0x01eb0014 upper=0x01f3d8be vi=0000,0001,0233,001b,7fff,0233,6a9f,7fff,02b1,0039,02b1,000e,023d,020c,0238,020c,
[vu:xgkick-step] sample=1 cycle=740335 pc=0x1c68 lower=0x03e070b1 upper=0x01f3e3cb vi=0000,0001,0233,001b,7fff,0233,6a9f,7fff,02b1,0039,02b1,000e,023d,020c,0238,020c,
[vu:xgkick-step] sample=1 cycle=740336 pc=0x1c70 lower=0x01f20015 upper=0x01f4c9bc vi=0000,0001,0233,001b,7fff,0233,6a9f,7fff,02b1,0039,02b1,000e,023d,020c,0238,020c,
[vu:xgkick-step] sample=1 cycle=740337 pc=0x1c78 lower=0x01f30004 upper=0x01f4d0bd vi=0000,0001,0233,001b,7fff,0233,6a9f,7fff,02b1,0039,02b1,000e,023d,020c,0238,020c,
[vu:xgkick-step] sample=1 cycle=740338 pc=0x1c80 lower=0x8000033c upper=0x01f4d8be vi=0000,0001,0233,001b,7fff,0233,6a9f,7fff,02b1,0039,02b1,000e,023d,020c,0238,020c,
[vu:xgkick-step] sample=1 cycle=740339 pc=0x1c88 lower=0x03e078b2 upper=0x01f4e40b vi=0000,0001,0233,001b,7fff,0233,6a9f,7fff,02b1,0039,02b1,000e,023d,020c,0238,020c,
[vu:xgkick-step] sample=1 cycle=740341 pc=0x1c90 lower=0x10020238 upper=0x0053085a vi=0000,0001,0233,001b,7fff,0233,6a9f,7fff,02b1,0039,02b1,000e,023d,020c,0238,020c,
[vu:xgkick-step] sample=1 cycle=740342 pc=0x1c98 lower=0x100e0238 upper=0x0053109a vi=0000,0001,0238,001b,7fff,0233,6a9f,7fff,02b1,0039,02b1,000e,023d,020c,0238,020c,
[vu:xgkick-step] sample=1 cycle=740343 pc=0x1ca0 lower=0x01ed03e4 upper=0x405318da vi=0000,0001,0238,001b,7fff,0233,6a9f,7fff,02b1,0039,02b1,000e,023d,020c,0238,020c,
[vu:xgkick-step] sample=1 cycle=740344 pc=0x1ca8 lower=0x03e080b3 upper=0x0053211a vi=0000,0001,0238,001b,7fff,0233,6a9f,7fff,02b1,0039,02b1,000e,023d,020c,0238,020c,
[vu:xgkick-step] sample=1 cycle=740348 pc=0x30 lower=0x40000003 upper=0x000002ff vi=0000,0001,0238,001b,7fff,0233,6a9f,7fff,02b1,0039,02b1,000e,023d,020c,0238,020c,
[vu:xgkick-step] sample=1 cycle=740349 pc=0x38 lower=0x8000033c upper=0x000002ff vi=0000,0001,0238,001b,7fff,0233,6a9f,7fff,02b1,0039,02b1,000e,023d,020c,0238,020c,
[vu:xgkick-step] sample=1 cycle=740350 pc=0x50 lower=0x1008006c upper=0x000002ff vi=0000,0001,0238,001b,7fff,0233,6a9f,7fff,02b1,0039,02b1,000e,023d,020c,0238,020c,
[vu:xgkick-step] sample=1 cycle=740351 pc=0x58 lower=0x800046fc upper=0x000002ff vi=0000,0001,0238,001b,7fff,0233,6a9f,7fff,006c,0039,02b1,000e,023d,020c,0238,020c,
[vu:xgkick-store] sample=1 phase=issue cycle=740315 pc=0x1bc8 address=0x1b0 mask=0xf words=c4669464,445000cc,c4669464,00000000
[vu:xgkick-store] sample=1 phase=commit cycle=740316 pc=0x1bd0 address=0x1b0 mask=0xf words=c4669464,445000cc,c4669464,00000000
[vu:xgkick-store] sample=1 phase=issue cycle=740320 pc=0x1bf0 address=0x1c0 mask=0xf words=bcd2f5c4,bcd2fa55,bcd2f5c4,00000000
[vu:xgkick-store] sample=1 phase=commit cycle=740321 pc=0x1bf8 address=0x1c0 mask=0xf words=bcd2f5c4,bcd2fa55,bcd2f5c4,00000000
[vu:xgkick-store] sample=1 phase=issue cycle=740324 pc=0x1c10 address=0x1d0 mask=0xf words=c3996cef,c3997041,c3996cef,00000000
[vu:xgkick-store] sample=1 phase=commit cycle=740325 pc=0x1c18 address=0x1d0 mask=0xf words=c3996cef,c3997041,c3996cef,00000000
[vu:xgkick-store] sample=1 phase=issue cycle=740327 pc=0x1c28 address=0x1e0 mask=0xf words=c425a644,43bab24d,c425a644,00000000
[vu:xgkick-store] sample=1 phase=commit cycle=740328 pc=0x1c30 address=0x1e0 mask=0xf words=c425a644,43bab24d,c425a644,00000000
[vu:xgkick-store] sample=1 phase=issue cycle=740331 pc=0x1c48 address=0xb00 mask=0xf words=c4669464,445000cc,c4669464,00000000
[vu:xgkick-store] sample=1 phase=commit cycle=740332 pc=0x1c50 address=0xb00 mask=0xf words=c4669464,445000cc,c4669464,00000000
[vu:xgkick-store] sample=1 phase=issue cycle=740335 pc=0x1c68 address=0xb10 mask=0xf words=bcd2f5c4,bcd2fa55,bcd2f5c4,00000000
[vu:xgkick-store] sample=1 phase=commit cycle=740336 pc=0x1c70 address=0xb10 mask=0xf words=bcd2f5c4,bcd2fa55,bcd2f5c4,00000000
[vu:xgkick-store] sample=1 phase=issue cycle=740339 pc=0x1c88 address=0xb20 mask=0xf words=c3996cef,c3997041,c3996cef,00000000
[vu:xgkick-store] sample=1 phase=commit cycle=740340 pc=0x1c90 address=0xb20 mask=0xf words=c3996cef,c3997041,c3996cef,00000000
[vu:xgkick-store] sample=1 phase=issue cycle=740344 pc=0x1ca8 address=0xb30 mask=0xf words=c425a644,43bab24d,c425a644,00000000
[vu:xgkick-store] sample=1 phase=commit cycle=740345 pc=0x1cb0 address=0xb30 mask=0xf words=c425a644,43bab24d,c425a644,00000000
[VU1 reserved lower] cycle=740352 pc=0x60 instruction=0xfffffffb
[vu:xgkick-error] sample=32 reason=tag-limit cycle=746358 pc=0x1000 source_qw=563 tag_offset=0 copied=16 tag_lo=0x0000990300005e5b tag_hi=0x0000000000000000 nloop=24155 format=0 nreg=0 requested=6183696 limit=65536
[VU1 reserved lower] cycle=746358 pc=0x1000 instruction=0xfffffffb
[VU1 reserved lower] cycle=746426 pc=0x60 instruction=0xfffffffb
[VU1 reserved lower] cycle=755500 pc=0x1000 instruction=0xfffffffb
[VU1 reserved lower] cycle=755504 pc=0x60 instruction=0xfffffffb
[VU1 reserved lower] cycle=761516 pc=0x1000 instruction=0xfffffffb
[VU1 reserved lower] cycle=761584 pc=0x60 instruction=0xfffffffb
[VU1 reserved lower] cycle=769258 pc=0x1000 instruction=0xfffffffb
[gs:sprite] xyoffset=1728,1936 rect=202,199,227,209 fbp=140 tbp=128 tex_psm=36 cbp=6805 cpsm=0 csm=0 csa=0 test=196749
[gs:sprite] xyoffset=1728,1936 rect=217,199,242,209 fbp=140 tbp=128 tex_psm=36 cbp=6805 cpsm=0 csm=0 csa=0 test=196749
[gs:sprite] xyoffset=1728,1936 rect=231,199,256,209 fbp=140 tbp=128 tex_psm=36 cbp=6805 cpsm=0 csm=0 csa=0 test=196749
[gs:sprite] xyoffset=1728,1936 rect=246,199,271,209 fbp=140 tbp=128 tex_psm=36 cbp=6805 cpsm=0 csm=0 csa=0 test=196749
[gs:sprite] xyoffset=1728,1936 rect=261,199,286,209 fbp=140 tbp=128 tex_psm=36 cbp=6805 cpsm=0 csm=0 csa=0 test=196749
[gs:sprite] xyoffset=1728,1936 rect=290,199,315,209 fbp=140 tbp=128 tex_psm=36 cbp=6805 cpsm=0 csm=0 csa=0 test=196749
[gs:sprite] xyoffset=1728,1936 rect=319,199,344,209 fbp=140 tbp=128 tex_psm=36 cbp=6805 cpsm=0 csm=0 csa=0 test=196749
[gs:sprite] xyoffset=1728,1936 rect=334,199,359,209 fbp=140 tbp=128 tex_psm=36 cbp=6805 cpsm=0 csm=0 csa=0 test=196749
[ps2xIOP] [IOP printf] snd_PlayVAGStreamByLoc: VAG Streaming not inited!

[gs:sprite] xyoffset=2016,2016 rect=6,38,17,49 fbp=510 tbp=64 tex_psm=27 cbp=6824 cpsm=0 csm=0 csa=0 test=208897
[gs:sprite] xyoffset=2016,2016 rect=9,8,21,21 fbp=508 tbp=0 tex_psm=27 cbp=6820 cpsm=0 csm=0 csa=0 test=208897
[ps2xIOP] [IOP printf] snd_PlayVAGStreamByLoc: VAG Streaming not inited!

[ps2xIOP] [IOP printf] snd_PlayVAGStreamByLoc: VAG Streaming not inited!

[gs:sprite] xyoffset=2016,2016 rect=43,43,51,52 fbp=510 tbp=0 tex_psm=27 cbp=6820 cpsm=0 csm=0 csa=0 test=208897
[gs:sprite] xyoffset=2016,2016 rect=46,45,56,55 fbp=510 tbp=64 tex_psm=27 cbp=6824 cpsm=0 csm=0 csa=0 test=208897
[gs:sprite] xyoffset=2016,2016 rect=51,10,66,24 fbp=508 tbp=64 tex_psm=27 cbp=6824 cpsm=0 csm=0 csa=0 test=208897
[gs:texel] tbp=64 tbw=1 psm=27 uv=54,29 raw=3 cbp=6824 csa=0
[ps2xIOP] [IOP printf] snd_PlayVAGStreamByLoc: VAG Streaming not inited!

[gs:sprite] xyoffset=2016,2016 rect=45,45,54,55 fbp=510 tbp=0 tex_psm=27 cbp=6820 cpsm=0 csm=0 csa=0 test=208897
[gs:sprite] xyoffset=2016,2016 rect=43,11,53,20 fbp=510 tbp=64 tex_psm=27 cbp=6824 cpsm=0 csm=0 csa=0 test=208897
[gs:sprite] xyoffset=2016,2016 rect=41,38,52,49 fbp=508 tbp=64 tex_psm=27 cbp=6824 cpsm=0 csm=0 csa=0 test=208897
[ps2xIOP] [IOP printf] snd_PlayVAGStreamByLoc: VAG Streaming not inited!

[gs:sprite] xyoffset=2016,2016 rect=2,45,15,59 fbp=510 tbp=0 tex_psm=27 cbp=6820 cpsm=0 csm=0 csa=0 test=208897
[gs:sprite] xyoffset=2016,2016 rect=11,43,20,51 fbp=508 tbp=0 tex_psm=27 cbp=6820 cpsm=0 csm=0 csa=0 test=208897
[gs:sprite] xyoffset=2016,2016 rect=43,43,52,52 fbp=508 tbp=64 tex_psm=27 cbp=6824 cpsm=0 csm=0 csa=0 test=208897
[ps2xIOP] [IOP printf] snd_PlayVAGStreamByLoc: VAG Streaming not inited!

[ps2xIOP] [IOP printf] snd_PlayVAGStreamByLoc: VAG Streaming not inited!

[gs:texel] tbp=7872 tbw=2 psm=19 uv=0,0 raw=0 cbp=7334 csa=0
[gs:sprite] xyoffset=2016,2016 rect=10,12,19,21 fbp=510 tbp=0 tex_psm=27 cbp=6820 cpsm=0 csm=0 csa=0 test=208897
[gs:sprite] xyoffset=2016,2016 rect=12,42,21,51 fbp=508 tbp=0 tex_psm=27 cbp=6820 cpsm=0 csm=0 csa=0 test=208897
[gs:sprite] xyoffset=2016,2016 rect=6,39,18,50 fbp=508 tbp=64 tex_psm=27 cbp=6824 cpsm=0 csm=0 csa=0 test=208897
[ps2xIOP] [IOP printf] snd_PlayVAGStreamByLoc: VAG Streaming not inited!

[gs:sprite] xyoffset=2016,2016 rect=2,10,14,23 fbp=510 tbp=0 tex_psm=27 cbp=6820 cpsm=0 csm=0 csa=0 test=208897
[gs:sprite] xyoffset=2016,2016 rect=14,42,28,56 fbp=508 tbp=0 tex_psm=27 cbp=6820 cpsm=0 csm=0 csa=0 test=208897
[gs:sprite] xyoffset=1728,1936 rect=105,47,107,49 fbp=70 tbp=7648 tex_psm=20 cbp=6819 cpsm=0 csm=0 csa=0 test=458765
[ps2xIOP] [IOP printf] snd_PlayVAGStreamByLoc: VAG Streaming not inited!

[gs:texel] tbp=8000 tbw=2 psm=19 uv=0,0 raw=0 cbp=7326 csa=0
[gs:sprite] xyoffset=2016,2016 rect=43,9,52,18 fbp=510 tbp=64 tex_psm=27 cbp=6824 cpsm=0 csm=0 csa=0 test=208897
[gs:sprite] xyoffset=2016,2016 rect=40,5,54,20 fbp=508 tbp=0 tex_psm=27 cbp=6820 cpsm=0 csm=0 csa=0 test=208897
[gs:sprite] xyoffset=1728,1936 rect=103,47,109,49 fbp=140 tbp=16320 tex_psm=0 cbp=0 cpsm=0 csm=0 csa=0 test=458765
[ps2xIOP] [IOP printf] snd_PlayVAGStreamByLoc: VAG Streaming not inited!

[ps2xIOP] [IOP printf] snd_PlayVAGStreamByLoc: VAG Streaming not inited!

[gs:sprite] xyoffset=2016,2016 rect=44,12,53,20 fbp=510 tbp=64 tex_psm=27 cbp=6824 cpsm=0 csm=0 csa=0 test=208897
[gs:sprite] xyoffset=2016,2016 rect=41,10,51,20 fbp=508 tbp=0 tex_psm=27 cbp=6820 cpsm=0 csm=0 csa=0 test=208897
[ps2xIOP] [IOP printf] snd_PlayVAGStreamByLoc: VAG Streaming not inited!

[gs:pipeline] host_tick=864 dma=2210 gif=1998 vif=10 display_fbp=70 source_fbp=70 width=640 height=224 preferred=0 ctx0_fbp=510 ctx1_fbp=140 transfer_total=0 transfer_copied=4096
[gs:draw] sequence=1428342 prim=4 texture=1 fbp=140 fbw=10 psm=1 tbp=8000 vertices=3 x_min=1935.44 x_max=2100.19 y_min=1948.94 y_max=2018.62 alpha_min=128 alpha_max=128 scissor=0,639,0,223
[gs:draw] sequence=1428341 prim=4 texture=1 fbp=140 fbw=10 psm=1 tbp=8000 vertices=3 x_min=1936.75 x_max=2101 y_min=1948.94 y_max=2018.62 alpha_min=128 alpha_max=128 scissor=0,639,0,223
[gs:draw] sequence=1428331 prim=4 texture=1 fbp=140 fbw=10 psm=1 tbp=7936 vertices=3 x_min=2100.19 x_max=2263.44 y_min=1948.94 y_max=2018.38 alpha_min=128 alpha_max=128 scissor=0,639,0,223
[gs:draw] sequence=1428330 prim=4 texture=1 fbp=140 fbw=10 psm=1 tbp=7936 vertices=3 x_min=2101 x_max=2263.75 y_min=1949 y_max=2018.38 alpha_min=128 alpha_max=128 scissor=0,639,0,223
[gs:draw] sequence=1428320 prim=4 texture=1 fbp=140 fbw=10 psm=1 tbp=7872 vertices=3 x_min=2263.44 x_max=2425.19 y_min=1949 y_max=2018.06 alpha_min=128 alpha_max=128 scissor=0,639,0,223
[gs:draw] sequence=1428319 prim=4 texture=1 fbp=140 fbw=10 psm=1 tbp=7872 vertices=3 x_min=2263.75 x_max=2425.19 y_min=1949.06 y_max=2018.06 alpha_min=128 alpha_max=128 scissor=0,639,0,223
[gs:draw] sequence=1428307 prim=6 texture=0 fbp=140 fbw=10 psm=1 tbp=128 vertices=2 x_min=1728 x_max=2368 y_min=1936 y_max=2160 alpha_min=0 alpha_max=0 scissor=0,639,0,223
[gs:draw] sequence=1428292 prim=6 texture=1 fbp=70 fbw=10 psm=1 tbp=128 vertices=2 x_min=2141.5 x_max=2165.12 y_min=2135 y_max=2144.56 alpha_min=127 alpha_max=127 scissor=0,639,0,223
[gs:draw] sequence=1428291 prim=6 texture=1 fbp=70 fbw=10 psm=1 tbp=128 vertices=2 x_min=2128.19 x_max=2151.81 y_min=2135 y_max=2144.56 alpha_min=127 alpha_max=127 scissor=0,639,0,223
[gs:draw] sequence=1428290 prim=6 texture=1 fbp=70 fbw=10 psm=1 tbp=128 vertices=2 x_min=2114.88 x_max=2138.5 y_min=2135 y_max=2144.56 alpha_min=127 alpha_max=127 scissor=0,639,0,223
[gs:draw] sequence=1428289 prim=6 texture=1 fbp=70 fbw=10 psm=1 tbp=128 vertices=2 x_min=2101.56 x_max=2125.19 y_min=2135 y_max=2144.56 alpha_min=127 alpha_max=127 scissor=0,639,0,223
[gs:draw] sequence=1428288 prim=6 texture=1 fbp=70 fbw=10 psm=1 tbp=128 vertices=2 x_min=2088.25 x_max=2111.88 y_min=2135 y_max=2144.56 alpha_min=127 alpha_max=127 scissor=0,639,0,223
[gs:sprite] xyoffset=2016,2016 rect=35,49,48,62 fbp=510 tbp=0 tex_psm=27 cbp=6820 cpsm=0 csm=0 csa=0 test=208897
[gs:texel] tbp=0 tbw=1 psm=27 uv=4,4 raw=0 cbp=6820 csa=0
[gs:sprite] xyoffset=2016,2016 rect=43,12,51,21 fbp=510 tbp=64 tex_psm=27 cbp=6824 cpsm=0 csm=0 csa=0 test=208897
[gs:sprite] xyoffset=2016,2016 rect=47,36,61,50 fbp=508 tbp=64 tex_psm=27 cbp=6824 cpsm=0 csm=0 csa=0 test=208897
[ps2xIOP] [IOP printf] snd_PlayVAGStreamByLoc: VAG Streaming not inited!

[gs:sprite] xyoffset=2016,2016 rect=11,12,20,20 fbp=510 tbp=0 tex_psm=27 cbp=6820 cpsm=0 csm=0 csa=0 test=208897
[gs:sprite] xyoffset=2016,2016 rect=40,6,54,20 fbp=510 tbp=64 tex_psm=27 cbp=6824 cpsm=0 csm=0 csa=0 test=208897
[gs:sprite] xyoffset=2016,2016 rect=11,30,25,44 fbp=508 tbp=64 tex_psm=27 cbp=6824 cpsm=0 csm=0 csa=0 test=208897
[ps2xIOP] [IOP printf] snd_PlayVAGStreamByLoc: VAG Streaming not inited!

[ps2xIOP] [IOP printf] snd_PlayVAGStreamByLoc: VAG Streaming not inited!

[gs:sprite] xyoffset=2016,2016 rect=12,41,21,50 fbp=510 tbp=0 tex_psm=27 cbp=6820 cpsm=0 csm=0 csa=0 test=208897
[gs:sprite] xyoffset=2016,2016 rect=42,43,51,51 fbp=510 tbp=64 tex_psm=27 cbp=6824 cpsm=0 csm=0 csa=0 test=208897
[gs:texel] tbp=64 tbw=1 psm=27 uv=58,20 raw=149 cbp=6824 csa=0
[gs:sprite] xyoffset=2016,2016 rect=35,8,48,20 fbp=508 tbp=64 tex_psm=27 cbp=6824 cpsm=0 csm=0 csa=0 test=208897
[ps2xIOP] [IOP printf] snd_PlayVAGStreamByLoc: VAG Streaming not inited!

[gs:sprite] xyoffset=2016,2016 rect=14,43,24,53 fbp=510 tbp=0 tex_psm=27 cbp=6820 cpsm=0 csm=0 csa=0 test=208897
[gs:sprite] xyoffset=2016,2016 rect=34,13,48,27 fbp=508 tbp=0 tex_psm=27 cbp=6820 cpsm=0 csm=0 csa=0 test=208897
[gs:sprite] xyoffset=2016,2016 rect=44,43,53,52 fbp=508 tbp=64 tex_psm=27 cbp=6824 cpsm=0 csm=0 csa=0 test=208897
[ps2xIOP] [IOP printf] snd_PlayVAGStreamByLoc: VAG Streaming not inited!

[gs:sprite] xyoffset=2016,2016 rect=12,44,21,53 fbp=510 tbp=0 tex_psm=27 cbp=6820 cpsm=0 csm=0 csa=0 test=208897
[gs:sprite] xyoffset=2016,2016 rect=36,46,51,61 fbp=508 tbp=0 tex_psm=27 cbp=6820 cpsm=0 csm=0 csa=0 test=208897
[gs:texel] tbp=0 tbw=1 psm=27 uv=27,13 raw=33 cbp=6820 csa=0
[gs:sprite] xyoffset=2016,2016 rect=-2,36,13,50 fbp=508 tbp=64 tex_psm=27 cbp=6824 cpsm=0 csm=0 csa=0 test=208897
[ps2xIOP] [IOP printf] snd_PlayVAGStreamByLoc: VAG Streaming not inited!

[ps2xIOP] [IOP printf] snd_PlayVAGStreamByLoc: VAG Streaming not inited!

[gs:sprite] xyoffset=2016,2016 rect=44,13,54,23 fbp=510 tbp=0 tex_psm=27 cbp=6820 cpsm=0 csm=0 csa=0 test=208897
[performance] host_tick=1080 host_hz=59.7854 ee_clock_ratio=0.394849 ee_cycle=4271394831
[boot-snapshot] host_tick=1080 running=0 thread=1:pc=0x238c50:ra=0x238c50:priority=0:status=1:wait=0:wait_id=0
[gs:sprite] xyoffset=2016,2016 rect=51,37,65,51 fbp=508 tbp=0 tex_psm=27 cbp=6820 cpsm=0 csm=0 csa=0 test=208897
[gs:sprite] xyoffset=1728,1936 rect=103,47,109,49 fbp=70 tbp=7648 tex_psm=20 cbp=6819 cpsm=0 csm=0 csa=0 test=458765
[ps2xIOP] [IOP printf] snd_PlayVAGStreamByLoc: VAG Streaming not inited!

[gs:sprite] xyoffset=2016,2016 rect=10,11,19,20 fbp=510 tbp=64 tex_psm=27 cbp=6824 cpsm=0 csm=0 csa=0 test=208897
[gs:sprite] xyoffset=2016,2016 rect=9,35,21,47 fbp=508 tbp=0 tex_psm=27 cbp=6820 cpsm=0 csm=0 csa=0 test=208897
[ps2xIOP] [IOP printf] snd_PlayVAGStreamByLoc: VAG Streaming not inited!

[gs:texel] tbp=7872 tbw=2 psm=19 uv=0,0 raw=0 cbp=7334 csa=0
[gs:sprite] xyoffset=2016,2016 rect=5,13,17,25 fbp=510 tbp=0 tex_psm=27 cbp=6820 cpsm=0 csm=0 csa=0 test=208897
[gs:sprite] xyoffset=2016,2016 rect=10,11,20,21 fbp=510 tbp=64 tex_psm=27 cbp=6824 cpsm=0 csm=0 csa=0 test=208897
[gs:sprite] xyoffset=2016,2016 rect=11,30,25,44 fbp=508 tbp=64 tex_psm=27 cbp=6824 cpsm=0 csm=0 csa=0 test=208897
[ps2xIOP] [IOP printf] snd_PlayVAGStreamByLoc: VAG Streaming not inited!

[ps2xIOP] [IOP printf] snd_PlayVAGStreamByLoc: VAG Streaming not inited!

[gs:sprite] xyoffset=2016,2016 rect=44,46,54,57 fbp=510 tbp=0 tex_psm=27 cbp=6820 cpsm=0 csm=0 csa=0 test=208897
[gs:sprite] xyoffset=2016,2016 rect=14,41,24,51 fbp=510 tbp=64 tex_psm=27 cbp=6824 cpsm=0 csm=0 csa=0 test=208897
[gs:sprite] xyoffset=2016,2016 rect=16,46,31,61 fbp=508 tbp=64 tex_psm=27 cbp=6824 cpsm=0 csm=0 csa=0 test=208897
[ps2xIOP] [IOP printf] snd_PlayVAGStreamByLoc: VAG Streaming not inited!

[gs:texel] tbp=0 tbw=1 psm=27 uv=1,62 raw=0 cbp=6820 csa=0
[gs:sprite] xyoffset=2016,2016 rect=46,45,57,56 fbp=510 tbp=0 tex_psm=27 cbp=6820 cpsm=0 csm=0 csa=0 test=208897
[gs:sprite] xyoffset=2016,2016 rect=11,42,20,51 fbp=508 tbp=0 tex_psm=27 cbp=6820 cpsm=0 csm=0 csa=0 test=208897
[gs:sprite] xyoffset=2016,2016 rect=13,11,22,21 fbp=508 tbp=64 tex_psm=27 cbp=6824 cpsm=0 csm=0 csa=0 test=208897
[ps2xIOP] [IOP printf] snd_PlayVAGStreamByLoc: VAG Streaming not inited!

[gs:sprite] xyoffset=2016,2016 rect=14,41,24,51 fbp=510 tbp=0 tex_psm=27 cbp=6820 cpsm=0 csm=0 csa=0 test=208897
[gs:sprite] xyoffset=2016,2016 rect=36,17,51,32 fbp=508 tbp=0 tex_psm=27 cbp=6820 cpsm=0 csm=0 csa=0 test=208897
[gs:sprite] xyoffset=1728,1936 rect=103,46,109,49 fbp=140 tbp=7648 tex_psm=20 cbp=6819 cpsm=0 csm=0 csa=0 test=458765
[ps2xIOP] [IOP printf] snd_PlayVAGStreamByLoc: VAG Streaming not inited!

[ps2xIOP] [IOP printf] snd_PlayVAGStreamByLoc: VAG Streaming not inited!

[gs:sprite] xyoffset=2016,2016 rect=43,43,52,51 fbp=510 tbp=64 tex_psm=27 cbp=6824 cpsm=0 csm=0 csa=0 test=208897
[gs:texel] tbp=64 tbw=1 psm=27 uv=30,8 raw=0 cbp=6824 csa=0
[gs:sprite] xyoffset=2016,2016 rect=42,12,52,21 fbp=508 tbp=0 tex_psm=27 cbp=6820 cpsm=0 csm=0 csa=0 test=208897
[ps2xIOP] [IOP printf] snd_PlayVAGStreamByLoc: VAG Streaming not inited!

[gs:sprite] xyoffset=1728,1936 rect=248,199,270,207 fbp=70 tbp=128 tex_psm=36 cbp=6805 cpsm=0 csm=0 csa=0 test=196749
[gs:sprite] xyoffset=2016,2016 rect=10,39,20,49 fbp=510 tbp=64 tex_psm=27 cbp=6824 cpsm=0 csm=0 csa=0 test=208897
[gs:sprite] xyoffset=2016,2016 rect=13,37,26,49 fbp=508 tbp=64 tex_psm=27 cbp=6824 cpsm=0 csm=0 csa=0 test=208897
[ps2xIOP] [IOP printf] snd_PlayVAGStreamByLoc: VAG Streaming not inited!

[gs:sprite] xyoffset=2016,2016 rect=8,46,18,56 fbp=510 tbp=0 tex_psm=27 cbp=6820 cpsm=0 csm=0 csa=0 test=208897
[gs:sprite] xyoffset=2016,2016 rect=42,12,51,21 fbp=510 tbp=64 tex_psm=27 cbp=6824 cpsm=0 csm=0 csa=0 test=208897
[gs:texel] tbp=0 tbw=1 psm=27 uv=37,17 raw=115 cbp=6820 csa=0
[gs:sprite] xyoffset=2016,2016 rect=11,30,25,44 fbp=508 tbp=64 tex_psm=27 cbp=6824 cpsm=0 csm=0 csa=0 test=208897
[ps2xIOP] [IOP printf] snd_PlayVAGStreamByLoc: VAG Streaming not inited!

[ps2xIOP] [IOP printf] snd_PlayVAGStreamByLoc: VAG Streaming not inited!

[gs:sprite] xyoffset=2016,2016 rect=44,11,52,19 fbp=510 tbp=0 tex_psm=27 cbp=6820 cpsm=0 csm=0 csa=0 test=208897
[gs:sprite] xyoffset=2016,2016 rect=50,44,63,57 fbp=510 tbp=64 tex_psm=27 cbp=6824 cpsm=0 csm=0 csa=0 test=208897
[gs:sprite] xyoffset=2016,2016 rect=6,37,18,50 fbp=508 tbp=64 tex_psm=27 cbp=6824 cpsm=0 csm=0 csa=0 test=208897
[ps2xIOP] [IOP printf] snd_PlayVAGStreamByLoc: VAG Streaming not inited!

[gs:sprite] xyoffset=2016,2016 rect=41,37,52,48 fbp=510 tbp=0 tex_psm=27 cbp=6820 cpsm=0 csm=0 csa=0 test=208897
[gs:sprite] xyoffset=2016,2016 rect=9,34,21,46 fbp=510 tbp=64 tex_psm=27 cbp=6824 cpsm=0 csm=0 csa=0 test=208897
[gs:sprite] xyoffset=2016,2016 rect=33,6,47,20 fbp=508 tbp=64 tex_psm=27 cbp=6824 cpsm=0 csm=0 csa=0 test=208897
[gs:texel] tbp=64 tbw=1 psm=27 uv=38,22 raw=128 cbp=6824 csa=0
[ps2xIOP] [IOP printf] snd_PlayVAGStreamByLoc: VAG Streaming not inited!

[gs:sprite] xyoffset=2016,2016 rect=41,12,50,21 fbp=510 tbp=0 tex_psm=27 cbp=6820 cpsm=0 csm=0 csa=0 test=208897
[gs:sprite] xyoffset=2016,2016 rect=30,42,44,56 fbp=508 tbp=0 tex_psm=27 cbp=6820 cpsm=0 csm=0 csa=0 test=208897
[gs:sprite] xyoffset=2016,2016 rect=44,43,53,52 fbp=508 tbp=64 tex_psm=27 cbp=6824 cpsm=0 csm=0 csa=0 test=208897
[ps2xIOP] [IOP printf] snd_PlayVAGStreamByLoc: VAG Streaming not inited!

[ps2xIOP] [IOP printf] snd_PlayVAGStreamByLoc: VAG Streaming not inited!

[gs:sprite] xyoffset=2016,2016 rect=10,12,19,20 fbp=510 tbp=0 tex_psm=27 cbp=6820 cpsm=0 csm=0 csa=0 test=208897
[gs:sprite] xyoffset=2016,2016 rect=42,9,51,19 fbp=508 tbp=0 tex_psm=27 cbp=6820 cpsm=0 csm=0 csa=0 test=208897
[gs:sprite] xyoffset=2016,2016 rect=42,12,52,21 fbp=508 tbp=64 tex_psm=27 cbp=6824 cpsm=0 csm=0 csa=0 test=208897
[ps2xIOP] [IOP printf] snd_PlayVAGStreamByLoc: VAG Streaming not inited!

[gs:texel] tbp=7936 tbw=2 psm=19 uv=0,0 raw=0 cbp=7330 csa=0
[gs:sprite] xyoffset=2016,2016 rect=43,10,53,21 fbp=510 tbp=0 tex_psm=27 cbp=6820 cpsm=0 csm=0 csa=0 test=208897
[gs:sprite] xyoffset=2016,2016 rect=33,6,47,20 fbp=508 tbp=0 tex_psm=27 cbp=6820 cpsm=0 csm=0 csa=0 test=208897
[gs:sprite] xyoffset=1728,1936 rect=104,47,109,49 fbp=140 tbp=7648 tex_psm=20 cbp=6819 cpsm=0 csm=0 csa=0 test=458765
[ps2xIOP] [IOP printf] snd_PlayVAGStreamByLoc: VAG Streaming not inited!

[gs:sprite] xyoffset=2016,2016 rect=45,40,56,51 fbp=510 tbp=64 tex_psm=27 cbp=6824 cpsm=0 csm=0 csa=0 test=208897
[gs:sprite] xyoffset=2016,2016 rect=8,43,19,54 fbp=508 tbp=0 tex_psm=27 cbp=6820 cpsm=0 csm=0 csa=0 test=208897
[gs:sprite] xyoffset=1728,1936 rect=102,45,116,52 fbp=70 tbp=16320 tex_psm=0 cbp=0 cpsm=0 csm=0 csa=0 test=458765
[ps2xIOP] [IOP printf] snd_PlayVAGStreamByLoc: VAG Streaming not inited!

[ps2xIOP] [IOP printf] snd_PlayVAGStreamByLoc: VAG Streaming not inited!

[gs:texel] tbp=0 tbw=1 psm=27 uv=43,16 raw=40 cbp=6820 csa=0
[gs:sprite] xyoffset=2016,2016 rect=42,39,54,51 fbp=510 tbp=64 tex_psm=27 cbp=6824 cpsm=0 csm=0 csa=0 test=208897
[gs:sprite] xyoffset=2016,2016 rect=43,41,53,51 fbp=508 tbp=0 tex_psm=27 cbp=6820 cpsm=0 csm=0 csa=0 test=208897
[ps2xIOP] [IOP printf] snd_PlayVAGStreamByLoc: VAG Streaming not inited!

[gs:sprite] xyoffset=2016,2016 rect=10,11,19,20 fbp=510 tbp=0 tex_psm=27 cbp=6820 cpsm=0 csm=0 csa=0 test=208897
[gs:sprite] xyoffset=2016,2016 rect=6,11,17,22 fbp=510 tbp=64 tex_psm=27 cbp=6824 cpsm=0 csm=0 csa=0 test=208897
[gs:sprite] xyoffset=2016,2016 rect=44,46,55,57 fbp=508 tbp=64 tex_psm=27 cbp=6824 cpsm=0 csm=0 csa=0 test=208897
[ps2xIOP] [IOP printf] snd_PlayVAGStreamByLoc: VAG Streaming not inited!

[gs:sprite] xyoffset=2016,2016 rect=47,46,58,57 fbp=510 tbp=0 tex_psm=27 cbp=6820 cpsm=0 csm=0 csa=0 test=208897
[gs:texel] tbp=64 tbw=1 psm=27 uv=13,30 raw=0 cbp=6824 csa=0
[gs:sprite] xyoffset=2016,2016 rect=42,43,52,53 fbp=508 tbp=0 tex_psm=27 cbp=6820 cpsm=0 csm=0 csa=0 test=208897
[gs:sprite] xyoffset=2016,2016 rect=38,29,53,44 fbp=508 tbp=64 tex_psm=27 cbp=6824 cpsm=0 csm=0 csa=0 test=208897
[ps2xIOP] [IOP printf] snd_PlayVAGStreamByLoc: VAG Streaming not inited!

[ps2xIOP] [IOP printf] snd_PlayVAGStreamByLoc: VAG Streaming not inited!

[gs:sprite] xyoffset=2016,2016 rect=10,43,19,52 fbp=510 tbp=64 tex_psm=27 cbp=6824 cpsm=0 csm=0 csa=0 test=208897
[gs:sprite] xyoffset=2016,2016 rect=38,49,53,64 fbp=508 tbp=0 tex_psm=27 cbp=6820 cpsm=0 csm=0 csa=0 test=208897
[ps2xIOP] [IOP printf] snd_PlayVAGStreamByLoc: VAG Streaming not inited!

[gs:sprite] xyoffset=2016,2016 rect=15,50,29,64 fbp=510 tbp=0 tex_psm=27 cbp=6820 cpsm=0 csm=0 csa=0 test=208897
[gs:sprite] xyoffset=2016,2016 rect=12,44,20,52 fbp=510 tbp=64 tex_psm=27 cbp=6824 cpsm=0 csm=0 csa=0 test=208897
[gs:texel] tbp=16256 tbw=1 psm=2 uv=19,125 raw=3840 cbp=0 csa=0
[gs:sprite] xyoffset=2016,2016 rect=47,36,61,50 fbp=508 tbp=64 tex_psm=27 cbp=6824 cpsm=0 csm=0 csa=0 test=208897
[ps2xIOP] [IOP printf] snd_PlayVAGStreamByLoc: VAG Streaming not inited!

[gs:sprite] xyoffset=2016,2016 rect=15,42,29,56 fbp=510 tbp=0 tex_psm=27 cbp=6820 cpsm=0 csm=0 csa=0 test=208897
[gs:sprite] xyoffset=2016,2016 rect=47,15,59,28 fbp=508 tbp=0 tex_psm=27 cbp=6820 cpsm=0 csm=0 csa=0 test=208897
[gs:sprite] xyoffset=2016,2016 rect=44,42,53,52 fbp=508 tbp=64 tex_psm=27 cbp=6824 cpsm=0 csm=0 csa=0 test=208897
[ps2xIOP] [IOP printf] snd_PlayVAGStreamByLoc: VAG Streaming not inited!

[ps2xIOP] [IOP printf] snd_PlayVAGStreamByLoc: VAG Streaming not inited!

[gs:sprite] xyoffset=2016,2016 rect=43,43,51,51 fbp=510 tbp=0 tex_psm=27 cbp=6820 cpsm=0 csm=0 csa=0 test=208897
[gs:sprite] xyoffset=2016,2016 rect=-1,16,13,30 fbp=508 tbp=0 tex_psm=27 cbp=6820 cpsm=0 csm=0 csa=0 test=208897
[ps2xIOP] [IOP printf] snd_PlayVAGStreamByLoc: VAG Streaming not inited!

[gs:sprite] xyoffset=1728,1936 rect=249,199,273,209 fbp=140 tbp=128 tex_psm=36 cbp=6805 cpsm=0 csm=0 csa=0 test=196749
[gs:texel] tbp=7872 tbw=2 psm=19 uv=0,0 raw=0 cbp=7334 csa=0
[gs:sprite] xyoffset=2016,2016 rect=8,46,18,56 fbp=510 tbp=64 tex_psm=27 cbp=6824 cpsm=0 csm=0 csa=0 test=208897
[gs:sprite] xyoffset=2016,2016 rect=11,44,20,52 fbp=508 tbp=0 tex_psm=27 cbp=6820 cpsm=0 csm=0 csa=0 test=208897
[ps2xIOP] [IOP printf] snd_PlayVAGStreamByLoc: VAG Streaming not inited!

[ps2xIOP] [IOP printf] snd_PlayVAGStreamByLoc: VAG Streaming not inited!

[ps2xIOP] [IOP printf] snd_PlayVAGStreamByLoc: VAG Streaming not inited!

[ps2xIOP] [IOP printf] snd_PlayVAGStreamByLoc: VAG Streaming not inited!

[ps2xIOP] [IOP printf] snd_PlayVAGStreamByLoc: VAG Streaming not inited!

[ps2xIOP] [IOP printf] snd_PlayVAGStreamByLoc: VAG Streaming not inited!

[ps2xIOP] [IOP printf] snd_PlayVAGStreamByLoc: VAG Streaming not inited!

[gs:texel] tbp=7936 tbw=2 psm=19 uv=0,0 raw=0 cbp=7330 csa=0
[ps2xIOP] [IOP printf] snd_PlayVAGStreamByLoc: VAG Streaming not inited!

[gs:sprite] xyoffset=1728,1936 rect=334,199,359,209 fbp=140 tbp=128 tex_psm=36 cbp=6805 cpsm=0 csm=0 csa=0 test=196749
[ps2xIOP] [IOP printf] snd_PlayVAGStreamByLoc: VAG Streaming not inited!

[ps2xIOP] [IOP printf] snd_PlayVAGStreamByLoc: VAG Streaming not inited!

[ps2xIOP] [IOP printf] snd_PlayVAGStreamByLoc: VAG Streaming not inited!

[ps2xIOP] [IOP printf] snd_PlayVAGStreamByLoc: VAG Streaming not inited!

[ps2xIOP] [IOP printf] snd_PlayVAGStreamByLoc: VAG Streaming not inited!

[ps2xIOP] [IOP printf] snd_PlayVAGStreamByLoc: VAG Streaming not inited!

[ps2xIOP] [IOP printf] snd_PlayVAGStreamByLoc: VAG Streaming not inited!

[ps2xIOP] [IOP printf] snd_PlayVAGStreamByLoc: VAG Streaming not inited!

[ps2xIOP] [IOP printf] snd_PlayVAGStreamByLoc: VAG Streaming not inited!

[gs:texel] tbp=7872 tbw=2 psm=19 uv=0,0 raw=0 cbp=7334 csa=0
[ps2xIOP] [IOP printf] snd_PlayVAGStreamByLoc: VAG Streaming not inited!

[ps2xIOP] [IOP printf] snd_PlayVAGStreamByLoc: VAG Streaming not inited!

[ps2xIOP] [IOP printf] snd_PlayVAGStreamByLoc: VAG Streaming not inited!

[ps2xIOP] [IOP printf] snd_PlayVAGStreamByLoc: VAG Streaming not inited!

[ps2xIOP] [IOP printf] snd_PlayVAGStreamByLoc: VAG Streaming not inited!

[ps2xIOP] [IOP printf] snd_PlayVAGStreamByLoc: VAG Streaming not inited!

[ps2xIOP] [IOP printf] snd_PlayVAGStreamByLoc: VAG Streaming not inited!

[ps2xIOP] [IOP printf] snd_PlayVAGStreamByLoc: VAG Streaming not inited!

[ps2xIOP] [IOP printf] snd_PlayVAGStreamByLoc: VAG Streaming not inited!

[ps2xIOP] [IOP printf] snd_PlayVAGStreamByLoc: VAG Streaming not inited!

[ps2xIOP] [IOP printf] snd_PlayVAGStreamByLoc: VAG Streaming not inited!

[gs:texel] tbp=7872 tbw=2 psm=19 uv=0,0 raw=0 cbp=7334 csa=0
[ps2xIOP] [IOP printf] snd_PlayVAGStreamByLoc: VAG Streaming not inited!

[ps2xIOP] [IOP printf] snd_PlayVAGStreamByLoc: VAG Streaming not inited!

[ps2xIOP] [IOP printf] snd_PlayVAGStreamByLoc: VAG Streaming not inited!

[ps2xIOP] [IOP printf] snd_PlayVAGStreamByLoc: VAG Streaming not inited!

[ps2xIOP] [IOP printf] snd_PlayVAGStreamByLoc: VAG Streaming not inited!

[ps2xIOP] [IOP printf] snd_PlayVAGStreamByLoc: VAG Streaming not inited!

[ps2xIOP] [IOP printf] snd_PlayVAGStreamByLoc: VAG Streaming not inited!

[gs:sprite] xyoffset=1728,1936 rect=261,199,283,206 fbp=140 tbp=128 tex_psm=36 cbp=6805 cpsm=0 csm=0 csa=0 test=196749
[ps2xIOP] [IOP printf] snd_PlayVAGStreamByLoc: VAG Streaming not inited!

[ps2xIOP] [IOP printf] snd_PlayVAGStreamByLoc: VAG Streaming not inited!

[ps2xIOP] [IOP printf] snd_PlayVAGStreamByLoc: VAG Streaming not inited!

[ps2xIOP] [IOP printf] snd_PlayVAGStreamByLoc: VAG Streaming not inited!

[gs:texel] tbp=7872 tbw=2 psm=19 uv=0,0 raw=0 cbp=7334 csa=0
[ps2xIOP] [IOP printf] snd_PlayVAGStreamByLoc: VAG Streaming not inited!

[ps2xIOP] [IOP printf] snd_PlayVAGStreamByLoc: VAG Streaming not inited!

[ps2xIOP] [IOP printf] snd_PlayVAGStreamByLoc: VAG Streaming not inited!

[ps2xIOP] [IOP printf] snd_PlayVAGStreamByLoc: VAG Streaming not inited!

[ps2xIOP] [IOP printf] snd_PlayVAGStreamByLoc: VAG Streaming not inited!

[ps2xIOP] [IOP printf] snd_PlayVAGStreamByLoc: VAG Streaming not inited!

[ps2xIOP] [IOP printf] snd_PlayVAGStreamByLoc: VAG Streaming not inited!

[ps2xIOP] [IOP printf] snd_PlayVAGStreamByLoc: VAG Streaming not inited!

[ps2xIOP] [IOP printf] snd_PlayVAGStreamByLoc: VAG Streaming not inited!

[ps2xIOP] [IOP printf] snd_PlayVAGStreamByLoc: VAG Streaming not inited!

[gs:texel] tbp=7872 tbw=2 psm=19 uv=0,0 raw=0 cbp=7334 csa=0
[ps2xIOP] [IOP printf] snd_PlayVAGStreamByLoc: VAG Streaming not inited!

[ps2xIOP] [IOP printf] snd_PlayVAGStreamByLoc: VAG Streaming not inited!

[ps2xIOP] [IOP printf] snd_PlayVAGStreamByLoc: VAG Streaming not inited!

[ps2xIOP] [IOP printf] snd_PlayVAGStreamByLoc: VAG Streaming not inited!

[ps2xIOP] [IOP printf] snd_PlayVAGStreamByLoc: VAG Streaming not inited!

[ps2xIOP] [IOP printf] snd_PlayVAGStreamByLoc: VAG Streaming not inited!

[ps2xIOP] [IOP printf] snd_PlayVAGStreamByLoc: VAG Streaming not inited!

[ps2xIOP] [IOP printf] snd_PlayVAGStreamByLoc: VAG Streaming not inited!

[ps2xIOP] [IOP printf] snd_PlayVAGStreamByLoc: VAG Streaming not inited!

[ps2xIOP] [IOP printf] snd_PlayVAGStreamByLoc: VAG Streaming not inited!

[ps2xIOP] [IOP printf] snd_PlayVAGStreamByLoc: VAG Streaming not inited!

[gs:texel] tbp=7776 tbw=2 psm=20 uv=0,0 raw=0 cbp=7272 csa=0
[gs:sprite] xyoffset=1728,1936 rect=421,199,446,209 fbp=70 tbp=128 tex_psm=36 cbp=6805 cpsm=0 csm=0 csa=0 test=196749
[ps2xIOP] [IOP printf] snd_PlayVAGStreamByLoc: VAG Streaming not inited!

[ps2xIOP] [IOP printf] snd_PlayVAGStreamByLoc: VAG Streaming not inited!

[ps2xIOP] [IOP printf] snd_PlayVAGStreamByLoc: VAG Streaming not inited!

[ps2xIOP] [IOP printf] snd_PlayVAGStreamByLoc: VAG Streaming not inited!

[ps2xIOP] [IOP printf] snd_PlayVAGStreamByLoc: VAG Streaming not inited!

[ps2xIOP] [IOP printf] snd_PlayVAGStreamByLoc: VAG Streaming not inited!

[ps2xIOP] [IOP printf] snd_PlayVAGStreamByLoc: VAG Streaming not inited!

[ps2xIOP] [IOP printf] snd_PlayVAGStreamByLoc: VAG Streaming not inited!

[performance] host_tick=1200 host_hz=59.9854 ee_clock_ratio=0.599866 ee_cycle=4625296359
[boot-snapshot] host_tick=1200 running=0 thread=1:pc=0x238c50:ra=0x238c50:priority=0:status=1:wait=0:wait_id=0
[ps2xIOP] [IOP printf] snd_PlayVAGStreamByLoc: VAG Streaming not inited!

[gs:texel] tbp=8000 tbw=2 psm=19 uv=0,0 raw=0 cbp=7326 csa=0
[ps2xIOP] [IOP printf] snd_PlayVAGStreamByLoc: VAG Streaming not inited!

[ps2xIOP] [IOP printf] snd_PlayVAGStreamByLoc: VAG Streaming not inited!

[ps2xIOP] [IOP printf] snd_PlayVAGStreamByLoc: VAG Streaming not inited!

[ps2xIOP] [IOP printf] snd_PlayVAGStreamByLoc: VAG Streaming not inited!

[ps2xIOP] [IOP printf] snd_PlayVAGStreamByLoc: VAG Streaming not inited!

[ps2xIOP] [IOP printf] snd_PlayVAGStreamByLoc: VAG Streaming not inited!

[ps2xIOP] [IOP printf] snd_PlayVAGStreamByLoc: VAG Streaming not inited!

[ps2xIOP] [IOP printf] snd_PlayVAGStreamByLoc: VAG Streaming not inited!

[ps2xIOP] [IOP printf] snd_PlayVAGStreamByLoc: VAG Streaming not inited!

[ps2xIOP] [IOP printf] snd_PlayVAGStreamByLoc: VAG Streaming not inited!

[ps2xIOP] [IOP printf] snd_PlayVAGStreamByLoc: VAG Streaming not inited!

[gs:texel] tbp=8000 tbw=2 psm=19 uv=0,0 raw=0 cbp=7326 csa=0
[ps2xIOP] [IOP printf] snd_PlayVAGStreamByLoc: VAG Streaming not inited!

[ps2xIOP] [IOP printf] snd_PlayVAGStreamByLoc: VAG Streaming not inited!

[ps2xIOP] [IOP printf] snd_PlayVAGStreamByLoc: VAG Streaming not inited!

[ps2xIOP] [IOP printf] snd_PlayVAGStreamByLoc: VAG Streaming not inited!

[ps2xIOP] [IOP printf] snd_PlayVAGStreamByLoc: VAG Streaming not inited!

[ps2xIOP] [IOP printf] snd_PlayVAGStreamByLoc: VAG Streaming not inited!

[ps2xIOP] [IOP printf] snd_PlayVAGStreamByLoc: VAG Streaming not inited!

[gs:sprite] xyoffset=1728,1936 rect=356,199,378,207 fbp=70 tbp=128 tex_psm=36 cbp=6805 cpsm=0 csm=0 csa=0 test=196749
[ps2xIOP] [IOP printf] snd_PlayVAGStreamByLoc: VAG Streaming not inited!

[ps2xIOP] [IOP printf] snd_PlayVAGStreamByLoc: VAG Streaming not inited!

[ps2xIOP] [IOP printf] snd_PlayVAGStreamByLoc: VAG Streaming not inited!

[ps2xIOP] [IOP printf] snd_PlayVAGStreamByLoc: VAG Streaming not inited!

[gs:texel] tbp=8000 tbw=2 psm=19 uv=0,0 raw=0 cbp=7326 csa=0
[ps2xIOP] [IOP printf] snd_PlayVAGStreamByLoc: VAG Streaming not inited!

[ps2xIOP] [IOP printf] snd_PlayVAGStreamByLoc: VAG Streaming not inited!

[ps2xIOP] [IOP printf] snd_PlayVAGStreamByLoc: VAG Streaming not inited!

[ps2xIOP] [IOP printf] snd_PlayVAGStreamByLoc: VAG Streaming not inited!

[ps2xIOP] [IOP printf] snd_PlayVAGStreamByLoc: VAG Streaming not inited!

[ps2xIOP] [IOP printf] snd_PlayVAGStreamByLoc: VAG Streaming not inited!

[ps2xIOP] [IOP printf] snd_PlayVAGStreamByLoc: VAG Streaming not inited!

[ps2xIOP] [IOP printf] snd_PlayVAGStreamByLoc: VAG Streaming not inited!

[ps2xIOP] [IOP printf] snd_PlayVAGStreamByLoc: VAG Streaming not inited!

[ps2xIOP] [IOP printf] snd_PlayVAGStreamByLoc: VAG Streaming not inited!

[gs:texel] tbp=8000 tbw=2 psm=19 uv=0,0 raw=0 cbp=7326 csa=0
[ps2xIOP] [IOP printf] snd_PlayVAGStreamByLoc: VAG Streaming not inited!

[ps2xIOP] [IOP printf] snd_PlayVAGStreamByLoc: VAG Streaming not inited!

[ps2xIOP] [IOP printf] snd_PlayVAGStreamByLoc: VAG Streaming not inited!

[ps2xIOP] [IOP printf] snd_PlayVAGStreamByLoc: VAG Streaming not inited!

[ps2xIOP] [IOP printf] snd_PlayVAGStreamByLoc: VAG Streaming not inited!

[ps2xIOP] [IOP printf] snd_PlayVAGStreamByLoc: VAG Streaming not inited!

[ps2xIOP] [IOP printf] snd_PlayVAGStreamByLoc: VAG Streaming not inited!

[ps2xIOP] [IOP printf] snd_PlayVAGStreamByLoc: VAG Streaming not inited!

[ps2xIOP] [IOP printf] snd_PlayVAGStreamByLoc: VAG Streaming not inited!

[ps2xIOP] [IOP printf] snd_PlayVAGStreamByLoc: VAG Streaming not inited!

[ps2xIOP] [IOP printf] snd_PlayVAGStreamByLoc: VAG Streaming not inited!

[gs:texel] tbp=7936 tbw=2 psm=19 uv=0,0 raw=0 cbp=7330 csa=0
[ps2xIOP] [IOP printf] snd_PlayVAGStreamByLoc: VAG Streaming not inited!

[gs:sprite] xyoffset=1728,1936 rect=262,199,287,209 fbp=70 tbp=128 tex_psm=36 cbp=6805 cpsm=0 csm=0 csa=0 test=196749
[ps2xIOP] [IOP printf] snd_PlayVAGStreamByLoc: VAG Streaming not inited!

[ps2xIOP] [IOP printf] snd_PlayVAGStreamByLoc: VAG Streaming not inited!

[ps2xIOP] [IOP printf] snd_PlayVAGStreamByLoc: VAG Streaming not inited!

[ps2xIOP] [IOP printf] snd_PlayVAGStreamByLoc: VAG Streaming not inited!

[ps2xIOP] [IOP printf] snd_PlayVAGStreamByLoc: VAG Streaming not inited!

[ps2xIOP] [IOP printf] snd_PlayVAGStreamByLoc: VAG Streaming not inited!

[ps2xIOP] [IOP printf] snd_PlayVAGStreamByLoc: VAG Streaming not inited!

[ps2xIOP] [IOP printf] snd_PlayVAGStreamByLoc: VAG Streaming not inited!

[ps2xIOP] [IOP printf] snd_PlayVAGStreamByLoc: VAG Streaming not inited!

[ps2xIOP] [IOP printf] snd_PlayVAGStreamByLoc: VAG Streaming not inited!

[gs:texel] tbp=7936 tbw=2 psm=19 uv=0,0 raw=0 cbp=7330 csa=0
[ps2xIOP] [IOP printf] snd_PlayVAGStreamByLoc: VAG Streaming not inited!

[ps2xIOP] [IOP printf] snd_PlayVAGStreamByLoc: VAG Streaming not inited!

[gs:pipeline] host_tick=984 dma=2931 gif=2238 vif=10 display_fbp=70 source_fbp=70 width=640 height=224 preferred=0 ctx0_fbp=140 ctx1_fbp=140 transfer_total=0 transfer_copied=4096
[gs:draw] sequence=1477794 prim=4 texture=1 fbp=140 fbw=10 psm=1 tbp=8000 vertices=3 x_min=1935.44 x_max=2100.19 y_min=1948.94 y_max=2018.62 alpha_min=128 alpha_max=128 scissor=0,639,0,223
[gs:draw] sequence=1477793 prim=4 texture=1 fbp=140 fbw=10 psm=1 tbp=8000 vertices=3 x_min=1936.75 x_max=2101 y_min=1948.94 y_max=2018.62 alpha_min=128 alpha_max=128 scissor=0,639,0,223
[gs:draw] sequence=1477783 prim=4 texture=1 fbp=140 fbw=10 psm=1 tbp=7936 vertices=3 x_min=2100.19 x_max=2263.44 y_min=1948.94 y_max=2018.38 alpha_min=128 alpha_max=128 scissor=0,639,0,223
[gs:draw] sequence=1477782 prim=4 texture=1 fbp=140 fbw=10 psm=1 tbp=7936 vertices=3 x_min=2101 x_max=2263.75 y_min=1949 y_max=2018.38 alpha_min=128 alpha_max=128 scissor=0,639,0,223
[gs:draw] sequence=1477772 prim=4 texture=1 fbp=140 fbw=10 psm=1 tbp=7872 vertices=3 x_min=2263.44 x_max=2425.19 y_min=1949 y_max=2018.06 alpha_min=128 alpha_max=128 scissor=0,639,0,223
[gs:draw] sequence=1477771 prim=4 texture=1 fbp=140 fbw=10 psm=1 tbp=7872 vertices=3 x_min=2263.75 x_max=2425.19 y_min=1949.06 y_max=2018.06 alpha_min=128 alpha_max=128 scissor=0,639,0,223
[gs:draw] sequence=1477759 prim=6 texture=0 fbp=140 fbw=10 psm=1 tbp=128 vertices=2 x_min=1728 x_max=2368 y_min=1936 y_max=2160 alpha_min=0 alpha_max=0 scissor=0,639,0,223
[gs:draw] sequence=1477744 prim=6 texture=1 fbp=70 fbw=10 psm=1 tbp=128 vertices=2 x_min=2147.62 x_max=2172.12 y_min=2135 y_max=2145.44 alpha_min=127 alpha_max=127 scissor=0,639,0,223
[gs:draw] sequence=1477743 prim=6 texture=1 fbp=70 fbw=10 psm=1 tbp=128 vertices=2 x_min=2133.44 x_max=2157.94 y_min=2135 y_max=2145.44 alpha_min=127 alpha_max=127 scissor=0,639,0,223
[gs:draw] sequence=1477742 prim=6 texture=1 fbp=70 fbw=10 psm=1 tbp=128 vertices=2 x_min=2119.25 x_max=2143.75 y_min=2135 y_max=2145.44 alpha_min=127 alpha_max=127 scissor=0,639,0,223
[gs:draw] sequence=1477741 prim=6 texture=1 fbp=70 fbw=10 psm=1 tbp=128 vertices=2 x_min=2105.06 x_max=2129.56 y_min=2135 y_max=2145.44 alpha_min=127 alpha_max=127 scissor=0,639,0,223
[gs:draw] sequence=1477740 prim=6 texture=1 fbp=70 fbw=10 psm=1 tbp=128 vertices=2 x_min=2090.88 x_max=2115.38 y_min=2135 y_max=2145.44 alpha_min=127 alpha_max=127 scissor=0,639,0,223
[ps2xIOP] [IOP printf] snd_PlayVAGStreamByLoc: VAG Streaming not inited!

[ps2xIOP] [IOP printf] snd_PlayVAGStreamByLoc: VAG Streaming not inited!

[ps2xIOP] [IOP printf] snd_PlayVAGStreamByLoc: VAG Streaming not inited!

[ps2xIOP] [IOP printf] snd_PlayVAGStreamByLoc: VAG Streaming not inited!

[ps2xIOP] [IOP printf] snd_PlayVAGStreamByLoc: VAG Streaming not inited!

[ps2xIOP] [IOP printf] snd_PlayVAGStreamByLoc: VAG Streaming not inited!

[ps2xIOP] [IOP printf] snd_PlayVAGStreamByLoc: VAG Streaming not inited!

[ps2xIOP] [IOP printf] snd_PlayVAGStreamByLoc: VAG Streaming not inited!

[gs:texel] tbp=7872 tbw=2 psm=19 uv=0,0 raw=0 cbp=7334 csa=0
[ps2xIOP] [IOP printf] snd_PlayVAGStreamByLoc: VAG Streaming not inited!

[ps2xIOP] [IOP printf] snd_PlayVAGStreamByLoc: VAG Streaming not inited!

[ps2xIOP] [IOP printf] snd_PlayVAGStreamByLoc: VAG Streaming not inited!

[ps2xIOP] [IOP printf] snd_PlayVAGStreamByLoc: VAG Streaming not inited!

[ps2xIOP] [IOP printf] snd_PlayVAGStreamByLoc: VAG Streaming not inited!

[ps2xIOP] [IOP printf] snd_PlayVAGStreamByLoc: VAG Streaming not inited!

[ps2xIOP] [IOP printf] snd_PlayVAGStreamByLoc: VAG Streaming not inited!

[gs:sprite] xyoffset=1728,1936 rect=220,199,243,207 fbp=70 tbp=128 tex_psm=36 cbp=6805 cpsm=0 csm=0 csa=0 test=196749
[ps2xIOP] [IOP printf] snd_PlayVAGStreamByLoc: VAG Streaming not inited!

[ps2xIOP] [IOP printf] snd_PlayVAGStreamByLoc: VAG Streaming not inited!

[ps2xIOP] [IOP printf] snd_PlayVAGStreamByLoc: VAG Streaming not inited!

[ps2xIOP] [IOP printf] snd_PlayVAGStreamByLoc: VAG Streaming not inited!

[gs:texel] tbp=7872 tbw=2 psm=19 uv=0,0 raw=0 cbp=7334 csa=0
[ps2xIOP] [IOP printf] snd_PlayVAGStreamByLoc: VAG Streaming not inited!

[ps2xIOP] [IOP printf] snd_PlayVAGStreamByLoc: VAG Streaming not inited!

[ps2xIOP] [IOP printf] snd_PlayVAGStreamByLoc: VAG Streaming not inited!

[ps2xIOP] [IOP printf] snd_PlayVAGStreamByLoc: VAG Streaming not inited!

[ps2xIOP] [IOP printf] snd_PlayVAGStreamByLoc: VAG Streaming not inited!

[ps2xIOP] [IOP printf] snd_PlayVAGStreamByLoc: VAG Streaming not inited!

[ps2xIOP] [IOP printf] snd_PlayVAGStreamByLoc: VAG Streaming not inited!

[ps2xIOP] [IOP printf] snd_PlayVAGStreamByLoc: VAG Streaming not inited!

[ps2xIOP] [IOP printf] snd_PlayVAGStreamByLoc: VAG Streaming not inited!

[ps2xIOP] [IOP printf] snd_PlayVAGStreamByLoc: VAG Streaming not inited!

[ps2xIOP] [IOP printf] snd_PlayVAGStreamByLoc: VAG Streaming not inited!

[gs:texel] tbp=7872 tbw=2 psm=19 uv=0,0 raw=0 cbp=7334 csa=0
[ps2xIOP] [IOP printf] snd_PlayVAGStreamByLoc: VAG Streaming not inited!

[ps2xIOP] [IOP printf] snd_PlayVAGStreamByLoc: VAG Streaming not inited!

[ps2xIOP] [IOP printf] snd_PlayVAGStreamByLoc: VAG Streaming not inited!

[ps2xIOP] [IOP printf] snd_PlayVAGStreamByLoc: VAG Streaming not inited!

[ps2xIOP] [IOP printf] snd_PlayVAGStreamByLoc: VAG Streaming not inited!

[ps2xIOP] [IOP printf] snd_PlayVAGStreamByLoc: VAG Streaming not inited!

[ps2xIOP] [IOP printf] snd_PlayVAGStreamByLoc: VAG Streaming not inited!

[ps2xIOP] [IOP printf] snd_PlayVAGStreamByLoc: VAG Streaming not inited!

[ps2xIOP] [IOP printf] snd_PlayVAGStreamByLoc: VAG Streaming not inited!

[ps2xIOP] [IOP printf] snd_PlayVAGStreamByLoc: VAG Streaming not inited!

[gs:sprite] xyoffset=1728,1936 rect=375,199,399,209 fbp=140 tbp=128 tex_psm=36 cbp=6805 cpsm=0 csm=0 csa=0 test=196749
[gs:texel] tbp=128 tbw=8 psm=36 uv=46,147 raw=4 cbp=6805 csa=0
[ps2xIOP] [IOP printf] snd_PlayVAGStreamByLoc: VAG Streaming not inited!

[ps2xIOP] [IOP printf] snd_PlayVAGStreamByLoc: VAG Streaming not inited!

[ps2xIOP] [IOP printf] snd_PlayVAGStreamByLoc: VAG Streaming not inited!

[ps2xIOP] [IOP printf] snd_PlayVAGStreamByLoc: VAG Streaming not inited!

[ps2xIOP] [IOP printf] snd_PlayVAGStreamByLoc: VAG Streaming not inited!

[ps2xIOP] [IOP printf] snd_PlayVAGStreamByLoc: VAG Streaming not inited!

[ps2xIOP] [IOP printf] snd_PlayVAGStreamByLoc: VAG Streaming not inited!

[ps2xIOP] [IOP printf] snd_PlayVAGStreamByLoc: VAG Streaming not inited!

[ps2xIOP] [IOP printf] snd_PlayVAGStreamByLoc: VAG Streaming not inited!

[ps2xIOP] [IOP printf] snd_PlayVAGStreamByLoc: VAG Streaming not inited!

[gs:texel] tbp=8000 tbw=2 psm=19 uv=0,0 raw=0 cbp=7326 csa=0
[ps2xIOP] [IOP printf] snd_PlayVAGStreamByLoc: VAG Streaming not inited!

[ps2xIOP] [IOP printf] snd_PlayVAGStreamByLoc: VAG Streaming not inited!

[ps2xIOP] [IOP printf] snd_PlayVAGStreamByLoc: VAG Streaming not inited!

[ps2xIOP] [IOP printf] snd_PlayVAGStreamByLoc: VAG Streaming not inited!

[ps2xIOP] [IOP printf] snd_PlayVAGStreamByLoc: VAG Streaming not inited!

[ps2xIOP] [IOP printf] snd_PlayVAGStreamByLoc: VAG Streaming not inited!

[ps2xIOP] [IOP printf] snd_PlayVAGStreamByLoc: VAG Streaming not inited!

[ps2xIOP] [IOP printf] snd_PlayVAGStreamByLoc: VAG Streaming not inited!

[ps2xIOP] [IOP printf] snd_PlayVAGStreamByLoc: VAG Streaming not inited!

[ps2xIOP] [IOP printf] snd_PlayVAGStreamByLoc: VAG Streaming not inited!

[gs:texel] tbp=8000 tbw=2 psm=19 uv=0,0 raw=0 cbp=7326 csa=0
[ps2xIOP] [IOP printf] snd_PlayVAGStreamByLoc: VAG Streaming not inited!

[ps2xIOP] [IOP printf] snd_PlayVAGStreamByLoc: VAG Streaming not inited!

[ps2xIOP] [IOP printf] snd_PlayVAGStreamByLoc: VAG Streaming not inited!

[ps2xIOP] [IOP printf] snd_PlayVAGStreamByLoc: VAG Streaming not inited!

[ps2xIOP] [IOP printf] snd_PlayVAGStreamByLoc: VAG Streaming not inited!

[ps2xIOP] [IOP printf] snd_PlayVAGStreamByLoc: VAG Streaming not inited!

[ps2xIOP] [IOP printf] snd_PlayVAGStreamByLoc: VAG Streaming not inited!

[gs:sprite] xyoffset=1728,1936 rect=294,199,317,208 fbp=140 tbp=128 tex_psm=36 cbp=6805 cpsm=0 csm=0 csa=0 test=196749
[ps2xIOP] [IOP printf] snd_PlayVAGStreamByLoc: VAG Streaming not inited!

[ps2xIOP] [IOP printf] snd_PlayVAGStreamByLoc: VAG Streaming not inited!

[ps2xIOP] [IOP printf] snd_PlayVAGStreamByLoc: VAG Streaming not inited!

[ps2xIOP] [IOP printf] snd_PlayVAGStreamByLoc: VAG Streaming not inited!

[gs:texel] tbp=7936 tbw=2 psm=19 uv=0,0 raw=0 cbp=7330 csa=0
[ps2xIOP] [IOP printf] snd_PlayVAGStreamByLoc: VAG Streaming not inited!

[performance] host_tick=1320 host_hz=59.9981 ee_clock_ratio=0.816658 ee_cycle=5106995661
[boot-snapshot] host_tick=1320 running=0 thread=1:pc=0x238c50:ra=0x238c50:priority=0:status=1:wait=0:wait_id=0
[ps2xIOP] [IOP printf] snd_PlayVAGStreamByLoc: VAG Streaming not inited!

[ps2xIOP] [IOP printf] snd_PlayVAGStreamByLoc: VAG Streaming not inited!

[ps2xIOP] [IOP printf] snd_PlayVAGStreamByLoc: VAG Streaming not inited!

[ps2xIOP] [IOP printf] snd_PlayVAGStreamByLoc: VAG Streaming not inited!

[ps2xIOP] [IOP printf] snd_PlayVAGStreamByLoc: VAG Streaming not inited!

[ps2xIOP] [IOP printf] snd_PlayVAGStreamByLoc: VAG Streaming not inited!

[ps2xIOP] [IOP printf] snd_PlayVAGStreamByLoc: VAG Streaming not inited!

[ps2xIOP] [IOP printf] snd_PlayVAGStreamByLoc: VAG Streaming not inited!

[ps2xIOP] [IOP printf] snd_PlayVAGStreamByLoc: VAG Streaming not inited!

[ps2xIOP] [IOP printf] snd_PlayVAGStreamByLoc: VAG Streaming not inited!

[gs:texel] tbp=7936 tbw=2 psm=19 uv=0,0 raw=0 cbp=7330 csa=0
[ps2xIOP] [IOP printf] snd_PlayVAGStreamByLoc: VAG Streaming not inited!

[ps2xIOP] [IOP printf] snd_PlayVAGStreamByLoc: VAG Streaming not inited!

[ps2xIOP] [IOP printf] snd_PlayVAGStreamByLoc: VAG Streaming not inited!

[ps2xIOP] [IOP printf] snd_PlayVAGStreamByLoc: VAG Streaming not inited!

[ps2xIOP] [IOP printf] snd_PlayVAGStreamByLoc: VAG Streaming not inited!

[ps2xIOP] [IOP printf] snd_PlayVAGStreamByLoc: VAG Streaming not inited!

[ps2xIOP] [IOP printf] snd_PlayVAGStreamByLoc: VAG Streaming not inited!

[ps2xIOP] [IOP printf] snd_PlayVAGStreamByLoc: VAG Streaming not inited!

[ps2xIOP] [IOP printf] snd_PlayVAGStreamByLoc: VAG Streaming not inited!

[ps2xIOP] [IOP printf] snd_PlayVAGStreamByLoc: VAG Streaming not inited!

[gs:texel] tbp=7936 tbw=2 psm=19 uv=0,0 raw=0 cbp=7330 csa=0
[ps2xIOP] [IOP printf] snd_PlayVAGStreamByLoc: VAG Streaming not inited!

[ps2xIOP] [IOP printf] snd_PlayVAGStreamByLoc: VAG Streaming not inited!

[gs:sprite] xyoffset=1728,1936 rect=225,199,249,208 fbp=140 tbp=128 tex_psm=36 cbp=6805 cpsm=0 csm=0 csa=0 test=196749
[ps2xIOP] [IOP printf] snd_PlayVAGStreamByLoc: VAG Streaming not inited!

[ps2xIOP] [IOP printf] snd_PlayVAGStreamByLoc: VAG Streaming not inited!

[ps2xIOP] [IOP printf] snd_PlayVAGStreamByLoc: VAG Streaming not inited!

[ps2xIOP] [IOP printf] snd_PlayVAGStreamByLoc: VAG Streaming not inited!

[ps2xIOP] [IOP printf] snd_PlayVAGStreamByLoc: VAG Streaming not inited!

[ps2xIOP] [IOP printf] snd_PlayVAGStreamByLoc: VAG Streaming not inited!

[ps2xIOP] [IOP printf] snd_PlayVAGStreamByLoc: VAG Streaming not inited!

[ps2xIOP] [IOP printf] snd_PlayVAGStreamByLoc: VAG Streaming not inited!

[ps2xIOP] [IOP printf] snd_PlayVAGStreamByLoc: VAG Streaming not inited!

[gs:texel] tbp=7936 tbw=2 psm=19 uv=0,0 raw=0 cbp=7330 csa=0
[ps2xIOP] [IOP printf] snd_PlayVAGStreamByLoc: VAG Streaming not inited!

[ps2xIOP] [IOP printf] snd_PlayVAGStreamByLoc: VAG Streaming not inited!

[ps2xIOP] [IOP printf] snd_PlayVAGStreamByLoc: VAG Streaming not inited!

[ps2xIOP] [IOP printf] snd_PlayVAGStreamByLoc: VAG Streaming not inited!

[ps2xIOP] [IOP printf] snd_PlayVAGStreamByLoc: VAG Streaming not inited!

[ps2xIOP] [IOP printf] snd_PlayVAGStreamByLoc: VAG Streaming not inited!

[ps2xIOP] [IOP printf] snd_PlayVAGStreamByLoc: VAG Streaming not inited!

[ps2xIOP] [IOP printf] snd_PlayVAGStreamByLoc: VAG Streaming not inited!

[ps2xIOP] [IOP printf] snd_PlayVAGStreamByLoc: VAG Streaming not inited!

[ps2xIOP] [IOP printf] snd_PlayVAGStreamByLoc: VAG Streaming not inited!

[ps2xIOP] [IOP printf] snd_PlayVAGStreamByLoc: VAG Streaming not inited!

[gs:texel] tbp=7872 tbw=2 psm=19 uv=0,0 raw=0 cbp=7334 csa=0
[ps2xIOP] [IOP printf] snd_PlayVAGStreamByLoc: VAG Streaming not inited!

[ps2xIOP] [IOP printf] snd_PlayVAGStreamByLoc: VAG Streaming not inited!

[ps2xIOP] [IOP printf] snd_PlayVAGStreamByLoc: VAG Streaming not inited!

[ps2xIOP] [IOP printf] snd_PlayVAGStreamByLoc: VAG Streaming not inited!

[ps2xIOP] [IOP printf] snd_PlayVAGStreamByLoc: VAG Streaming not inited!

[gs:sprite] xyoffset=1728,1936 rect=386,199,410,208 fbp=70 tbp=128 tex_psm=36 cbp=6805 cpsm=0 csm=0 csa=0 test=196749
[ps2xIOP] [IOP printf] snd_PlayVAGStreamByLoc: VAG Streaming not inited!

[ps2xIOP] [IOP printf] snd_PlayVAGStreamByLoc: VAG Streaming not inited!

[ps2xIOP] [IOP printf] snd_PlayVAGStreamByLoc: VAG Streaming not inited!

[ps2xIOP] [IOP printf] snd_PlayVAGStreamByLoc: VAG Streaming not inited!

[ps2xIOP] [IOP printf] snd_PlayVAGStreamByLoc: VAG Streaming not inited!

[gs:texel] tbp=7872 tbw=2 psm=19 uv=0,0 raw=0 cbp=7334 csa=0
[ps2xIOP] [IOP printf] snd_PlayVAGStreamByLoc: VAG Streaming not inited!

[ps2xIOP] [IOP printf] snd_PlayVAGStreamByLoc: VAG Streaming not inited!

[ps2xIOP] [IOP printf] snd_PlayVAGStreamByLoc: VAG Streaming not inited!

[ps2xIOP] [IOP printf] snd_PlayVAGStreamByLoc: VAG Streaming not inited!

[ps2xIOP] [IOP printf] snd_PlayVAGStreamByLoc: VAG Streaming not inited!

[ps2xIOP] [IOP printf] snd_PlayVAGStreamByLoc: VAG Streaming not inited!

[ps2xIOP] [IOP printf] snd_PlayVAGStreamByLoc: VAG Streaming not inited!

[ps2xIOP] [IOP printf] snd_PlayVAGStreamByLoc: VAG Streaming not inited!

[ps2xIOP] [IOP printf] snd_PlayVAGStreamByLoc: VAG Streaming not inited!

[ps2xIOP] [IOP printf] snd_PlayVAGStreamByLoc: VAG Streaming not inited!

[ps2xIOP] [IOP printf] snd_PlayVAGStreamByLoc: VAG Streaming not inited!

[gs:texel] tbp=7872 tbw=2 psm=19 uv=0,0 raw=0 cbp=7334 csa=0
[ps2xIOP] [IOP printf] snd_PlayVAGStreamByLoc: VAG Streaming not inited!

[ps2xIOP] [IOP printf] snd_PlayVAGStreamByLoc: VAG Streaming not inited!

[ps2xIOP] [IOP printf] snd_PlayVAGStreamByLoc: VAG Streaming not inited!

[ps2xIOP] [IOP printf] snd_PlayVAGStreamByLoc: VAG Streaming not inited!

[ps2xIOP] [IOP printf] snd_PlayVAGStreamByLoc: VAG Streaming not inited!

[ps2xIOP] [IOP printf] snd_PlayVAGStreamByLoc: VAG Streaming not inited!

[ps2xIOP] [IOP printf] snd_PlayVAGStreamByLoc: VAG Streaming not inited!

[ps2xIOP] [IOP printf] snd_PlayVAGStreamByLoc: VAG Streaming not inited!

[ps2xIOP] [IOP printf] snd_PlayVAGStreamByLoc: VAG Streaming not inited!

[ps2xIOP] [IOP printf] snd_PlayVAGStreamByLoc: VAG Streaming not inited!

[ps2xIOP] [IOP printf] snd_PlayVAGStreamByLoc: VAG Streaming not inited!

[gs:sprite] xyoffset=1728,1936 rect=319,199,343,208 fbp=70 tbp=128 tex_psm=36 cbp=6805 cpsm=0 csm=0 csa=0 test=196749
[gs:texel] tbp=7872 tbw=2 psm=19 uv=0,0 raw=0 cbp=7334 csa=0
[ps2xIOP] [IOP printf] snd_PlayVAGStreamByLoc: VAG Streaming not inited!

[ps2xIOP] [IOP printf] snd_PlayVAGStreamByLoc: VAG Streaming not inited!

[ps2xIOP] [IOP printf] snd_PlayVAGStreamByLoc: VAG Streaming not inited!

[ps2xIOP] [IOP printf] snd_PlayVAGStreamByLoc: VAG Streaming not inited!

[ps2xIOP] [IOP printf] snd_PlayVAGStreamByLoc: VAG Streaming not inited!

[ps2xIOP] [IOP printf] snd_PlayVAGStreamByLoc: VAG Streaming not inited!

[ps2xIOP] [IOP printf] snd_PlayVAGStreamByLoc: VAG Streaming not inited!

[ps2xIOP] [IOP printf] snd_PlayVAGStreamByLoc: VAG Streaming not inited!

[ps2xIOP] [IOP printf] snd_PlayVAGStreamByLoc: VAG Streaming not inited!

[gs:texel] tbp=8000 tbw=2 psm=19 uv=0,0 raw=0 cbp=7326 csa=0
[ps2xIOP] [IOP printf] snd_PlayVAGStreamByLoc: VAG Streaming not inited!

[ps2xIOP] [IOP printf] snd_PlayVAGStreamByLoc: VAG Streaming not inited!

[ps2xIOP] [IOP printf] snd_PlayVAGStreamByLoc: VAG Streaming not inited!

[ps2xIOP] [IOP printf] snd_PlayVAGStreamByLoc: VAG Streaming not inited!

[ps2xIOP] [IOP printf] snd_PlayVAGStreamByLoc: VAG Streaming not inited!

[gs:pipeline] host_tick=1104 dma=3652 gif=2478 vif=10 display_fbp=70 source_fbp=70 width=640 height=224 preferred=0 ctx0_fbp=140 ctx1_fbp=140 transfer_total=0 transfer_copied=4096
[gs:draw] sequence=1503813 prim=4 texture=1 fbp=140 fbw=10 psm=1 tbp=7776 vertices=3 x_min=1833.94 x_max=1852 y_min=2076.19 y_max=2076.62 alpha_min=38 alpha_max=38 scissor=0,639,0,223
[gs:draw] sequence=1503812 prim=4 texture=1 fbp=140 fbw=10 psm=1 tbp=7776 vertices=3 x_min=1833.94 x_max=1852 y_min=2076.19 y_max=2076.62 alpha_min=38 alpha_max=38 scissor=0,639,0,223
[gs:draw] sequence=1503811 prim=4 texture=1 fbp=140 fbw=10 psm=1 tbp=7776 vertices=3 x_min=1833.94 x_max=1833.94 y_min=2076.56 y_max=2076.62 alpha_min=38 alpha_max=38 scissor=0,639,0,223
[gs:draw] sequence=1503810 prim=4 texture=1 fbp=140 fbw=10 psm=1 tbp=7776 vertices=3 x_min=1833.94 x_max=1852 y_min=2076.19 y_max=2076.62 alpha_min=38 alpha_max=38 scissor=0,639,0,223
[gs:draw] sequence=1503809 prim=4 texture=1 fbp=140 fbw=10 psm=1 tbp=7776 vertices=3 x_min=1833.75 x_max=1852 y_min=2068.75 y_max=2076.56 alpha_min=38 alpha_max=51 scissor=0,639,0,223
[gs:draw] sequence=1503808 prim=4 texture=1 fbp=140 fbw=10 psm=1 tbp=7776 vertices=3 x_min=1833.75 x_max=1852 y_min=2068.44 y_max=2076.19 alpha_min=38 alpha_max=51 scissor=0,639,0,223
[gs:draw] sequence=1503797 prim=4 texture=1 fbp=140 fbw=10 psm=1 tbp=7776 vertices=3 x_min=1848.94 x_max=1852 y_min=2076.19 y_max=2076.69 alpha_min=38 alpha_max=38 scissor=0,639,0,223
[gs:draw] sequence=1503796 prim=4 texture=1 fbp=140 fbw=10 psm=1 tbp=7776 vertices=3 x_min=1848.94 x_max=1852 y_min=2076.19 y_max=2076.69 alpha_min=38 alpha_max=38 scissor=0,639,0,223
[gs:draw] sequence=1503795 prim=4 texture=1 fbp=140 fbw=10 psm=1 tbp=7776 vertices=3 x_min=1848.94 x_max=1852 y_min=2076.19 y_max=2076.69 alpha_min=38 alpha_max=38 scissor=0,639,0,223
[gs:draw] sequence=1503794 prim=4 texture=1 fbp=140 fbw=10 psm=1 tbp=7776 vertices=3 x_min=1848.94 x_max=1852 y_min=2076.19 y_max=2076.69 alpha_min=38 alpha_max=38 scissor=0,639,0,223
[gs:draw] sequence=1503793 prim=4 texture=1 fbp=140 fbw=10 psm=1 tbp=7776 vertices=3 x_min=1848.81 x_max=1852 y_min=2071 y_max=2076.62 alpha_min=38 alpha_max=51 scissor=0,639,0,223
[gs:draw] sequence=1503792 prim=4 texture=1 fbp=140 fbw=10 psm=1 tbp=7776 vertices=3 x_min=1848.81 x_max=1852 y_min=2068.44 y_max=2076.19 alpha_min=38 alpha_max=51 scissor=0,639,0,223
[ps2xIOP] [IOP printf] snd_PlayVAGStreamByLoc: VAG Streaming not inited!

[ps2xIOP] [IOP printf] snd_PlayVAGStreamByLoc: VAG Streaming not inited!

[ps2xIOP] [IOP printf] snd_PlayVAGStreamByLoc: VAG Streaming not inited!

[ps2xIOP] [IOP printf] snd_PlayVAGStreamByLoc: VAG Streaming not inited!

[ps2xIOP] [IOP printf] snd_PlayVAGStreamByLoc: VAG Streaming not inited!

[ps2xIOP] [IOP printf] snd_PlayVAGStreamByLoc: VAG Streaming not inited!

[gs:texel] tbp=8000 tbw=2 psm=19 uv=0,0 raw=0 cbp=7326 csa=0
[ps2xIOP] [IOP printf] snd_PlayVAGStreamByLoc: VAG Streaming not inited!

[ps2xIOP] [IOP printf] snd_PlayVAGStreamByLoc: VAG Streaming not inited!

[ps2xIOP] [IOP printf] snd_PlayVAGStreamByLoc: VAG Streaming not inited!

[ps2xIOP] [IOP printf] snd_PlayVAGStreamByLoc: VAG Streaming not inited!

[ps2xIOP] [IOP printf] snd_PlayVAGStreamByLoc: VAG Streaming not inited!

[ps2xIOP] [IOP printf] snd_PlayVAGStreamByLoc: VAG Streaming not inited!

[gs:sprite] xyoffset=1728,1936 rect=238,199,262,208 fbp=70 tbp=128 tex_psm=36 cbp=6805 cpsm=0 csm=0 csa=0 test=196749
[ps2xIOP] [IOP printf] snd_PlayVAGStreamByLoc: VAG Streaming not inited!

[ps2xIOP] [IOP printf] snd_PlayVAGStreamByLoc: VAG Streaming not inited!

[ps2xIOP] [IOP printf] snd_PlayVAGStreamByLoc: VAG Streaming not inited!

[ps2xIOP] [IOP printf] snd_PlayVAGStreamByLoc: VAG Streaming not inited!

[gs:texel] tbp=7936 tbw=2 psm=19 uv=0,0 raw=0 cbp=7330 csa=0
[ps2xIOP] [IOP printf] snd_PlayVAGStreamByLoc: VAG Streaming not inited!

[ps2xIOP] [IOP printf] snd_PlayVAGStreamByLoc: VAG Streaming not inited!

[ps2xIOP] [IOP printf] snd_PlayVAGStreamByLoc: VAG Streaming not inited!

[ps2xIOP] [IOP printf] snd_PlayVAGStreamByLoc: VAG Streaming not inited!

[ps2xIOP] [IOP printf] snd_PlayVAGStreamByLoc: VAG Streaming not inited!

[ps2xIOP] [IOP printf] snd_PlayVAGStreamByLoc: VAG Streaming not inited!

[ps2xIOP] [IOP printf] snd_PlayVAGStreamByLoc: VAG Streaming not inited!

[ps2xIOP] [IOP printf] snd_PlayVAGStreamByLoc: VAG Streaming not inited!

[ps2xIOP] [IOP printf] snd_PlayVAGStreamByLoc: VAG Streaming not inited!

[ps2xIOP] [IOP printf] snd_PlayVAGStreamByLoc: VAG Streaming not inited!

[ps2xIOP] [IOP printf] snd_PlayVAGStreamByLoc: VAG Streaming not inited!

[gs:texel] tbp=7936 tbw=2 psm=19 uv=0,0 raw=0 cbp=7330 csa=0
[ps2xIOP] [IOP printf] snd_PlayVAGStreamByLoc: VAG Streaming not inited!

[ps2xIOP] [IOP printf] snd_PlayVAGStreamByLoc: VAG Streaming not inited!

[ps2xIOP] [IOP printf] snd_PlayVAGStreamByLoc: VAG Streaming not inited!

[ps2xIOP] [IOP printf] snd_PlayVAGStreamByLoc: VAG Streaming not inited!

[ps2xIOP] [IOP printf] snd_PlayVAGStreamByLoc: VAG Streaming not inited!

[ps2xIOP] [IOP printf] snd_PlayVAGStreamByLoc: VAG Streaming not inited!

[ps2xIOP] [IOP printf] snd_PlayVAGStreamByLoc: VAG Streaming not inited!

[ps2xIOP] [IOP printf] snd_PlayVAGStreamByLoc: VAG Streaming not inited!

[ps2xIOP] [IOP printf] snd_PlayVAGStreamByLoc: VAG Streaming not inited!

[ps2xIOP] [IOP printf] snd_PlayVAGStreamByLoc: VAG Streaming not inited!

[ps2xIOP] [IOP printf] snd_PlayVAGStreamByLoc: VAG Streaming not inited!

[gs:sprite] xyoffset=1728,1936 rect=395,199,418,207 fbp=140 tbp=128 tex_psm=36 cbp=6805 cpsm=0 csm=0 csa=0 test=196749
[gs:texel] tbp=7936 tbw=2 psm=19 uv=0,0 raw=0 cbp=7330 csa=0
[ps2xIOP] [IOP printf] snd_PlayVAGStreamByLoc: VAG Streaming not inited!

[ps2xIOP] [IOP printf] snd_PlayVAGStreamByLoc: VAG Streaming not inited!

[ps2xIOP] [IOP printf] snd_PlayVAGStreamByLoc: VAG Streaming not inited!

[ps2xIOP] [IOP printf] snd_PlayVAGStreamByLoc: VAG Streaming not inited!

[ps2xIOP] [IOP printf] snd_PlayVAGStreamByLoc: VAG Streaming not inited!

[ps2xIOP] [IOP printf] snd_PlayVAGStreamByLoc: VAG Streaming not inited!

[ps2xIOP] [IOP printf] snd_PlayVAGStreamByLoc: VAG Streaming not inited!

[ps2xIOP] [IOP printf] snd_PlayVAGStreamByLoc: VAG Streaming not inited!

[ps2xIOP] [IOP printf] snd_PlayVAGStreamByLoc: VAG Streaming not inited!

[ps2xIOP] [IOP printf] snd_PlayVAGStreamByLoc: VAG Streaming not inited!

[gs:texel] tbp=7936 tbw=2 psm=19 uv=0,0 raw=0 cbp=7330 csa=0
[ps2xIOP] [IOP printf] snd_PlayVAGStreamByLoc: VAG Streaming not inited!

[ps2xIOP] [IOP printf] snd_PlayVAGStreamByLoc: VAG Streaming not inited!

[ps2xIOP] [IOP printf] snd_PlayVAGStreamByLoc: VAG Streaming not inited!

[ps2xIOP] [IOP printf] snd_PlayVAGStreamByLoc: VAG Streaming not inited!

[ps2xIOP] [IOP printf] snd_PlayVAGStreamByLoc: VAG Streaming not inited!

[ps2xIOP] [IOP printf] snd_PlayVAGStreamByLoc: VAG Streaming not inited!

[performance] host_tick=1440 host_hz=59.8256 ee_clock_ratio=0.880784 ee_cycle=5628017355
[boot-snapshot] host_tick=1440 running=0 thread=1:pc=0x238c50:ra=0x238c50:priority=0:status=1:wait=0:wait_id=0
[ps2xIOP] [IOP printf] snd_PlayVAGStreamByLoc: VAG Streaming not inited!

[ps2xIOP] [IOP printf] snd_PlayVAGStreamByLoc: VAG Streaming not inited!

[ps2xIOP] [IOP printf] snd_PlayVAGStreamByLoc: VAG Streaming not inited!

[ps2xIOP] [IOP printf] snd_PlayVAGStreamByLoc: VAG Streaming not inited!

[ps2xIOP] [IOP printf] snd_PlayVAGStreamByLoc: VAG Streaming not inited!

[gs:texel] tbp=7872 tbw=2 psm=19 uv=0,0 raw=0 cbp=7334 csa=0
[ps2xIOP] [IOP printf] snd_PlayVAGStreamByLoc: VAG Streaming not inited!

[ps2xIOP] [IOP printf] snd_PlayVAGStreamByLoc: VAG Streaming not inited!

[ps2xIOP] [IOP printf] snd_PlayVAGStreamByLoc: VAG Streaming not inited!

[ps2xIOP] [IOP printf] snd_PlayVAGStreamByLoc: VAG Streaming not inited!

[ps2xIOP] [IOP printf] snd_PlayVAGStreamByLoc: VAG Streaming not inited!

[gs:sprite] xyoffset=1728,1936 rect=334,199,358,209 fbp=140 tbp=128 tex_psm=36 cbp=6805 cpsm=0 csm=0 csa=0 test=196749
[ps2xIOP] [IOP printf] snd_PlayVAGStreamByLoc: VAG Streaming not inited!

[ps2xIOP] [IOP printf] snd_PlayVAGStreamByLoc: VAG Streaming not inited!

[ps2xIOP] [IOP printf] snd_PlayVAGStreamByLoc: VAG Streaming not inited!

[ps2xIOP] [IOP printf] snd_PlayVAGStreamByLoc: VAG Streaming not inited!

[ps2xIOP] [IOP printf] snd_PlayVAGStreamByLoc: VAG Streaming not inited!

[ps2xIOP] [IOP printf] snd_PlayVAGStreamByLoc: VAG Streaming not inited!

[gs:texel] tbp=7872 tbw=2 psm=19 uv=0,0 raw=0 cbp=7334 csa=0
[ps2xIOP] [IOP printf] snd_PlayVAGStreamByLoc: VAG Streaming not inited!

[ps2xIOP] [IOP printf] snd_PlayVAGStreamByLoc: VAG Streaming not inited!

[ps2xIOP] [IOP printf] snd_PlayVAGStreamByLoc: VAG Streaming not inited!

[ps2xIOP] [IOP printf] snd_PlayVAGStreamByLoc: VAG Streaming not inited!

[ps2xIOP] [IOP printf] snd_PlayVAGStreamByLoc: VAG Streaming not inited!

[ps2xIOP] [IOP printf] snd_PlayVAGStreamByLoc: VAG Streaming not inited!

[ps2xIOP] [IOP printf] snd_PlayVAGStreamByLoc: VAG Streaming not inited!

[ps2xIOP] [IOP printf] snd_PlayVAGStreamByLoc: VAG Streaming not inited!

[ps2xIOP] [IOP printf] snd_PlayVAGStreamByLoc: VAG Streaming not inited!

[ps2xIOP] [IOP printf] snd_PlayVAGStreamByLoc: VAG Streaming not inited!

[gs:texel] tbp=128 tbw=8 psm=36 uv=125,167 raw=0 cbp=6805 csa=0
[ps2xIOP] [IOP printf] snd_PlayVAGStreamByLoc: VAG Streaming not inited!

[ps2xIOP] [IOP printf] snd_PlayVAGStreamByLoc: VAG Streaming not inited!

[ps2xIOP] [IOP printf] snd_PlayVAGStreamByLoc: VAG Streaming not inited!

[ps2xIOP] [IOP printf] snd_PlayVAGStreamByLoc: VAG Streaming not inited!

[ps2xIOP] [IOP printf] snd_PlayVAGStreamByLoc: VAG Streaming not inited!

[ps2xIOP] [IOP printf] snd_PlayVAGStreamByLoc: VAG Streaming not inited!

[ps2xIOP] [IOP printf] snd_PlayVAGStreamByLoc: VAG Streaming not inited!

[ps2xIOP] [IOP printf] snd_PlayVAGStreamByLoc: VAG Streaming not inited!

[ps2xIOP] [IOP printf] snd_PlayVAGStreamByLoc: VAG Streaming not inited!

[ps2xIOP] [IOP printf] snd_PlayVAGStreamByLoc: VAG Streaming not inited!

[ps2xIOP] [IOP printf] snd_PlayVAGStreamByLoc: VAG Streaming not inited!

[gs:sprite] xyoffset=1728,1936 rect=258,199,281,207 fbp=140 tbp=128 tex_psm=36 cbp=6805 cpsm=0 csm=0 csa=0 test=196749
[gs:texel] tbp=128 tbw=8 psm=36 uv=74,191 raw=0 cbp=6805 csa=0
[ps2xIOP] [IOP printf] snd_PlayVAGStreamByLoc: VAG Streaming not inited!

[ps2xIOP] [IOP printf] snd_PlayVAGStreamByLoc: VAG Streaming not inited!

[ps2xIOP] [IOP printf] snd_PlayVAGStreamByLoc: VAG Streaming not inited!

[ps2xIOP] [IOP printf] snd_PlayVAGStreamByLoc: VAG Streaming not inited!

[ps2xIOP] [IOP printf] snd_PlayVAGStreamByLoc: VAG Streaming not inited!

[ps2xIOP] [IOP printf] snd_PlayVAGStreamByLoc: VAG Streaming not inited!

[ps2xIOP] [IOP printf] snd_PlayVAGStreamByLoc: VAG Streaming not inited!

[ps2xIOP] [IOP printf] snd_PlayVAGStreamByLoc: VAG Streaming not inited!

[ps2xIOP] [IOP printf] snd_PlayVAGStreamByLoc: VAG Streaming not inited!

[ps2xIOP] [IOP printf] snd_PlayVAGStreamByLoc: VAG Streaming not inited!

[ps2xIOP] [IOP printf] snd_PlayVAGStreamByLoc: VAG Streaming not inited!

[gs:texel] tbp=128 tbw=8 psm=36 uv=178,152 raw=4 cbp=6805 csa=0
[ps2xIOP] [IOP printf] snd_PlayVAGStreamByLoc: VAG Streaming not inited!

[ps2xIOP] [IOP printf] snd_PlayVAGStreamByLoc: VAG Streaming not inited!

[ps2xIOP] [IOP printf] snd_PlayVAGStreamByLoc: VAG Streaming not inited!

[ps2xIOP] [IOP printf] snd_PlayVAGStreamByLoc: VAG Streaming not inited!

[ps2xIOP] [IOP printf] snd_PlayVAGStreamByLoc: VAG Streaming not inited!

[ps2xIOP] [IOP printf] snd_PlayVAGStreamByLoc: VAG Streaming not inited!

[ps2xIOP] [IOP printf] snd_PlayVAGStreamByLoc: VAG Streaming not inited!

[ps2xIOP] [IOP printf] snd_PlayVAGStreamByLoc: VAG Streaming not inited!

[ps2xIOP] [IOP printf] snd_PlayVAGStreamByLoc: VAG Streaming not inited!

[gs:texel] tbp=8000 tbw=2 psm=19 uv=0,0 raw=0 cbp=7326 csa=0
[ps2xIOP] [IOP printf] snd_PlayVAGStreamByLoc: VAG Streaming not inited!

[ps2xIOP] [IOP printf] snd_PlayVAGStreamByLoc: VAG Streaming not inited!

[ps2xIOP] [IOP printf] snd_PlayVAGStreamByLoc: VAG Streaming not inited!

[ps2xIOP] [IOP printf] snd_PlayVAGStreamByLoc: VAG Streaming not inited!

[ps2xIOP] [IOP printf] snd_PlayVAGStreamByLoc: VAG Streaming not inited!

[gs:sprite] xyoffset=1728,1936 rect=421,199,446,209 fbp=70 tbp=128 tex_psm=36 cbp=6805 cpsm=0 csm=0 csa=0 test=196749
[ps2xIOP] [IOP printf] snd_PlayVAGStreamByLoc: VAG Streaming not inited!

[ps2xIOP] [IOP printf] snd_PlayVAGStreamByLoc: VAG Streaming not inited!

[ps2xIOP] [IOP printf] snd_PlayVAGStreamByLoc: VAG Streaming not inited!

[ps2xIOP] [IOP printf] snd_PlayVAGStreamByLoc: VAG Streaming not inited!

[ps2xIOP] [IOP printf] snd_PlayVAGStreamByLoc: VAG Streaming not inited!

[ps2xIOP] [IOP printf] snd_PlayVAGStreamByLoc: VAG Streaming not inited!

[gs:texel] tbp=7936 tbw=2 psm=19 uv=0,0 raw=0 cbp=7330 csa=0
[ps2xIOP] [IOP printf] snd_PlayVAGStreamByLoc: VAG Streaming not inited!

[ps2xIOP] [IOP printf] snd_PlayVAGStreamByLoc: VAG Streaming not inited!

[ps2xIOP] [IOP printf] snd_PlayVAGStreamByLoc: VAG Streaming not inited!

[ps2xIOP] [IOP printf] snd_PlayVAGStreamByLoc: VAG Streaming not inited!

[ps2xIOP] [IOP printf] snd_PlayVAGStreamByLoc: VAG Streaming not inited!

[ps2xIOP] [IOP printf] snd_PlayVAGStreamByLoc: VAG Streaming not inited!

[ps2xIOP] [IOP printf] snd_PlayVAGStreamByLoc: VAG Streaming not inited!

[ps2xIOP] [IOP printf] snd_PlayVAGStreamByLoc: VAG Streaming not inited!

[ps2xIOP] [IOP printf] snd_PlayVAGStreamByLoc: VAG Streaming not inited!

[ps2xIOP] [IOP printf] snd_PlayVAGStreamByLoc: VAG Streaming not inited!

[gs:texel] tbp=7936 tbw=2 psm=19 uv=0,0 raw=0 cbp=7330 csa=0
[ps2xIOP] [IOP printf] snd_PlayVAGStreamByLoc: VAG Streaming not inited!

[ps2xIOP] [IOP printf] snd_PlayVAGStreamByLoc: VAG Streaming not inited!

[ps2xIOP] [IOP printf] snd_PlayVAGStreamByLoc: VAG Streaming not inited!

[ps2xIOP] [IOP printf] snd_PlayVAGStreamByLoc: VAG Streaming not inited!

[ps2xIOP] [IOP printf] snd_PlayVAGStreamByLoc: VAG Streaming not inited!

[ps2xIOP] [IOP printf] snd_PlayVAGStreamByLoc: VAG Streaming not inited!

[ps2xIOP] [IOP printf] snd_PlayVAGStreamByLoc: VAG Streaming not inited!

[ps2xIOP] [IOP printf] snd_PlayVAGStreamByLoc: VAG Streaming not inited!

[ps2xIOP] [IOP printf] snd_PlayVAGStreamByLoc: VAG Streaming not inited!

[ps2xIOP] [IOP printf] snd_PlayVAGStreamByLoc: VAG Streaming not inited!

[ps2xIOP] [IOP printf] snd_PlayVAGStreamByLoc: VAG Streaming not inited!

[gs:sprite] xyoffset=1728,1936 rect=355,199,377,207 fbp=70 tbp=128 tex_psm=36 cbp=6805 cpsm=0 csm=0 csa=0 test=196749
[ps2xIOP] [IOP printf] snd_PlayVAGStreamByLoc: VAG Streaming not inited!

[ps2xIOP] [IOP printf] snd_PlayVAGStreamByLoc: VAG Streaming not inited!

[ps2xIOP] [IOP printf] snd_PlayVAGStreamByLoc: VAG Streaming not inited!

[ps2xIOP] [IOP printf] snd_PlayVAGStreamByLoc: VAG Streaming not inited!

[ps2xIOP] [IOP printf] snd_PlayVAGStreamByLoc: VAG Streaming not inited!

[ps2xIOP] [IOP printf] snd_PlayVAGStreamByLoc: VAG Streaming not inited!

[ps2xIOP] [IOP printf] snd_PlayVAGStreamByLoc: VAG Streaming not inited!

[ps2xIOP] [IOP printf] snd_PlayVAGStreamByLoc: VAG Streaming not inited!

[ps2xIOP] [IOP printf] snd_PlayVAGStreamByLoc: VAG Streaming not inited!

[ps2xIOP] [IOP printf] snd_PlayVAGStreamByLoc: VAG Streaming not inited!

[ps2xIOP] [IOP printf] snd_PlayVAGStreamByLoc: VAG Streaming not inited!

[ps2xIOP] [IOP printf] snd_PlayVAGStreamByLoc: VAG Streaming not inited!

[ps2xIOP] [IOP printf] snd_PlayVAGStreamByLoc: VAG Streaming not inited!

[ps2xIOP] [IOP printf] snd_PlayVAGStreamByLoc: VAG Streaming not inited!

[ps2xIOP] [IOP printf] snd_PlayVAGStreamByLoc: VAG Streaming not inited!

[ps2xIOP] [IOP printf] snd_PlayVAGStreamByLoc: VAG Streaming not inited!

[gs:pipeline] host_tick=1224 dma=4370 gif=2718 vif=10 display_fbp=70 source_fbp=70 width=640 height=224 preferred=0 ctx0_fbp=140 ctx1_fbp=140 transfer_total=0 transfer_copied=4096
[gs:draw] sequence=1529635 prim=4 texture=1 fbp=140 fbw=10 psm=1 tbp=8000 vertices=3 x_min=1935.44 x_max=2100.19 y_min=1948.94 y_max=2018.62 alpha_min=128 alpha_max=128 scissor=0,639,0,223
[gs:draw] sequence=1529634 prim=4 texture=1 fbp=140 fbw=10 psm=1 tbp=8000 vertices=3 x_min=1936.75 x_max=2101 y_min=1948.94 y_max=2018.62 alpha_min=128 alpha_max=128 scissor=0,639,0,223
[gs:draw] sequence=1529623 prim=4 texture=1 fbp=140 fbw=10 psm=1 tbp=7936 vertices=3 x_min=2100.19 x_max=2263.44 y_min=1948.94 y_max=2018.38 alpha_min=128 alpha_max=128 scissor=0,639,0,223
[gs:draw] sequence=1529622 prim=4 texture=1 fbp=140 fbw=10 psm=1 tbp=7936 vertices=3 x_min=2101 x_max=2263.75 y_min=1949 y_max=2018.38 alpha_min=128 alpha_max=128 scissor=0,639,0,223
[gs:draw] sequence=1529612 prim=4 texture=1 fbp=140 fbw=10 psm=1 tbp=7872 vertices=3 x_min=2263.44 x_max=2425.19 y_min=1949 y_max=2018.06 alpha_min=128 alpha_max=128 scissor=0,639,0,223
[gs:draw] sequence=1529611 prim=4 texture=1 fbp=140 fbw=10 psm=1 tbp=7872 vertices=3 x_min=2263.75 x_max=2425.19 y_min=1949.06 y_max=2018.06 alpha_min=128 alpha_max=128 scissor=0,639,0,223
[gs:draw] sequence=1529599 prim=6 texture=0 fbp=140 fbw=10 psm=1 tbp=128 vertices=2 x_min=1728 x_max=2368 y_min=1936 y_max=2160 alpha_min=0 alpha_max=0 scissor=0,639,0,223
[gs:draw] sequence=1529584 prim=6 texture=1 fbp=70 fbw=10 psm=1 tbp=128 vertices=2 x_min=2143.25 x_max=2167.12 y_min=2135 y_max=2144.88 alpha_min=127 alpha_max=127 scissor=0,639,0,223
[gs:draw] sequence=1529583 prim=6 texture=1 fbp=70 fbw=10 psm=1 tbp=128 vertices=2 x_min=2129.69 x_max=2153.56 y_min=2135 y_max=2144.88 alpha_min=127 alpha_max=127 scissor=0,639,0,223
[gs:draw] sequence=1529582 prim=6 texture=1 fbp=70 fbw=10 psm=1 tbp=128 vertices=2 x_min=2116.12 x_max=2140 y_min=2135 y_max=2144.88 alpha_min=127 alpha_max=127 scissor=0,639,0,223
[gs:draw] sequence=1529581 prim=6 texture=1 fbp=70 fbw=10 psm=1 tbp=128 vertices=2 x_min=2102.56 x_max=2126.44 y_min=2135 y_max=2144.88 alpha_min=127 alpha_max=127 scissor=0,639,0,223
[gs:draw] sequence=1529580 prim=6 texture=1 fbp=70 fbw=10 psm=1 tbp=128 vertices=2 x_min=2089 x_max=2112.88 y_min=2135 y_max=2144.88 alpha_min=127 alpha_max=127 scissor=0,639,0,223
[ps2xIOP] [IOP printf] snd_PlayVAGStreamByLoc: VAG Streaming not inited!

[ps2xIOP] [IOP printf] snd_PlayVAGStreamByLoc: VAG Streaming not inited!

[ps2xIOP] [IOP printf] snd_PlayVAGStreamByLoc: VAG Streaming not inited!

[ps2xIOP] [IOP printf] snd_PlayVAGStreamByLoc: VAG Streaming not inited!

[ps2xIOP] [IOP printf] snd_PlayVAGStreamByLoc: VAG Streaming not inited!

[ps2xIOP] [IOP printf] snd_PlayVAGStreamByLoc: VAG Streaming not inited!

[ps2xIOP] [IOP printf] snd_PlayVAGStreamByLoc: VAG Streaming not inited!

[ps2xIOP] [IOP printf] snd_PlayVAGStreamByLoc: VAG Streaming not inited!

[ps2xIOP] [IOP printf] snd_PlayVAGStreamByLoc: VAG Streaming not inited!

[ps2xIOP] [IOP printf] snd_PlayVAGStreamByLoc: VAG Streaming not inited!

[ps2xIOP] [IOP printf] snd_PlayVAGStreamByLoc: VAG Streaming not inited!

[gs:sprite] xyoffset=1728,1936 rect=260,199,285,210 fbp=70 tbp=128 tex_psm=36 cbp=6805 cpsm=0 csm=0 csa=0 test=196749
[ps2xIOP] [IOP printf] snd_PlayVAGStreamByLoc: VAG Streaming not inited!

[ps2xIOP] [IOP printf] snd_PlayVAGStreamByLoc: VAG Streaming not inited!

[ps2xIOP] [IOP printf] snd_PlayVAGStreamByLoc: VAG Streaming not inited!

[ps2xIOP] [IOP printf] snd_PlayVAGStreamByLoc: VAG Streaming not inited!

[ps2xIOP] [IOP printf] snd_PlayVAGStreamByLoc: VAG Streaming not inited!

[ps2xIOP] [IOP printf] snd_PlayVAGStreamByLoc: VAG Streaming not inited!

[ps2xIOP] [IOP printf] snd_PlayVAGStreamByLoc: VAG Streaming not inited!

[ps2xIOP] [IOP printf] snd_PlayVAGStreamByLoc: VAG Streaming not inited!

[ps2xIOP] [IOP printf] snd_PlayVAGStreamByLoc: VAG Streaming not inited!

[ps2xIOP] [IOP printf] snd_PlayVAGStreamByLoc: VAG Streaming not inited!

[ps2xIOP] [IOP printf] snd_PlayVAGStreamByLoc: VAG Streaming not inited!

[ps2xIOP] [IOP printf] snd_PlayVAGStreamByLoc: VAG Streaming not inited!

[ps2xIOP] [IOP printf] snd_PlayVAGStreamByLoc: VAG Streaming not inited!

[ps2xIOP] [IOP printf] snd_PlayVAGStreamByLoc: VAG Streaming not inited!

[ps2xIOP] [IOP printf] snd_PlayVAGStreamByLoc: VAG Streaming not inited!

[ps2xIOP] [IOP printf] snd_PlayVAGStreamByLoc: VAG Streaming not inited!

[ps2xIOP] [IOP printf] snd_PlayVAGStreamByLoc: VAG Streaming not inited!

[ps2xIOP] [IOP printf] snd_PlayVAGStreamByLoc: VAG Streaming not inited!

[ps2xIOP] [IOP printf] snd_PlayVAGStreamByLoc: VAG Streaming not inited!

[ps2xIOP] [IOP printf] snd_PlayVAGStreamByLoc: VAG Streaming not inited!

[ps2xIOP] [IOP printf] snd_PlayVAGStreamByLoc: VAG Streaming not inited!

[ps2xIOP] [IOP printf] snd_PlayVAGStreamByLoc: VAG Streaming not inited!

[ps2xIOP] [IOP printf] snd_PlayVAGStreamByLoc: VAG Streaming not inited!

[ps2xIOP] [IOP printf] snd_PlayVAGStreamByLoc: VAG Streaming not inited!

[ps2xIOP] [IOP printf] snd_PlayVAGStreamByLoc: VAG Streaming not inited!

[ps2xIOP] [IOP printf] snd_PlayVAGStreamByLoc: VAG Streaming not inited!

[gs:sprite] xyoffset=1728,1936 rect=225,199,247,207 fbp=70 tbp=128 tex_psm=36 cbp=6805 cpsm=0 csm=0 csa=0 test=196749
[ps2xIOP] [IOP printf] snd_PlayVAGStreamByLoc: VAG Streaming not inited!

[ps2xIOP] [IOP printf] snd_PlayVAGStreamByLoc: VAG Streaming not inited!

[ps2xIOP] [IOP printf] snd_PlayVAGStreamByLoc: VAG Streaming not inited!

[ps2xIOP] [IOP printf] snd_PlayVAGStreamByLoc: VAG Streaming not inited!

[performance] host_tick=1560 host_hz=59.5491 ee_clock_ratio=0.901526 ee_cycle=6163784946
[boot-snapshot] host_tick=1560 running=0 thread=1:pc=0x238c50:ra=0x238c50:priority=0:status=1:wait=0:wait_id=0
[ps2xIOP] [IOP printf] snd_PlayVAGStreamByLoc: VAG Streaming not inited!

[ps2xIOP] [IOP printf] snd_PlayVAGStreamByLoc: VAG Streaming not inited!

[ps2xIOP] [IOP printf] snd_PlayVAGStreamByLoc: VAG Streaming not inited!

[ps2xIOP] [IOP printf] snd_PlayVAGStreamByLoc: VAG Streaming not inited!

[ps2xIOP] [IOP printf] snd_PlayVAGStreamByLoc: VAG Streaming not inited!

[ps2xIOP] [IOP printf] snd_PlayVAGStreamByLoc: VAG Streaming not inited!

[ps2xIOP] [IOP printf] snd_PlayVAGStreamByLoc: VAG Streaming not inited!

[ps2xIOP] [IOP printf] snd_PlayVAGStreamByLoc: VAG Streaming not inited!

[ps2xIOP] [IOP printf] snd_PlayVAGStreamByLoc: VAG Streaming not inited!

[ps2xIOP] [IOP printf] snd_PlayVAGStreamByLoc: VAG Streaming not inited!

[ps2xIOP] [IOP printf] snd_PlayVAGStreamByLoc: VAG Streaming not inited!

[ps2xIOP] [IOP printf] snd_PlayVAGStreamByLoc: VAG Streaming not inited!

[ps2xIOP] [IOP printf] snd_PlayVAGStreamByLoc: VAG Streaming not inited!

[ps2xIOP] [IOP printf] snd_PlayVAGStreamByLoc: VAG Streaming not inited!

[ps2xIOP] [IOP printf] snd_PlayVAGStreamByLoc: VAG Streaming not inited!

[ps2xIOP] [IOP printf] snd_PlayVAGStreamByLoc: VAG Streaming not inited!

[ps2xIOP] [IOP printf] snd_PlayVAGStreamByLoc: VAG Streaming not inited!

[ps2xIOP] [IOP printf] snd_PlayVAGStreamByLoc: VAG Streaming not inited!

[ps2xIOP] [IOP printf] snd_PlayVAGStreamByLoc: VAG Streaming not inited!

[ps2xIOP] [IOP printf] snd_PlayVAGStreamByLoc: VAG Streaming not inited!

[ps2xIOP] [IOP printf] snd_PlayVAGStreamByLoc: VAG Streaming not inited!

[ps2xIOP] [IOP printf] snd_PlayVAGStreamByLoc: VAG Streaming not inited!

[ps2xIOP] [IOP printf] snd_PlayVAGStreamByLoc: VAG Streaming not inited!

[ps2xIOP] [IOP printf] snd_PlayVAGStreamByLoc: VAG Streaming not inited!

[ps2xIOP] [IOP printf] snd_PlayVAGStreamByLoc: VAG Streaming not inited!

[ps2xIOP] [IOP printf] snd_PlayVAGStreamByLoc: VAG Streaming not inited!

[ps2xIOP] [IOP printf] snd_PlayVAGStreamByLoc: VAG Streaming not inited!

[ps2xIOP] [IOP printf] snd_PlayVAGStreamByLoc: VAG Streaming not inited!

[ps2xIOP] [IOP printf] snd_PlayVAGStreamByLoc: VAG Streaming not inited!

[ps2xIOP] [IOP printf] snd_PlayVAGStreamByLoc: VAG Streaming not inited!

[ps2xIOP] [IOP printf] snd_PlayVAGStreamByLoc: VAG Streaming not inited!

[ps2xIOP] [IOP printf] snd_PlayVAGStreamByLoc: VAG Streaming not inited!

[ps2xIOP] [IOP printf] snd_PlayVAGStreamByLoc: VAG Streaming not inited!

[ps2xIOP] [IOP printf] snd_PlayVAGStreamByLoc: VAG Streaming not inited!

[ps2xIOP] [IOP printf] snd_PlayVAGStreamByLoc: VAG Streaming not inited!

[ps2xIOP] [IOP printf] snd_PlayVAGStreamByLoc: VAG Streaming not inited!

[ps2xIOP] [IOP printf] snd_PlayVAGStreamByLoc: VAG Streaming not inited!

[ps2xIOP] [IOP printf] snd_PlayVAGStreamByLoc: VAG Streaming not inited!

[ps2xIOP] [IOP printf] snd_PlayVAGStreamByLoc: VAG Streaming not inited!

[ps2xIOP] [IOP printf] snd_PlayVAGStreamByLoc: VAG Streaming not inited!

[ps2xIOP] [IOP printf] snd_PlayVAGStreamByLoc: VAG Streaming not inited!

[ps2xIOP] [IOP printf] snd_PlayVAGStreamByLoc: VAG Streaming not inited!

[ps2xIOP] [IOP printf] snd_PlayVAGStreamByLoc: VAG Streaming not inited!

[ps2xIOP] [IOP printf] snd_PlayVAGStreamByLoc: VAG Streaming not inited!

[ps2xIOP] [IOP printf] snd_PlayVAGStreamByLoc: VAG Streaming not inited!

[ps2xIOP] [IOP printf] snd_PlayVAGStreamByLoc: VAG Streaming not inited!

[ps2xIOP] [IOP printf] snd_PlayVAGStreamByLoc: VAG Streaming not inited!

[ps2xIOP] [IOP printf] snd_PlayVAGStreamByLoc: VAG Streaming not inited!

[ps2xIOP] [IOP printf] snd_PlayVAGStreamByLoc: VAG Streaming not inited!

[ps2xIOP] [IOP printf] snd_PlayVAGStreamByLoc: VAG Streaming not inited!

[ps2xIOP] [IOP printf] snd_PlayVAGStreamByLoc: VAG Streaming not inited!

[ps2xIOP] [IOP printf] snd_PlayVAGStreamByLoc: VAG Streaming not inited!

[ps2xIOP] [IOP printf] snd_PlayVAGStreamByLoc: VAG Streaming not inited!

[ps2xIOP] [IOP printf] snd_PlayVAGStreamByLoc: VAG Streaming not inited!

[ps2xIOP] [IOP printf] snd_PlayVAGStreamByLoc: VAG Streaming not inited!

[ps2xIOP] [IOP printf] snd_PlayVAGStreamByLoc: VAG Streaming not inited!

[ps2xIOP] [IOP printf] snd_PlayVAGStreamByLoc: VAG Streaming not inited!

[ps2xIOP] [IOP printf] snd_PlayVAGStreamByLoc: VAG Streaming not inited!

[ps2xIOP] [IOP printf] snd_PlayVAGStreamByLoc: VAG Streaming not inited!

[ps2xIOP] [IOP printf] snd_PlayVAGStreamByLoc: VAG Streaming not inited!

[ps2xIOP] [IOP printf] snd_PlayVAGStreamByLoc: VAG Streaming not inited!

[ps2xIOP] [IOP printf] snd_PlayVAGStreamByLoc: VAG Streaming not inited!

[ps2xIOP] [IOP printf] snd_PlayVAGStreamByLoc: VAG Streaming not inited!

[ps2xIOP] [IOP printf] snd_PlayVAGStreamByLoc: VAG Streaming not inited!

[ps2xIOP] [IOP printf] snd_PlayVAGStreamByLoc: VAG Streaming not inited!

[ps2xIOP] [IOP printf] snd_PlayVAGStreamByLoc: VAG Streaming not inited!

[ps2xIOP] [IOP printf] snd_PlayVAGStreamByLoc: VAG Streaming not inited!

[ps2xIOP] [IOP printf] snd_PlayVAGStreamByLoc: VAG Streaming not inited!

[ps2xIOP] [IOP printf] snd_PlayVAGStreamByLoc: VAG Streaming not inited!

[ps2xIOP] [IOP printf] snd_PlayVAGStreamByLoc: VAG Streaming not inited!

[ps2xIOP] [IOP printf] snd_PlayVAGStreamByLoc: VAG Streaming not inited!

[ps2xIOP] [IOP printf] snd_PlayVAGStreamByLoc: VAG Streaming not inited!

[ps2xIOP] [IOP printf] snd_PlayVAGStreamByLoc: VAG Streaming not inited!

[ps2xIOP] [IOP printf] snd_PlayVAGStreamByLoc: VAG Streaming not inited!

[ps2xIOP] [IOP printf] snd_PlayVAGStreamByLoc: VAG Streaming not inited!

[ps2xIOP] [IOP printf] snd_PlayVAGStreamByLoc: VAG Streaming not inited!

[ps2xIOP] [IOP printf] snd_PlayVAGStreamByLoc: VAG Streaming not inited!

[ps2xIOP] [IOP printf] snd_PlayVAGStreamByLoc: VAG Streaming not inited!

[ps2xIOP] [IOP printf] snd_PlayVAGStreamByLoc: VAG Streaming not inited!

[ps2xIOP] [IOP printf] snd_PlayVAGStreamByLoc: VAG Streaming not inited!

[ps2xIOP] [IOP printf] snd_PlayVAGStreamByLoc: VAG Streaming not inited!

[ps2xIOP] [IOP printf] snd_PlayVAGStreamByLoc: VAG Streaming not inited!

[ps2xIOP] [IOP printf] snd_PlayVAGStreamByLoc: VAG Streaming not inited!

[ps2xIOP] [IOP printf] snd_PlayVAGStreamByLoc: VAG Streaming not inited!

[ps2xIOP] [IOP printf] snd_PlayVAGStreamByLoc: VAG Streaming not inited!

[ps2xIOP] [IOP printf] snd_PlayVAGStreamByLoc: VAG Streaming not inited!

[ps2xIOP] [IOP printf] snd_PlayVAGStreamByLoc: VAG Streaming not inited!

[ps2xIOP] [IOP printf] snd_PlayVAGStreamByLoc: VAG Streaming not inited!

[ps2xIOP] [IOP printf] snd_PlayVAGStreamByLoc: VAG Streaming not inited!

[ps2xIOP] [IOP printf] snd_PlayVAGStreamByLoc: VAG Streaming not inited!

[ps2xIOP] [IOP printf] snd_PlayVAGStreamByLoc: VAG Streaming not inited!

[ps2xIOP] [IOP printf] snd_PlayVAGStreamByLoc: VAG Streaming not inited!

[ps2xIOP] [IOP printf] snd_PlayVAGStreamByLoc: VAG Streaming not inited!

[ps2xIOP] [IOP printf] snd_PlayVAGStreamByLoc: VAG Streaming not inited!

[ps2xIOP] [IOP printf] snd_PlayVAGStreamByLoc: VAG Streaming not inited!

[ps2xIOP] [IOP printf] snd_PlayVAGStreamByLoc: VAG Streaming not inited!

[ps2xIOP] [IOP printf] snd_PlayVAGStreamByLoc: VAG Streaming not inited!

[ps2xIOP] [IOP printf] snd_PlayVAGStreamByLoc: VAG Streaming not inited!

[ps2xIOP] [IOP printf] snd_PlayVAGStreamByLoc: VAG Streaming not inited!

[ps2xIOP] [IOP printf] snd_PlayVAGStreamByLoc: VAG Streaming not inited!

[ps2xIOP] [IOP printf] snd_PlayVAGStreamByLoc: VAG Streaming not inited!

[ps2xIOP] [IOP printf] snd_PlayVAGStreamByLoc: VAG Streaming not inited!

[ps2xIOP] [IOP printf] snd_PlayVAGStreamByLoc: VAG Streaming not inited!

[ps2xIOP] [IOP printf] snd_PlayVAGStreamByLoc: VAG Streaming not inited!

[ps2xIOP] [IOP printf] snd_PlayVAGStreamByLoc: VAG Streaming not inited!

[ps2xIOP] [IOP printf] snd_PlayVAGStreamByLoc: VAG Streaming not inited!

[ps2xIOP] [IOP printf] snd_PlayVAGStreamByLoc: VAG Streaming not inited!

[ps2xIOP] [IOP printf] snd_PlayVAGStreamByLoc: VAG Streaming not inited!

[ps2xIOP] [IOP printf] snd_PlayVAGStreamByLoc: VAG Streaming not inited!

[ps2xIOP] [IOP printf] snd_PlayVAGStreamByLoc: VAG Streaming not inited!

[ps2xIOP] [IOP printf] snd_PlayVAGStreamByLoc: VAG Streaming not inited!

[ps2xIOP] [IOP printf] snd_PlayVAGStreamByLoc: VAG Streaming not inited!

[ps2xIOP] [IOP printf] snd_PlayVAGStreamByLoc: VAG Streaming not inited!

[ps2xIOP] [IOP printf] snd_PlayVAGStreamByLoc: VAG Streaming not inited!

[ps2xIOP] [IOP printf] snd_PlayVAGStreamByLoc: VAG Streaming not inited!

[ps2xIOP] [IOP printf] snd_PlayVAGStreamByLoc: VAG Streaming not inited!

[ps2xIOP] [IOP printf] snd_PlayVAGStreamByLoc: VAG Streaming not inited!

[ps2xIOP] [IOP printf] snd_PlayVAGStreamByLoc: VAG Streaming not inited!

[ps2xIOP] [IOP printf] snd_PlayVAGStreamByLoc: VAG Streaming not inited!

[gs:pipeline] host_tick=1344 dma=5090 gif=2958 vif=10 display_fbp=70 source_fbp=70 width=640 height=224 preferred=0 ctx0_fbp=140 ctx1_fbp=140 transfer_total=0 transfer_copied=4096
[gs:draw] sequence=1555544 prim=4 texture=1 fbp=140 fbw=10 psm=1 tbp=7936 vertices=3 x_min=2100.19 x_max=2263.44 y_min=1948.94 y_max=2018.38 alpha_min=128 alpha_max=128 scissor=0,639,0,223
[gs:draw] sequence=1555543 prim=4 texture=1 fbp=140 fbw=10 psm=1 tbp=7936 vertices=3 x_min=2101 x_max=2263.75 y_min=1949 y_max=2018.38 alpha_min=128 alpha_max=128 scissor=0,639,0,223
[gs:draw] sequence=1555532 prim=4 texture=1 fbp=140 fbw=10 psm=1 tbp=7872 vertices=3 x_min=2263.44 x_max=2425.19 y_min=1949 y_max=2018.06 alpha_min=128 alpha_max=128 scissor=0,639,0,223
[gs:draw] sequence=1555531 prim=4 texture=1 fbp=140 fbw=10 psm=1 tbp=7872 vertices=3 x_min=2263.75 x_max=2425.19 y_min=1949.06 y_max=2018.06 alpha_min=128 alpha_max=128 scissor=0,639,0,223
[gs:draw] sequence=1555519 prim=6 texture=0 fbp=140 fbw=10 psm=1 tbp=128 vertices=2 x_min=1728 x_max=2368 y_min=1936 y_max=2160 alpha_min=0 alpha_max=0 scissor=0,639,0,223
[gs:draw] sequence=1555504 prim=6 texture=1 fbp=70 fbw=10 psm=1 tbp=128 vertices=2 x_min=2137.12 x_max=2160.12 y_min=2135 y_max=2143.94 alpha_min=127 alpha_max=127 scissor=0,639,0,223
[gs:draw] sequence=1555503 prim=6 texture=1 fbp=70 fbw=10 psm=1 tbp=128 vertices=2 x_min=2124.44 x_max=2147.44 y_min=2135 y_max=2143.94 alpha_min=127 alpha_max=127 scissor=0,639,0,223
[gs:draw] sequence=1555502 prim=6 texture=1 fbp=70 fbw=10 psm=1 tbp=128 vertices=2 x_min=2111.75 x_max=2134.75 y_min=2135 y_max=2143.94 alpha_min=127 alpha_max=127 scissor=0,639,0,223
[gs:draw] sequence=1555501 prim=6 texture=1 fbp=70 fbw=10 psm=1 tbp=128 vertices=2 x_min=2099.06 x_max=2122.06 y_min=2135 y_max=2143.94 alpha_min=127 alpha_max=127 scissor=0,639,0,223
[gs:draw] sequence=1555500 prim=6 texture=1 fbp=70 fbw=10 psm=1 tbp=128 vertices=2 x_min=2086.38 x_max=2109.38 y_min=2135 y_max=2143.94 alpha_min=127 alpha_max=127 scissor=0,639,0,223
[gs:draw] sequence=1555499 prim=6 texture=1 fbp=70 fbw=10 psm=1 tbp=128 vertices=2 x_min=2061 x_max=2084 y_min=2135 y_max=2143.94 alpha_min=127 alpha_max=127 scissor=0,639,0,223
[gs:draw] sequence=1555498 prim=6 texture=1 fbp=70 fbw=10 psm=1 tbp=128 vertices=2 x_min=2047.69 x_max=2070.69 y_min=2135 y_max=2143.94 alpha_min=127 alpha_max=127 scissor=0,639,0,223
[ps2xIOP] [IOP printf] snd_PlayVAGStreamByLoc: VAG Streaming not inited!

[ps2xIOP] [IOP printf] snd_PlayVAGStreamByLoc: VAG Streaming not inited!

[ps2xIOP] [IOP printf] snd_PlayVAGStreamByLoc: VAG Streaming not inited!

[ps2xIOP] [IOP printf] snd_PlayVAGStreamByLoc: VAG Streaming not inited!

[ps2xIOP] [IOP printf] snd_PlayVAGStreamByLoc: VAG Streaming not inited!

[ps2xIOP] [IOP printf] snd_PlayVAGStreamByLoc: VAG Streaming not inited!

[ps2xIOP] [IOP printf] snd_PlayVAGStreamByLoc: VAG Streaming not inited!

[ps2xIOP] [IOP printf] snd_PlayVAGStreamByLoc: VAG Streaming not inited!

[ps2xIOP] [IOP printf] snd_PlayVAGStreamByLoc: VAG Streaming not inited!

[ps2xIOP] [IOP printf] snd_PlayVAGStreamByLoc: VAG Streaming not inited!

[ps2xIOP] [IOP printf] snd_PlayVAGStreamByLoc: VAG Streaming not inited!

[ps2xIOP] [IOP printf] snd_PlayVAGStreamByLoc: VAG Streaming not inited!

[ps2xIOP] [IOP printf] snd_PlayVAGStreamByLoc: VAG Streaming not inited!

[ps2xIOP] [IOP printf] snd_PlayVAGStreamByLoc: VAG Streaming not inited!

[ps2xIOP] [IOP printf] snd_PlayVAGStreamByLoc: VAG Streaming not inited!

[ps2xIOP] [IOP printf] snd_PlayVAGStreamByLoc: VAG Streaming not inited!

[ps2xIOP] [IOP printf] snd_PlayVAGStreamByLoc: VAG Streaming not inited!

[ps2xIOP] [IOP printf] snd_PlayVAGStreamByLoc: VAG Streaming not inited!

[ps2xIOP] [IOP printf] snd_PlayVAGStreamByLoc: VAG Streaming not inited!

[ps2xIOP] [IOP printf] snd_PlayVAGStreamByLoc: VAG Streaming not inited!

[ps2xIOP] [IOP printf] snd_PlayVAGStreamByLoc: VAG Streaming not inited!

[ps2xIOP] [IOP printf] snd_PlayVAGStreamByLoc: VAG Streaming not inited!

[ps2xIOP] [IOP printf] snd_PlayVAGStreamByLoc: VAG Streaming not inited!

[ps2xIOP] [IOP printf] snd_PlayVAGStreamByLoc: VAG Streaming not inited!

[ps2xIOP] [IOP printf] snd_PlayVAGStreamByLoc: VAG Streaming not inited!

[ps2xIOP] [IOP printf] snd_PlayVAGStreamByLoc: VAG Streaming not inited!

[ps2xIOP] [IOP printf] snd_PlayVAGStreamByLoc: VAG Streaming not inited!

[ps2xIOP] [IOP printf] snd_PlayVAGStreamByLoc: VAG Streaming not inited!

[ps2xIOP] [IOP printf] snd_PlayVAGStreamByLoc: VAG Streaming not inited!

[performance] host_tick=1680 host_hz=59.8449 ee_clock_ratio=0.922627 ee_cycle=6709383135
[boot-snapshot] host_tick=1680 running=0 thread=1:pc=0x238c50:ra=0x238c50:priority=0:status=1:wait=0:wait_id=0
[ps2xIOP] [IOP printf] snd_PlayVAGStreamByLoc: VAG Streaming not inited!

[ps2xIOP] [IOP printf] snd_PlayVAGStreamByLoc: VAG Streaming not inited!

[ps2xIOP] [IOP printf] snd_PlayVAGStreamByLoc: VAG Streaming not inited!

[ps2xIOP] [IOP printf] snd_PlayVAGStreamByLoc: VAG Streaming not inited!

[ps2xIOP] [IOP printf] snd_PlayVAGStreamByLoc: VAG Streaming not inited!

[ps2xIOP] [IOP printf] snd_PlayVAGStreamByLoc: VAG Streaming not inited!

[ps2xIOP] [IOP printf] snd_PlayVAGStreamByLoc: VAG Streaming not inited!

[ps2xIOP] [IOP printf] snd_PlayVAGStreamByLoc: VAG Streaming not inited!

[ps2xIOP] [IOP printf] snd_PlayVAGStreamByLoc: VAG Streaming not inited!

[ps2xIOP] [IOP printf] snd_PlayVAGStreamByLoc: VAG Streaming not inited!

[ps2xIOP] [IOP printf] snd_PlayVAGStreamByLoc: VAG Streaming not inited!

[ps2xIOP] [IOP printf] snd_PlayVAGStreamByLoc: VAG Streaming not inited!

[ps2xIOP] [IOP printf] snd_PlayVAGStreamByLoc: VAG Streaming not inited!

[ps2xIOP] [IOP printf] snd_PlayVAGStreamByLoc: VAG Streaming not inited!

[ps2xIOP] [IOP printf] snd_PlayVAGStreamByLoc: VAG Streaming not inited!

[ps2xIOP] [IOP printf] snd_PlayVAGStreamByLoc: VAG Streaming not inited!

[ps2xIOP] [IOP printf] snd_PlayVAGStreamByLoc: VAG Streaming not inited!

[ps2xIOP] [IOP printf] snd_PlayVAGStreamByLoc: VAG Streaming not inited!

[ps2xIOP] [IOP printf] snd_PlayVAGStreamByLoc: VAG Streaming not inited!

[ps2xIOP] [IOP printf] snd_PlayVAGStreamByLoc: VAG Streaming not inited!

[ps2xIOP] [IOP printf] snd_PlayVAGStreamByLoc: VAG Streaming not inited!

[ps2xIOP] [IOP printf] snd_PlayVAGStreamByLoc: VAG Streaming not inited!

[ps2xIOP] [IOP printf] snd_PlayVAGStreamByLoc: VAG Streaming not inited!

[ps2xIOP] [IOP printf] snd_PlayVAGStreamByLoc: VAG Streaming not inited!

[ps2xIOP] [IOP printf] snd_PlayVAGStreamByLoc: VAG Streaming not inited!

[ps2xIOP] [IOP printf] snd_PlayVAGStreamByLoc: VAG Streaming not inited!

[ps2xIOP] [IOP printf] snd_PlayVAGStreamByLoc: VAG Streaming not inited!

[ps2xIOP] [IOP printf] snd_PlayVAGStreamByLoc: VAG Streaming not inited!

[ps2xIOP] [IOP printf] snd_PlayVAGStreamByLoc: VAG Streaming not inited!

[ps2xIOP] [IOP printf] snd_PlayVAGStreamByLoc: VAG Streaming not inited!

[ps2xIOP] [IOP printf] snd_PlayVAGStreamByLoc: VAG Streaming not inited!

[ps2xIOP] [IOP printf] snd_PlayVAGStreamByLoc: VAG Streaming not inited!

[ps2xIOP] [IOP printf] snd_PlayVAGStreamByLoc: VAG Streaming not inited!

[ps2xIOP] [IOP printf] snd_PlayVAGStreamByLoc: VAG Streaming not inited!

[ps2xIOP] [IOP printf] snd_PlayVAGStreamByLoc: VAG Streaming not inited!

[ps2xIOP] [IOP printf] snd_PlayVAGStreamByLoc: VAG Streaming not inited!

[ps2xIOP] [IOP printf] snd_PlayVAGStreamByLoc: VAG Streaming not inited!

[ps2xIOP] [IOP printf] snd_PlayVAGStreamByLoc: VAG Streaming not inited!

[ps2xIOP] [IOP printf] snd_PlayVAGStreamByLoc: VAG Streaming not inited!

[ps2xIOP] [IOP printf] snd_PlayVAGStreamByLoc: VAG Streaming not inited!

[ps2xIOP] [IOP printf] snd_PlayVAGStreamByLoc: VAG Streaming not inited!

[ps2xIOP] [IOP printf] snd_PlayVAGStreamByLoc: VAG Streaming not inited!

[ps2xIOP] [IOP printf] snd_PlayVAGStreamByLoc: VAG Streaming not inited!

[ps2xIOP] [IOP printf] snd_PlayVAGStreamByLoc: VAG Streaming not inited!

[ps2xIOP] [IOP printf] snd_PlayVAGStreamByLoc: VAG Streaming not inited!

[ps2xIOP] [IOP printf] snd_PlayVAGStreamByLoc: VAG Streaming not inited!

[ps2xIOP] [IOP printf] snd_PlayVAGStreamByLoc: VAG Streaming not inited!

[ps2xIOP] [IOP printf] snd_PlayVAGStreamByLoc: VAG Streaming not inited!

[ps2xIOP] [IOP printf] snd_PlayVAGStreamByLoc: VAG Streaming not inited!

[ps2xIOP] [IOP printf] snd_PlayVAGStreamByLoc: VAG Streaming not inited!

[ps2xIOP] [IOP printf] snd_PlayVAGStreamByLoc: VAG Streaming not inited!

[ps2xIOP] [IOP printf] snd_PlayVAGStreamByLoc: VAG Streaming not inited!

[ps2xIOP] [IOP printf] snd_PlayVAGStreamByLoc: VAG Streaming not inited!

[ps2xIOP] [IOP printf] snd_PlayVAGStreamByLoc: VAG Streaming not inited!

[ps2xIOP] [IOP printf] snd_PlayVAGStreamByLoc: VAG Streaming not inited!

[ps2xIOP] [IOP printf] snd_PlayVAGStreamByLoc: VAG Streaming not inited!

[ps2xIOP] [IOP printf] snd_PlayVAGStreamByLoc: VAG Streaming not inited!

[ps2xIOP] [IOP printf] snd_PlayVAGStreamByLoc: VAG Streaming not inited!

[ps2xIOP] [IOP printf] snd_PlayVAGStreamByLoc: VAG Streaming not inited!

[ps2xIOP] [IOP printf] snd_PlayVAGStreamByLoc: VAG Streaming not inited!

[ps2xIOP] [IOP printf] snd_PlayVAGStreamByLoc: VAG Streaming not inited!

[ps2xIOP] [IOP printf] snd_PlayVAGStreamByLoc: VAG Streaming not inited!

[ps2xIOP] [IOP printf] snd_PlayVAGStreamByLoc: VAG Streaming not inited!

[ps2xIOP] [IOP printf] snd_PlayVAGStreamByLoc: VAG Streaming not inited!

[ps2xIOP] [IOP printf] snd_PlayVAGStreamByLoc: VAG Streaming not inited!

[ps2xIOP] [IOP printf] snd_PlayVAGStreamByLoc: VAG Streaming not inited!

[ps2xIOP] [IOP printf] snd_PlayVAGStreamByLoc: VAG Streaming not inited!

[ps2xIOP] [IOP printf] snd_PlayVAGStreamByLoc: VAG Streaming not inited!

[ps2xIOP] [IOP printf] snd_PlayVAGStreamByLoc: VAG Streaming not inited!

[ps2xIOP] [IOP printf] snd_PlayVAGStreamByLoc: VAG Streaming not inited!

[ps2xIOP] [IOP printf] snd_PlayVAGStreamByLoc: VAG Streaming not inited!

[ps2xIOP] [IOP printf] snd_PlayVAGStreamByLoc: VAG Streaming not inited!

[ps2xIOP] [IOP printf] snd_PlayVAGStreamByLoc: VAG Streaming not inited!

[ps2xIOP] [IOP printf] snd_PlayVAGStreamByLoc: VAG Streaming not inited!

[ps2xIOP] [IOP printf] snd_PlayVAGStreamByLoc: VAG Streaming not inited!

[ps2xIOP] [IOP printf] snd_PlayVAGStreamByLoc: VAG Streaming not inited!

[ps2xIOP] [IOP printf] snd_PlayVAGStreamByLoc: VAG Streaming not inited!

[ps2xIOP] [IOP printf] snd_PlayVAGStreamByLoc: VAG Streaming not inited!

[ps2xIOP] [IOP printf] snd_PlayVAGStreamByLoc: VAG Streaming not inited!

[ps2xIOP] [IOP printf] snd_PlayVAGStreamByLoc: VAG Streaming not inited!

[ps2xIOP] [IOP printf] snd_PlayVAGStreamByLoc: VAG Streaming not inited!

[ps2xIOP] [IOP printf] snd_PlayVAGStreamByLoc: VAG Streaming not inited!

[ps2xIOP] [IOP printf] snd_PlayVAGStreamByLoc: VAG Streaming not inited!

[ps2xIOP] [IOP printf] snd_PlayVAGStreamByLoc: VAG Streaming not inited!

[ps2xIOP] [IOP printf] snd_PlayVAGStreamByLoc: VAG Streaming not inited!

[ps2xIOP] [IOP printf] snd_PlayVAGStreamByLoc: VAG Streaming not inited!

[ps2xIOP] [IOP printf] snd_PlayVAGStreamByLoc: VAG Streaming not inited!

[ps2xIOP] [IOP printf] snd_PlayVAGStreamByLoc: VAG Streaming not inited!

[ps2xIOP] [IOP printf] snd_PlayVAGStreamByLoc: VAG Streaming not inited!

[ps2xIOP] [IOP printf] snd_PlayVAGStreamByLoc: VAG Streaming not inited!

[ps2xIOP] [IOP printf] snd_PlayVAGStreamByLoc: VAG Streaming not inited!

[ps2xIOP] [IOP printf] snd_PlayVAGStreamByLoc: VAG Streaming not inited!

[ps2xIOP] [IOP printf] snd_PlayVAGStreamByLoc: VAG Streaming not inited!

[ps2xIOP] [IOP printf] snd_PlayVAGStreamByLoc: VAG Streaming not inited!

[ps2xIOP] [IOP printf] snd_PlayVAGStreamByLoc: VAG Streaming not inited!

[ps2xIOP] [IOP printf] snd_PlayVAGStreamByLoc: VAG Streaming not inited!

[ps2xIOP] [IOP printf] snd_PlayVAGStreamByLoc: VAG Streaming not inited!

[ps2xIOP] [IOP printf] snd_PlayVAGStreamByLoc: VAG Streaming not inited!

[ps2xIOP] [IOP printf] snd_PlayVAGStreamByLoc: VAG Streaming not inited!

[ps2xIOP] [IOP printf] snd_PlayVAGStreamByLoc: VAG Streaming not inited!

[ps2xIOP] [IOP printf] snd_PlayVAGStreamByLoc: VAG Streaming not inited!

[ps2xIOP] [IOP printf] snd_PlayVAGStreamByLoc: VAG Streaming not inited!

[ps2xIOP] [IOP printf] snd_PlayVAGStreamByLoc: VAG Streaming not inited!

[ps2xIOP] [IOP printf] snd_PlayVAGStreamByLoc: VAG Streaming not inited!

[ps2xIOP] [IOP printf] snd_PlayVAGStreamByLoc: VAG Streaming not inited!

[ps2xIOP] [IOP printf] snd_PlayVAGStreamByLoc: VAG Streaming not inited!

[ps2xIOP] [IOP printf] snd_PlayVAGStreamByLoc: VAG Streaming not inited!

[ps2xIOP] [IOP printf] snd_PlayVAGStreamByLoc: VAG Streaming not inited!

[ps2xIOP] [IOP printf] snd_PlayVAGStreamByLoc: VAG Streaming not inited!

[ps2xIOP] [IOP printf] snd_PlayVAGStreamByLoc: VAG Streaming not inited!

[ps2xIOP] [IOP printf] snd_PlayVAGStreamByLoc: VAG Streaming not inited!

[ps2xIOP] [IOP printf] snd_PlayVAGStreamByLoc: VAG Streaming not inited!

[ps2xIOP] [IOP printf] snd_PlayVAGStreamByLoc: VAG Streaming not inited!

[ps2xIOP] [IOP printf] snd_PlayVAGStreamByLoc: VAG Streaming not inited!

[ps2xIOP] [IOP printf] snd_PlayVAGStreamByLoc: VAG Streaming not inited!

[ps2xIOP] [IOP printf] snd_PlayVAGStreamByLoc: VAG Streaming not inited!

[ps2xIOP] [IOP printf] snd_PlayVAGStreamByLoc: VAG Streaming not inited!

[ps2xIOP] [IOP printf] snd_PlayVAGStreamByLoc: VAG Streaming not inited!

[ps2xIOP] [IOP printf] snd_PlayVAGStreamByLoc: VAG Streaming not inited!

[ps2xIOP] [IOP printf] snd_PlayVAGStreamByLoc: VAG Streaming not inited!

[ps2xIOP] [IOP printf] snd_PlayVAGStreamByLoc: VAG Streaming not inited!

[ps2xIOP] [IOP printf] snd_PlayVAGStreamByLoc: VAG Streaming not inited!

[ps2xIOP] [IOP printf] snd_PlayVAGStreamByLoc: VAG Streaming not inited!

